timestamp,ltp,bid_qty,ask_qty
2025-06-18 11:01:36.689644,333.25,738323.0,1108365.0
2025-06-18 11:01:37.147624,333.25,738323.0,1108365.0
2025-06-18 11:01:39.039504,333.25,736862.0,1108822.0
2025-06-18 11:01:40.130273,333.25,736862.0,1108822.0
2025-06-18 11:01:41.138415,333.25,736862.0,1108822.0
2025-06-18 11:01:43.135502,333.25,736862.0,1108822.0
2025-06-18 11:01:43.851980,333.25,739453.0,1108221.0
2025-06-18 11:01:46.144146,333.3,739453.0,1108221.0
2025-06-18 11:01:47.147755,333.15,739453.0,1108221.0
2025-06-18 11:01:49.182139,333.3,739453.0,1108221.0
2025-06-18 11:01:49.182532,333.3,738654.0,1106749.0
2025-06-18 11:01:51.151716,333.25,738654.0,1106749.0
2025-06-18 11:01:53.143120,333.25,738654.0,1106749.0
2025-06-18 11:01:54.850829,333.15,731694.0,1113205.0
2025-06-18 11:01:55.150568,333.15,731694.0,1113205.0
2025-06-18 11:01:57.154326,333.15,731694.0,1113205.0
2025-06-18 11:01:59.145570,333.25,731694.0,1113205.0
2025-06-18 11:02:00.159688,333.25,735348.0,1109134.0
2025-06-18 11:02:01.148536,333.25,735348.0,1109134.0
2025-06-18 11:02:03.144876,333.25,735348.0,1109134.0
2025-06-18 11:02:05.205866,333.25,735348.0,1109134.0
2025-06-18 11:02:05.256256,333.25,734353.0,1108996.0
2025-06-18 11:02:07.146457,333.25,734353.0,1108996.0
2025-06-18 11:02:09.145490,333.25,734353.0,1108996.0
2025-06-18 11:02:10.567272,333.25,734393.0,1108499.0
2025-06-18 11:02:12.141053,333.25,734393.0,1108499.0
2025-06-18 11:02:13.149714,333.25,734393.0,1108499.0
2025-06-18 11:02:15.168855,333.2,734393.0,1108499.0
2025-06-18 11:02:16.190750,333.2,734763.0,1112153.0
2025-06-18 11:02:17.149499,333.2,734763.0,1112153.0
2025-06-18 11:02:19.141133,333.2,734763.0,1112153.0
2025-06-18 11:02:21.141780,333.2,734763.0,1112153.0
2025-06-18 11:02:21.269623,333.2,735137.0,1110197.0
2025-06-18 11:02:23.146852,333.2,735137.0,1110197.0
2025-06-18 11:02:25.144502,333.2,735137.0,1110197.0
2025-06-18 11:02:26.483457,333.2,732537.0,1114266.0
2025-06-18 11:02:28.141083,332.85,732537.0,1114266.0
2025-06-18 11:02:29.153840,333.05,732537.0,1114266.0
2025-06-18 11:02:31.485896,333.15,729321.0,1115809.0
2025-06-18 11:02:32.152097,333.2,729321.0,1115809.0
2025-06-18 11:02:33.151213,333.15,729321.0,1115809.0
2025-06-18 11:02:35.154804,333.2,729321.0,1115809.0
2025-06-18 11:02:36.879086,333.2,739954.0,1113610.0
2025-06-18 11:02:37.153346,333.2,739954.0,1113610.0
2025-06-18 11:02:39.197939,333.2,739954.0,1113610.0
2025-06-18 11:02:41.146360,333.2,739954.0,1113610.0
2025-06-18 11:02:42.188589,333.2,738269.0,1113599.0
2025-06-18 11:02:44.149514,333.2,738269.0,1113599.0
2025-06-18 11:02:45.179539,333.2,738269.0,1113599.0
2025-06-18 11:02:47.157804,333.2,738269.0,1113599.0
2025-06-18 11:02:47.389976,333.2,737651.0,1113943.0
2025-06-18 11:02:49.154823,333.2,737651.0,1113943.0
2025-06-18 11:02:51.232386,333.2,737651.0,1113943.0
2025-06-18 11:02:52.791017,333.2,739414.0,1114433.0
2025-06-18 11:02:53.154740,333.2,739414.0,1114433.0
2025-06-18 11:02:55.151799,333.15,739414.0,1114433.0
2025-06-18 11:02:57.156384,333.2,739414.0,1114433.0
2025-06-18 11:02:57.996438,333.2,739058.0,1112778.0
2025-06-18 11:02:59.154784,333.2,739058.0,1112778.0
2025-06-18 11:03:01.148370,333.2,739058.0,1112778.0
2025-06-18 11:03:02.096636,333.2,738014.0,1113354.0
2025-06-18 11:03:02.140332,333.2,738014.0,1113354.0
2025-06-18 11:03:03.043703,333.2,737694.0,1114315.0
2025-06-18 11:03:03.144329,333.2,737694.0,1114315.0
2025-06-18 11:03:03.999571,333.2,736671.0,1114542.0
2025-06-18 11:03:04.148840,333.2,736671.0,1114542.0
2025-06-18 11:03:04.897847,333.2,737166.0,1112636.0
2025-06-18 11:03:05.143538,333.2,737166.0,1112636.0
2025-06-18 11:03:05.898537,333.2,737812.0,1112418.0
2025-06-18 11:03:06.144175,333.15,737812.0,1112418.0
2025-06-18 11:03:06.901760,333.2,737458.0,1113500.0
2025-06-18 11:03:07.145268,333.2,737458.0,1113500.0
2025-06-18 11:03:07.899666,333.2,737888.0,1112588.0
2025-06-18 11:03:08.146783,333.2,737888.0,1112588.0
2025-06-18 11:03:09.000610,333.2,736882.0,1112724.0
2025-06-18 11:03:09.147570,333.2,736882.0,1112724.0
2025-06-18 11:03:10.101315,333.2,735939.0,1113395.0
2025-06-18 11:03:10.142933,333.2,735939.0,1113395.0
2025-06-18 11:03:11.147104,333.2,735939.0,1113395.0
2025-06-18 11:03:11.801486,333.2,735545.0,1114506.0
2025-06-18 11:03:12.144190,333.2,735545.0,1114506.0
2025-06-18 11:03:12.901635,333.2,735771.0,1114775.0
2025-06-18 11:03:13.143809,333.2,735771.0,1114775.0
2025-06-18 11:03:14.002085,333.2,736279.0,1114599.0
2025-06-18 11:03:14.151258,333.2,736279.0,1114599.0
2025-06-18 11:03:15.102722,333.2,736397.0,1114436.0
2025-06-18 11:03:15.142443,333.2,736397.0,1114436.0
2025-06-18 11:03:16.102871,333.15,736469.0,1114019.0
2025-06-18 11:03:16.148137,333.15,736469.0,1114019.0
2025-06-18 11:03:17.147032,333.2,736469.0,1114019.0
2025-06-18 11:03:17.204430,333.2,736917.0,1114379.0
2025-06-18 11:03:18.146687,333.2,736917.0,1114379.0
2025-06-18 11:03:18.302136,333.2,737651.0,1114532.0
2025-06-18 11:03:19.148248,333.2,737651.0,1114532.0
2025-06-18 11:03:19.403078,333.2,739026.0,1114359.0
2025-06-18 11:03:20.152444,333.2,739026.0,1114359.0
2025-06-18 11:03:20.504386,333.2,739545.0,1114267.0
2025-06-18 11:03:21.205072,333.2,739545.0,1114267.0
2025-06-18 11:03:21.405103,333.2,738979.0,1114648.0
2025-06-18 11:03:22.169042,333.2,738979.0,1114648.0
2025-06-18 11:03:22.504299,333.2,740210.0,1114261.0
2025-06-18 11:03:23.150477,333.2,740210.0,1114261.0
2025-06-18 11:03:23.605488,333.2,740211.0,1114211.0
2025-06-18 11:03:24.151428,333.2,740211.0,1114211.0
2025-06-18 11:03:24.707096,333.2,740466.0,1114447.0
2025-06-18 11:03:25.146090,333.2,740466.0,1114447.0
2025-06-18 11:03:25.806806,333.2,741596.0,1112441.0
2025-06-18 11:03:26.150337,333.15,741596.0,1112441.0
2025-06-18 11:03:26.909688,333.2,742288.0,1112410.0
2025-06-18 11:03:27.147156,333.2,742288.0,1112410.0
2025-06-18 11:03:27.909310,333.2,741841.0,1112729.0
2025-06-18 11:03:28.149655,333.2,741841.0,1112729.0
2025-06-18 11:03:28.911176,333.2,744226.0,1107587.0
2025-06-18 11:03:29.148907,333.2,744226.0,1107587.0
2025-06-18 11:03:30.009434,333.2,743777.0,1109061.0
2025-06-18 11:03:30.146020,333.2,743777.0,1109061.0
2025-06-18 11:03:31.112521,333.2,744885.0,1109782.0
2025-06-18 11:03:31.153449,333.2,744885.0,1109782.0
2025-06-18 11:03:32.150907,333.2,744885.0,1109782.0
2025-06-18 11:03:32.213374,333.2,745076.0,1112560.0
2025-06-18 11:03:33.147311,333.2,745076.0,1112560.0
2025-06-18 11:03:33.313777,333.2,746349.0,1112476.0
2025-06-18 11:03:34.154454,333.2,746349.0,1112476.0
2025-06-18 11:03:34.914334,333.2,748307.0,1109060.0
2025-06-18 11:03:35.149754,333.2,748307.0,1109060.0
2025-06-18 11:03:35.913773,333.2,749330.0,1111813.0
2025-06-18 11:03:36.222653,333.2,749330.0,1111813.0
2025-06-18 11:03:37.018976,333.2,749550.0,1111793.0
2025-06-18 11:03:37.150836,333.2,749550.0,1111793.0
2025-06-18 11:03:38.015089,333.2,749472.0,1111071.0
2025-06-18 11:03:38.152164,333.2,749472.0,1111071.0
2025-06-18 11:03:39.116258,333.2,750982.0,1110957.0
2025-06-18 11:03:39.147412,333.2,750982.0,1110957.0
2025-06-18 11:03:40.121786,333.2,750697.0,1110933.0
2025-06-18 11:03:40.146213,333.2,750697.0,1110933.0
2025-06-18 11:03:41.169395,333.2,750697.0,1110933.0
2025-06-18 11:03:41.318593,333.2,751267.0,1111625.0
2025-06-18 11:03:42.157101,333.2,751267.0,1111625.0
2025-06-18 11:03:42.318808,333.2,751137.0,1112585.0
2025-06-18 11:03:43.154660,333.25,751137.0,1112585.0
2025-06-18 11:03:43.317710,333.2,751171.0,1110141.0
2025-06-18 11:03:44.155095,333.2,751171.0,1110141.0
2025-06-18 11:03:44.418757,333.2,750215.0,1109885.0
2025-06-18 11:03:45.167411,333.3,750215.0,1109885.0
2025-06-18 11:03:45.421412,333.3,750784.0,1109736.0
2025-06-18 11:03:46.022374,333.3,750784.0,1109736.0
2025-06-18 11:03:46.169472,333.3,750784.0,1109736.0
2025-06-18 11:03:46.619959,333.25,750140.0,1112199.0
2025-06-18 11:03:47.071299,333.25,750140.0,1112199.0
2025-06-18 11:03:47.173742,333.25,750140.0,1112199.0
2025-06-18 11:03:47.519615,333.25,750185.0,1110682.0
2025-06-18 11:03:47.989993,333.25,750185.0,1110682.0
2025-06-18 11:03:48.163409,333.25,750185.0,1110682.0
2025-06-18 11:03:48.620261,333.25,750722.0,1105808.0
2025-06-18 11:03:48.889212,333.25,750722.0,1105808.0
2025-06-18 11:03:49.159870,333.25,750722.0,1105808.0
2025-06-18 11:03:49.720872,333.25,750812.0,1107306.0
2025-06-18 11:03:49.744627,333.25,750812.0,1107306.0
2025-06-18 11:03:50.155735,333.2,750812.0,1107306.0
2025-06-18 11:03:50.551411,333.2,750812.0,1107306.0
2025-06-18 11:03:50.721628,333.2,747499.0,1112729.0
2025-06-18 11:03:51.167908,333.15,747499.0,1112729.0
2025-06-18 11:03:51.587294,333.15,747499.0,1112729.0
2025-06-18 11:03:51.723971,333.2,747025.0,1112081.0
2025-06-18 11:03:52.193877,333.2,747025.0,1112081.0
2025-06-18 11:03:52.197244,333.2,747025.0,1112081.0
2025-06-18 11:03:52.724881,333.2,748679.0,1112089.0
2025-06-18 11:03:53.067494,333.2,748679.0,1112089.0
2025-06-18 11:03:53.197492,333.2,748679.0,1112089.0
2025-06-18 11:03:53.437723,333.2,748679.0,1112089.0
2025-06-18 11:03:53.825977,333.2,747692.0,1116712.0
2025-06-18 11:03:54.184874,333.2,747692.0,1116712.0
2025-06-18 11:03:54.448679,333.2,747692.0,1116712.0
2025-06-18 11:03:54.824384,333.2,747674.0,1116627.0
2025-06-18 11:03:55.161356,333.2,747674.0,1116627.0
2025-06-18 11:03:55.719766,333.2,747674.0,1116627.0
2025-06-18 11:03:55.828926,333.2,747996.0,1115832.0
2025-06-18 11:03:56.162730,333.2,747996.0,1115832.0
2025-06-18 11:03:56.580974,333.2,747996.0,1115832.0
2025-06-18 11:03:56.829709,333.2,747940.0,1116528.0
2025-06-18 11:04:00.410787,333.2,747940.0,1116528.0
2025-06-18 11:04:00.459072,333.2,748001.0,1116153.0
2025-06-18 11:04:00.463060,333.2,748001.0,1116153.0
2025-06-18 11:04:00.466644,333.2,748001.0,1116153.0
2025-06-18 11:04:00.510407,333.2,749577.0,1116012.0
2025-06-18 11:04:00.512703,333.2,749577.0,1116012.0
2025-06-18 11:04:00.514471,333.2,749577.0,1116012.0
2025-06-18 11:04:00.547555,333.2,751513.0,1113070.0
2025-06-18 11:04:00.548843,333.2,751513.0,1113070.0
2025-06-18 11:04:00.551016,333.2,751513.0,1113070.0
2025-06-18 11:04:01.185603,333.2,751513.0,1113070.0
2025-06-18 11:04:01.630447,333.2,751005.0,1116428.0
2025-06-18 11:04:01.917632,333.2,751005.0,1116428.0
2025-06-18 11:04:02.154895,333.15,751005.0,1116428.0
2025-06-18 11:04:02.531306,333.2,745652.0,1116445.0
2025-06-18 11:04:03.195089,333.2,745652.0,1116445.0
2025-06-18 11:04:03.535406,333.2,745598.0,1115162.0
2025-06-18 11:04:04.156635,333.15,745598.0,1115162.0
2025-06-18 11:04:04.532554,333.2,745579.0,1112773.0
2025-06-18 11:04:05.154630,333.2,745579.0,1112773.0
2025-06-18 11:04:05.632283,333.2,747170.0,1112477.0
2025-06-18 11:04:06.154456,333.2,747170.0,1112477.0
2025-06-18 11:04:06.532070,333.2,749289.0,1112827.0
2025-06-18 11:04:07.153128,333.15,749289.0,1112827.0
2025-06-18 11:04:07.535800,333.2,746928.0,1110535.0
2025-06-18 11:04:08.162299,333.2,746928.0,1110535.0
2025-06-18 11:04:08.640968,333.2,749412.0,1113120.0
2025-06-18 11:04:09.149784,333.2,749412.0,1113120.0
2025-06-18 11:04:09.738624,333.2,749008.0,1112793.0
2025-06-18 11:04:10.155460,333.2,749008.0,1112793.0
2025-06-18 11:04:10.738249,333.2,748617.0,1112379.0
2025-06-18 11:04:11.152924,333.2,748617.0,1112379.0
2025-06-18 11:04:11.840122,333.2,748687.0,1112370.0
2025-06-18 11:04:12.158359,333.2,748687.0,1112370.0
2025-06-18 11:04:12.941673,333.2,748392.0,1111840.0
2025-06-18 11:04:13.151556,333.2,748392.0,1111840.0
2025-06-18 11:04:14.042311,333.2,748786.0,1112621.0
2025-06-18 11:04:14.154282,333.2,748786.0,1112621.0
2025-06-18 11:04:15.147133,333.2,746625.0,1112940.0
2025-06-18 11:04:15.151106,333.2,746625.0,1112940.0
2025-06-18 11:04:16.147246,333.15,746155.0,1113063.0
2025-06-18 11:04:16.158988,333.15,746155.0,1113063.0
2025-06-18 11:04:17.147901,333.2,746302.0,1112878.0
2025-06-18 11:04:17.154276,333.2,746302.0,1112878.0
2025-06-18 11:04:18.044246,333.2,746393.0,1113154.0
2025-06-18 11:04:18.152691,333.2,746393.0,1113154.0
2025-06-18 11:04:19.044623,333.2,746494.0,1112918.0
2025-06-18 11:04:19.185791,333.2,746494.0,1112918.0
2025-06-18 11:04:20.151823,333.2,746494.0,1112918.0
2025-06-18 11:04:20.184044,333.2,748515.0,1112648.0
2025-06-18 11:04:21.163811,333.2,748515.0,1112648.0
2025-06-18 11:04:21.255334,333.2,748745.0,1112511.0
2025-06-18 11:04:22.149170,333.2,748745.0,1112511.0
2025-06-18 11:04:22.354989,333.2,748745.0,1112574.0
2025-06-18 11:04:23.152306,333.2,748745.0,1112574.0
2025-06-18 11:04:23.463492,333.2,749146.0,1113096.0
2025-06-18 11:04:24.158089,333.2,749146.0,1113096.0
2025-06-18 11:04:24.465538,333.2,748787.0,1112514.0
2025-06-18 11:04:25.156728,333.2,748787.0,1112514.0
2025-06-18 11:04:25.557255,333.2,748730.0,1113055.0
2025-06-18 11:04:26.151911,333.15,748730.0,1113055.0
2025-06-18 11:04:26.660028,333.15,744148.0,1112914.0
2025-06-18 11:04:27.154764,333.15,744148.0,1112914.0
2025-06-18 11:04:27.760957,333.2,743952.0,1112849.0
2025-06-18 11:04:28.151614,333.2,743952.0,1112849.0
2025-06-18 11:04:28.667447,333.2,743951.0,1113129.0
2025-06-18 11:04:29.662148,333.2,743639.0,1113376.0
2025-06-18 11:04:30.151231,333.2,743639.0,1113376.0
2025-06-18 11:04:30.762100,333.2,743905.0,1112818.0
2025-06-18 11:04:31.153406,333.2,743905.0,1112818.0
2025-06-18 11:04:31.763588,333.2,744709.0,1112878.0
2025-06-18 11:04:32.152772,333.2,744709.0,1112878.0
2025-06-18 11:04:32.865336,333.2,744707.0,1112250.0
2025-06-18 11:04:33.159406,333.2,744707.0,1112250.0
2025-06-18 11:04:33.865272,333.2,744454.0,1112217.0
2025-06-18 11:04:34.159356,333.2,744454.0,1112217.0
2025-06-18 11:04:35.023640,333.2,745048.0,1112759.0
2025-06-18 11:04:35.161125,333.2,745048.0,1112759.0
2025-06-18 11:04:36.067276,333.15,744643.0,1112406.0
2025-06-18 11:04:36.155510,333.15,744643.0,1112406.0
2025-06-18 11:04:37.156841,333.2,744643.0,1112406.0
2025-06-18 11:04:37.178764,333.2,742998.0,1112472.0
2025-06-18 11:04:38.150624,333.2,742998.0,1112472.0
2025-06-18 11:04:38.167890,333.2,744539.0,1112257.0
2025-06-18 11:04:39.155961,333.2,744539.0,1112257.0
2025-06-18 11:04:39.265861,333.2,744818.0,1111999.0
2025-06-18 11:04:40.150994,333.15,744818.0,1111999.0
2025-06-18 11:04:40.266795,333.15,744912.0,1110783.0
2025-06-18 11:04:41.148350,333.2,744912.0,1110783.0
2025-06-18 11:04:41.366626,333.2,744915.0,1110803.0
2025-06-18 11:04:42.156700,333.2,744915.0,1110803.0
2025-06-18 11:04:42.481409,333.2,744033.0,1111919.0
2025-06-18 11:04:43.165316,333.2,744033.0,1111919.0
2025-06-18 11:04:43.568023,333.2,743854.0,1111927.0
2025-06-18 11:04:44.155981,333.15,743854.0,1111927.0
2025-06-18 11:04:44.756503,333.15,743701.0,1111487.0
2025-06-18 11:04:45.156495,333.2,743701.0,1111487.0
2025-06-18 11:04:45.768129,333.2,743700.0,1111882.0
2025-06-18 11:04:46.155736,333.15,743700.0,1111882.0
2025-06-18 11:04:46.770432,333.15,743877.0,1111859.0
2025-06-18 11:04:47.781241,333.2,743698.0,1112256.0
2025-06-18 11:04:48.159017,333.2,743698.0,1112256.0
2025-06-18 11:04:48.768607,333.15,743816.0,1111438.0
2025-06-18 11:04:49.157164,333.2,743816.0,1111438.0
2025-06-18 11:04:49.770298,333.2,744157.0,1111246.0
2025-06-18 11:04:50.157680,333.15,744157.0,1111246.0
2025-06-18 11:04:50.871464,333.2,743957.0,1111007.0
2025-06-18 11:04:51.154379,333.2,743957.0,1111007.0
2025-06-18 11:04:51.871929,333.2,743792.0,1111176.0
2025-06-18 11:04:52.169521,333.2,743792.0,1111176.0
2025-06-18 11:04:52.987210,333.2,743966.0,1110807.0
2025-06-18 11:04:53.148371,333.2,743966.0,1110807.0
2025-06-18 11:04:53.984266,333.2,744042.0,1110694.0
2025-06-18 11:04:54.159840,333.2,744042.0,1110694.0
2025-06-18 11:04:54.982405,333.2,744875.0,1110722.0
2025-06-18 11:04:55.153111,333.2,744875.0,1110722.0
2025-06-18 11:04:55.987344,333.2,745026.0,1111427.0
2025-06-18 11:04:56.148003,333.15,745026.0,1111427.0
2025-06-18 11:04:57.077293,333.15,745000.0,1110693.0
2025-06-18 11:04:57.208216,333.15,745000.0,1110693.0
2025-06-18 11:04:58.159081,333.15,745000.0,1110693.0
2025-06-18 11:04:58.184229,333.15,744913.0,1111713.0
2025-06-18 11:04:59.156181,333.2,744913.0,1111713.0
2025-06-18 11:04:59.280981,333.2,744604.0,1111313.0
2025-06-18 11:05:00.155832,333.2,744604.0,1111313.0
2025-06-18 11:05:00.378706,333.2,744434.0,1111231.0
2025-06-18 11:05:01.184278,333.2,744434.0,1111231.0
2025-06-18 11:05:05.170604,333.2,744434.0,1111231.0
2025-06-18 11:05:05.176956,333.2,744286.0,1111355.0
2025-06-18 11:05:05.207927,333.2,744286.0,1111355.0
2025-06-18 11:05:07.392367,333.2,744286.0,1111355.0
2025-06-18 11:05:09.207684,333.2,744286.0,1111355.0
2025-06-18 11:05:09.991596,333.2,748806.0,1110655.0
2025-06-18 11:05:11.163908,333.2,748806.0,1110655.0
2025-06-18 11:05:13.164147,333.2,748806.0,1110655.0
2025-06-18 11:05:15.167280,333.2,748806.0,1110655.0
2025-06-18 11:05:15.495424,333.2,748851.0,1111200.0
2025-06-18 11:05:17.176098,333.15,748851.0,1111200.0
2025-06-18 11:05:19.204805,333.2,748851.0,1111200.0
2025-06-18 11:05:20.892783,333.2,748454.0,1111346.0
2025-06-18 11:05:21.188720,333.2,748454.0,1111346.0
2025-06-18 11:05:23.205155,333.15,748454.0,1111346.0
2025-06-18 11:05:25.157556,333.2,748454.0,1111346.0
2025-06-18 11:05:25.790944,333.2,748641.0,1111381.0
2025-06-18 11:05:27.181907,333.2,748641.0,1111381.0
2025-06-18 11:05:29.174295,333.2,748641.0,1111381.0
2025-06-18 11:05:30.592073,333.2,745499.0,1110616.0
2025-06-18 11:05:32.170209,333.15,745499.0,1110616.0
2025-06-18 11:05:33.207823,333.15,745499.0,1110616.0
2025-06-18 11:05:35.212649,333.2,745499.0,1110616.0
2025-06-18 11:05:35.896665,333.2,743451.0,1110249.0
2025-06-18 11:05:37.175228,333.2,743451.0,1110249.0
2025-06-18 11:05:39.280313,333.2,743451.0,1110249.0
2025-06-18 11:05:41.168281,333.2,743451.0,1110249.0
2025-06-18 11:05:41.410105,333.2,746061.0,1111741.0
2025-06-18 11:05:43.175668,333.2,746061.0,1111741.0
2025-06-18 11:05:45.164963,333.2,746061.0,1111741.0
2025-06-18 11:05:46.203294,333.2,746097.0,1112073.0
2025-06-18 11:05:47.193487,333.2,746097.0,1112073.0
2025-06-18 11:05:49.182356,333.2,746097.0,1112073.0
2025-06-18 11:05:51.178255,333.1,746097.0,1112073.0
2025-06-18 11:05:51.305288,333.1,741736.0,1118570.0
2025-06-18 11:05:53.166469,333.2,741736.0,1118570.0
2025-06-18 11:05:55.171049,333.2,741736.0,1118570.0
2025-06-18 11:05:56.517583,333.2,732003.0,1112199.0
2025-06-18 11:05:57.193751,333.2,732003.0,1112199.0
2025-06-18 11:05:59.170573,333.2,732003.0,1112199.0
2025-06-18 11:06:01.170668,333.15,732003.0,1112199.0
2025-06-18 11:06:01.213865,333.15,731692.0,1113242.0
2025-06-18 11:06:03.165702,333.2,731692.0,1113242.0
2025-06-18 11:06:05.163403,333.15,731692.0,1113242.0
2025-06-18 11:06:06.020424,333.2,730727.0,1114533.0
2025-06-18 11:06:07.170505,333.2,730727.0,1114533.0
2025-06-18 11:06:09.172639,333.15,730727.0,1114533.0
2025-06-18 11:06:11.019454,333.15,732159.0,1114837.0
2025-06-18 11:06:11.211766,333.15,732159.0,1114837.0
2025-06-18 11:06:13.192612,333.15,732159.0,1114837.0
2025-06-18 11:06:15.193413,333.15,732159.0,1114837.0
2025-06-18 11:06:16.025556,333.05,729100.0,1118474.0
2025-06-18 11:06:17.174829,333.05,729100.0,1118474.0
2025-06-18 11:06:19.166200,333.15,729100.0,1118474.0
2025-06-18 11:06:21.025077,333.15,730285.0,1117545.0
2025-06-18 11:06:22.160875,333.15,730285.0,1117545.0
2025-06-18 11:06:23.174686,333.15,730285.0,1117545.0
2025-06-18 11:06:25.178647,333.1,730285.0,1117545.0
2025-06-18 11:06:26.029272,333.05,728776.0,1120147.0
2025-06-18 11:06:27.171236,333.1,728776.0,1120147.0
2025-06-18 11:06:29.176545,333.1,728776.0,1120147.0
2025-06-18 11:06:30.735132,333.1,729253.0,1120122.0
2025-06-18 11:06:31.195528,333.1,729253.0,1120122.0
2025-06-18 11:06:33.175746,333.1,729253.0,1120122.0
2025-06-18 11:06:35.189614,333.1,729253.0,1120122.0
2025-06-18 11:06:35.436785,333.1,729853.0,1119901.0
2025-06-18 11:06:37.168316,333.1,729853.0,1119901.0
2025-06-18 11:06:39.173123,333.1,729853.0,1119901.0
2025-06-18 11:06:40.437716,333.1,728415.0,1120228.0
2025-06-18 11:06:41.168004,333.1,728415.0,1120228.0
2025-06-18 11:06:43.171581,333.1,728415.0,1120228.0
2025-06-18 11:06:45.164857,333.1,728415.0,1120228.0
2025-06-18 11:06:45.442944,333.1,729451.0,1120099.0
2025-06-18 11:06:46.756045,333.1,729451.0,1120099.0
2025-06-18 11:06:47.179474,333.1,729451.0,1120099.0
2025-06-18 11:06:47.611370,333.1,729451.0,1120099.0
2025-06-18 11:06:48.549506,333.1,729451.0,1120099.0
2025-06-18 11:06:49.761167,332.95,729451.0,1120099.0
2025-06-18 11:06:49.764920,332.95,729451.0,1120099.0
2025-06-18 11:06:50.280317,332.95,729451.0,1120099.0
2025-06-18 11:06:50.441567,333.0,715481.0,1128701.0
2025-06-18 11:06:51.051273,333.0,715481.0,1128701.0
2025-06-18 11:06:51.161713,333.05,715481.0,1128701.0
2025-06-18 11:06:52.036061,333.05,715481.0,1128701.0
2025-06-18 11:06:53.168493,333.05,715481.0,1128701.0
2025-06-18 11:06:53.514179,333.05,715481.0,1128701.0
2025-06-18 11:06:54.754143,333.05,715481.0,1128701.0
2025-06-18 11:06:55.174227,333.05,715481.0,1128701.0
2025-06-18 11:06:55.346579,333.05,717622.0,1127122.0
2025-06-18 11:06:56.238610,333.05,717622.0,1127122.0
2025-06-18 11:06:57.102019,333.05,717622.0,1127122.0
2025-06-18 11:06:57.164984,333.05,717622.0,1127122.0
2025-06-18 11:06:58.515167,333.05,717622.0,1127122.0
2025-06-18 11:06:59.164218,333.05,717622.0,1127122.0
2025-06-18 11:06:59.665964,333.05,717622.0,1127122.0
2025-06-18 11:07:00.246972,333.05,718961.0,1126868.0
2025-06-18 11:07:00.821447,333.05,718961.0,1126868.0
2025-06-18 11:07:01.166988,333.05,718961.0,1126868.0
2025-06-18 11:07:01.550909,333.05,718948.0,1126464.0
2025-06-18 11:07:02.283118,333.05,718948.0,1126464.0
2025-06-18 11:07:02.656925,333.05,719054.0,1126189.0
2025-06-18 11:07:03.159433,333.05,719054.0,1126189.0
2025-06-18 11:07:05.036651,333.05,719054.0,1126188.0
2025-06-18 11:07:05.082430,332.9,719054.0,1126188.0
2025-06-18 11:07:05.115029,332.9,715311.0,1130135.0
2025-06-18 11:07:05.169635,332.9,715311.0,1130135.0
2025-06-18 11:07:05.852345,332.85,716372.0,1128124.0
2025-06-18 11:07:06.161987,332.85,716372.0,1128124.0
2025-06-18 11:07:06.860420,332.85,716501.0,1128210.0
2025-06-18 11:07:07.159544,333.0,716501.0,1128210.0
2025-06-18 11:07:10.437720,333.0,716602.0,1128810.0
2025-06-18 11:07:10.484173,333.0,716602.0,1128810.0
2025-06-18 11:07:10.526190,333.0,716615.0,1129321.0
2025-06-18 11:07:10.531364,332.95,716615.0,1129321.0
2025-06-18 11:07:10.537015,332.85,716263.0,1130354.0
2025-06-18 11:07:10.575534,332.85,716263.0,1130354.0
2025-06-18 11:07:10.859609,332.95,716009.0,1130429.0
2025-06-18 11:07:11.164948,332.95,716009.0,1130429.0
2025-06-18 11:07:11.859280,332.85,715952.0,1130607.0
2025-06-18 11:07:12.168561,332.85,715952.0,1130607.0
2025-06-18 11:07:12.860997,332.95,714974.0,1130510.0
2025-06-18 11:07:13.164217,332.95,714974.0,1130510.0
2025-06-18 11:07:13.860465,332.85,715046.0,1130507.0
2025-06-18 11:07:14.160933,332.85,715046.0,1130507.0
2025-06-18 11:07:14.961716,332.95,714619.0,1129573.0
2025-06-18 11:07:15.161518,332.95,714619.0,1129573.0
2025-06-18 11:07:15.958739,332.95,714771.0,1131741.0
2025-06-18 11:07:16.165281,332.95,714771.0,1131741.0
2025-06-18 11:07:16.961602,332.95,714468.0,1130393.0
2025-06-18 11:07:17.168755,332.95,714468.0,1130393.0
2025-06-18 11:07:18.061275,332.95,716738.0,1128881.0
2025-06-18 11:07:18.169120,332.95,716738.0,1128881.0
2025-06-18 11:07:19.064254,332.95,716980.0,1128728.0
2025-06-18 11:07:19.164437,332.95,716980.0,1128728.0
2025-06-18 11:07:20.061090,332.95,717248.0,1128638.0
2025-06-18 11:07:20.160526,332.95,717248.0,1128638.0
2025-06-18 11:07:21.059716,332.95,718207.0,1127537.0
2025-06-18 11:07:21.167695,332.95,718207.0,1127537.0
2025-06-18 11:07:22.195631,333.0,718574.0,1129912.0
2025-06-18 11:07:22.200355,333.0,718574.0,1129912.0
2025-06-18 11:07:23.060285,333.05,719143.0,1125332.0
2025-06-18 11:07:23.164212,333.05,719143.0,1125332.0
2025-06-18 11:07:24.062186,332.95,717613.0,1126972.0
2025-06-18 11:07:24.164277,332.95,717613.0,1126972.0
2025-06-18 11:07:25.166083,333.05,717613.0,1126972.0
2025-06-18 11:07:25.167147,333.05,718057.0,1127220.0
2025-06-18 11:07:26.219685,333.05,718057.0,1127220.0
2025-06-18 11:07:26.261044,333.0,717746.0,1126222.0
2025-06-18 11:07:27.170901,333.0,717746.0,1126222.0
2025-06-18 11:07:27.362225,333.0,717794.0,1127160.0
2025-06-18 11:07:28.167627,333.05,717794.0,1127160.0
2025-06-18 11:07:28.459945,333.05,717564.0,1128137.0
2025-06-18 11:07:29.175348,332.95,717564.0,1128137.0
2025-06-18 11:07:29.461259,332.95,717220.0,1131262.0
2025-06-18 11:07:30.192760,332.95,717220.0,1131262.0
2025-06-18 11:07:30.465656,332.95,710304.0,1131147.0
2025-06-18 11:07:31.567705,332.95,717747.0,1130854.0
2025-06-18 11:07:32.177690,332.95,717747.0,1130854.0
2025-06-18 11:07:32.562329,332.95,717818.0,1130972.0
2025-06-18 11:07:33.169323,332.95,717818.0,1130972.0
2025-06-18 11:07:33.461692,332.95,716962.0,1131688.0
2025-06-18 11:07:34.170007,332.95,716962.0,1131688.0
2025-06-18 11:07:34.364164,332.95,717041.0,1131677.0
2025-06-18 11:07:35.163379,332.95,717041.0,1131677.0
2025-06-18 11:07:35.464333,332.95,716447.0,1131469.0
2025-06-18 11:07:36.164159,332.9,716447.0,1131469.0
2025-06-18 11:07:36.479652,332.9,716508.0,1131305.0
2025-06-18 11:07:37.167914,332.95,716508.0,1131305.0
2025-06-18 11:07:37.470852,332.95,716517.0,1131302.0
2025-06-18 11:07:38.167760,332.95,716517.0,1131302.0
2025-06-18 11:07:38.477862,332.9,716493.0,1131372.0
2025-06-18 11:07:39.206794,332.85,716493.0,1131372.0
2025-06-18 11:07:39.561050,332.85,714205.0,1138849.0
2025-06-18 11:07:40.199519,332.9,714205.0,1138849.0
2025-06-18 11:07:40.477739,332.9,714854.0,1136123.0
2025-06-18 11:07:41.169644,332.85,714854.0,1136123.0
2025-06-18 11:07:41.570482,332.9,716020.0,1136033.0
2025-06-18 11:07:42.169986,332.85,716020.0,1136033.0
2025-06-18 11:07:42.682171,332.85,719947.0,1139591.0
2025-06-18 11:07:43.169971,332.85,719947.0,1139591.0
2025-06-18 11:07:44.752043,332.85,720937.0,1138306.0
2025-06-18 11:07:44.793148,332.85,720937.0,1138306.0
2025-06-18 11:07:44.800459,332.85,720731.0,1140002.0
2025-06-18 11:07:45.172603,332.85,720731.0,1140002.0
2025-06-18 11:07:45.874545,332.85,720432.0,1139955.0
2025-06-18 11:07:46.172809,332.8,720432.0,1139955.0
2025-06-18 11:07:46.979310,332.85,720413.0,1139807.0
2025-06-18 11:07:47.175614,332.85,720413.0,1139807.0
2025-06-18 11:07:47.975598,332.85,719870.0,1139805.0
2025-06-18 11:07:48.168842,332.85,719870.0,1139805.0
2025-06-18 11:07:48.874278,332.85,719825.0,1139854.0
2025-06-18 11:07:49.168259,332.85,719825.0,1139854.0
2025-06-18 11:07:49.993101,332.85,719947.0,1139854.0
2025-06-18 11:07:50.170468,332.85,719947.0,1139854.0
2025-06-18 11:07:51.074911,332.8,719362.0,1138670.0
2025-06-18 11:07:51.173776,332.8,719362.0,1138670.0
2025-06-18 11:07:52.076893,332.8,717541.0,1138514.0
2025-06-18 11:07:52.175378,332.8,717541.0,1138514.0
2025-06-18 11:07:53.169550,332.9,717541.0,1138514.0
2025-06-18 11:07:53.176748,332.9,720495.0,1136922.0
2025-06-18 11:07:54.167763,332.9,720495.0,1136922.0
2025-06-18 11:07:54.175514,332.9,720607.0,1135594.0
2025-06-18 11:07:55.163173,332.9,720607.0,1135594.0
2025-06-18 11:07:55.272510,332.9,720972.0,1135371.0
2025-06-18 11:07:56.177098,332.9,720972.0,1135371.0
2025-06-18 11:07:56.274684,332.9,720521.0,1135178.0
2025-06-18 11:07:57.168051,332.9,720521.0,1135178.0
2025-06-18 11:07:57.275048,332.9,720308.0,1134631.0
2025-06-18 11:07:58.179077,332.9,720308.0,1134631.0
2025-06-18 11:07:58.281122,332.9,720313.0,1134817.0
2025-06-18 11:07:59.169629,332.9,720313.0,1134817.0
2025-06-18 11:07:59.178055,332.9,720319.0,1135523.0
2025-06-18 11:08:00.436074,332.9,720319.0,1135523.0
2025-06-18 11:08:00.476735,332.9,719474.0,1135595.0
2025-06-18 11:08:01.719561,332.9,719162.0,1133911.0
2025-06-18 11:08:03.172883,332.9,719162.0,1133911.0
2025-06-18 11:08:04.193154,332.9,719162.0,1133911.0
2025-06-18 11:08:06.179076,332.85,719162.0,1133911.0
2025-06-18 11:08:07.083837,332.9,719502.0,1133581.0
2025-06-18 11:08:09.240576,332.9,719502.0,1133581.0
2025-06-18 11:08:10.201561,332.9,719502.0,1133581.0
2025-06-18 11:08:12.258400,332.9,719502.0,1133581.0
2025-06-18 11:08:12.688529,332.9,719445.0,1132429.0
2025-06-18 11:08:14.219345,332.85,719445.0,1132429.0
2025-06-18 11:08:16.203207,332.85,719445.0,1132429.0
2025-06-18 11:08:20.490504,332.85,718521.0,1132729.0
2025-06-18 11:08:20.498710,332.85,718521.0,1132729.0
2025-06-18 11:08:20.568788,332.8,718521.0,1132729.0
2025-06-18 11:08:22.894676,332.9,718478.0,1132166.0
2025-06-18 11:08:23.183001,332.9,718478.0,1132166.0
2025-06-18 11:08:26.172284,332.85,718478.0,1132166.0
2025-06-18 11:08:28.601227,332.9,714010.0,1135118.0
2025-06-18 11:08:29.171891,332.9,714010.0,1135118.0
2025-06-18 11:08:30.181854,332.9,714010.0,1135118.0
2025-06-18 11:08:32.177842,332.9,714010.0,1135118.0
2025-06-18 11:08:34.107690,332.85,717327.0,1129855.0
2025-06-18 11:08:34.178524,332.85,717327.0,1129855.0
2025-06-18 11:08:36.179367,332.85,717327.0,1129855.0
2025-06-18 11:08:38.180677,332.9,717327.0,1129855.0
2025-06-18 11:08:39.408382,332.85,721319.0,1131433.0
2025-06-18 11:08:40.191660,332.9,721319.0,1131433.0
2025-06-18 11:08:42.185606,332.75,721319.0,1131433.0
2025-06-18 11:08:44.186540,332.8,721319.0,1131433.0
2025-06-18 11:08:44.522056,332.9,716991.0,1134852.0
2025-06-18 11:08:46.205701,332.8,716991.0,1134852.0
2025-06-18 11:08:48.176042,332.9,716991.0,1134852.0
2025-06-18 11:08:49.814468,332.9,720725.0,1132785.0
2025-06-18 11:08:50.178292,332.9,720725.0,1132785.0
2025-06-18 11:08:52.180476,332.9,720725.0,1132785.0
2025-06-18 11:08:54.181913,332.9,720725.0,1132785.0
2025-06-18 11:08:55.023610,332.9,721087.0,1133221.0
2025-06-18 11:08:58.176780,332.9,721087.0,1133221.0
2025-06-18 11:09:00.039587,332.9,724926.0,1132967.0
2025-06-18 11:09:00.176011,332.9,724926.0,1132967.0
2025-06-18 11:09:02.213709,332.9,724926.0,1132967.0
2025-06-18 11:09:04.190142,332.9,724926.0,1132967.0
2025-06-18 11:09:04.918674,332.9,725198.0,1134215.0
2025-06-18 11:09:06.177875,332.85,725198.0,1134215.0
2025-06-18 11:09:08.179123,332.9,725198.0,1134215.0
2025-06-18 11:09:10.038607,332.85,727106.0,1134067.0
2025-06-18 11:09:10.182452,332.85,727106.0,1134067.0
2025-06-18 11:09:14.306239,332.8,727106.0,1134067.0
2025-06-18 11:09:14.348593,332.8,727106.0,1134067.0
2025-06-18 11:09:15.927664,332.85,718073.0,1133140.0
2025-06-18 11:09:16.174700,332.75,718073.0,1133140.0
2025-06-18 11:09:18.874170,332.9,718073.0,1133140.0
2025-06-18 11:09:20.199819,332.9,718073.0,1133140.0
2025-06-18 11:09:21.531050,332.9,719252.0,1130888.0
2025-06-18 11:09:22.170965,332.9,719252.0,1130888.0
2025-06-18 11:09:24.177834,332.9,719252.0,1130888.0
2025-06-18 11:09:26.184182,332.7,719252.0,1130888.0
2025-06-18 11:09:26.828845,332.7,715906.0,1136070.0
2025-06-18 11:09:28.186004,332.9,715906.0,1136070.0
2025-06-18 11:09:30.189675,332.9,715906.0,1136070.0
2025-06-18 11:09:32.033514,332.9,721545.0,1132991.0
2025-06-18 11:09:32.219257,332.7,721545.0,1132991.0
2025-06-18 11:09:34.179604,332.9,721545.0,1132991.0
2025-06-18 11:09:36.178350,332.7,721545.0,1132991.0
2025-06-18 11:09:37.337049,332.75,728150.0,1128190.0
2025-06-18 11:09:38.223376,332.9,728150.0,1128190.0
2025-06-18 11:09:40.175485,332.9,728150.0,1128190.0
2025-06-18 11:09:42.186196,332.9,728150.0,1128190.0
2025-06-18 11:09:42.739931,332.9,728614.0,1129827.0
2025-06-18 11:09:44.210073,332.9,728614.0,1129827.0
2025-06-18 11:09:46.256385,332.8,728614.0,1129827.0
2025-06-18 11:09:47.190001,332.8,728614.0,1129827.0
2025-06-18 11:09:47.941670,332.9,727232.0,1130766.0
2025-06-18 11:09:48.190112,332.9,727232.0,1130766.0
2025-06-18 11:09:48.209794,332.9,727232.0,1130766.0
2025-06-18 11:09:49.098862,332.9,727232.0,1130766.0
2025-06-18 11:09:50.020469,332.9,727232.0,1130766.0
2025-06-18 11:09:50.175088,332.9,727232.0,1130766.0
2025-06-18 11:09:50.860249,332.9,727232.0,1130766.0
2025-06-18 11:09:51.634930,332.9,727232.0,1130766.0
2025-06-18 11:09:52.197981,332.9,727232.0,1130766.0
2025-06-18 11:09:52.634098,332.9,727232.0,1130766.0
2025-06-18 11:09:53.209802,332.9,727232.0,1130766.0
2025-06-18 11:09:53.449041,332.8,728506.0,1130856.0
2025-06-18 11:09:53.595139,332.8,728506.0,1130856.0
2025-06-18 11:09:54.088069,332.8,728506.0,1130856.0
2025-06-18 11:09:54.218399,332.9,728506.0,1130856.0
2025-06-18 11:09:54.460492,332.9,728506.0,1130856.0
2025-06-18 11:09:55.372686,332.9,728506.0,1130856.0
2025-06-18 11:09:56.178736,332.8,728506.0,1130856.0
2025-06-18 11:09:56.584551,332.8,728506.0,1130856.0
2025-06-18 11:09:57.561211,332.8,728506.0,1130856.0
2025-06-18 11:09:58.183298,332.9,728506.0,1130856.0
2025-06-18 11:09:58.544509,332.9,725291.0,1129669.0
2025-06-18 11:09:58.971852,332.9,725291.0,1129669.0
2025-06-18 11:10:00.117729,332.9,725291.0,1129669.0
2025-06-18 11:10:00.177385,332.9,725291.0,1129669.0
2025-06-18 11:10:01.244835,332.9,725291.0,1129669.0
2025-06-18 11:10:01.650034,332.9,725046.0,1130554.0
2025-06-18 11:10:02.172196,332.9,725046.0,1130554.0
2025-06-18 11:10:02.714145,332.9,725046.0,1130554.0
2025-06-18 11:10:02.751612,332.9,724950.0,1131886.0
2025-06-18 11:10:03.214763,332.9,724950.0,1131886.0
2025-06-18 11:10:03.745514,332.9,725235.0,1131756.0
2025-06-18 11:10:04.170737,332.9,725235.0,1131756.0
2025-06-18 11:10:04.750232,332.9,725224.0,1131944.0
2025-06-18 11:10:05.170917,332.9,725224.0,1131944.0
2025-06-18 11:10:05.850977,332.9,724539.0,1136890.0
2025-06-18 11:10:06.174907,332.85,724539.0,1136890.0
2025-06-18 11:10:06.961182,332.9,725834.0,1135097.0
2025-06-18 11:10:07.177450,332.9,725834.0,1135097.0
2025-06-18 11:10:09.452290,332.9,728588.0,1134856.0
2025-06-18 11:10:09.454844,332.9,728588.0,1134856.0
2025-06-18 11:10:09.510534,332.9,728407.0,1134989.0
2025-06-18 11:10:09.512911,332.9,728407.0,1134989.0
2025-06-18 11:10:10.053803,332.9,728540.0,1135176.0
2025-06-18 11:10:10.185039,332.9,728540.0,1135176.0
2025-06-18 11:10:11.052475,332.9,728657.0,1135167.0
2025-06-18 11:10:11.187393,332.9,728657.0,1135167.0
2025-06-18 11:10:12.063100,332.9,728602.0,1134902.0
2025-06-18 11:10:12.174074,332.9,728602.0,1134902.0
2025-06-18 11:10:13.057092,332.9,728678.0,1134895.0
2025-06-18 11:10:13.178966,332.9,728678.0,1134895.0
2025-06-18 11:10:14.057963,332.9,725670.0,1135633.0
2025-06-18 11:10:14.180190,332.9,725670.0,1135633.0
2025-06-18 11:10:15.160456,332.9,727375.0,1135263.0
2025-06-18 11:10:15.173945,332.9,727375.0,1135263.0
2025-06-18 11:10:16.176102,332.85,727375.0,1135263.0
2025-06-18 11:10:16.270069,332.9,727752.0,1135339.0
2025-06-18 11:10:17.184069,332.9,727752.0,1135339.0
2025-06-18 11:10:17.254070,332.9,726975.0,1133732.0
2025-06-18 11:10:18.171771,332.9,726975.0,1133732.0
2025-06-18 11:10:18.355127,332.9,730119.0,1134243.0
2025-06-18 11:10:19.173693,332.9,730119.0,1134243.0
2025-06-18 11:10:19.456233,332.9,737031.0,1123458.0
2025-06-18 11:10:20.173506,333.0,737031.0,1123458.0
2025-06-18 11:10:20.455868,333.0,740753.0,1118320.0
2025-06-18 11:10:21.187975,333.05,740753.0,1118320.0
2025-06-18 11:10:21.456859,333.05,738204.0,1111651.0
2025-06-18 11:10:22.177303,333.15,738204.0,1111651.0
2025-06-18 11:10:22.857198,333.15,741727.0,1108532.0
2025-06-18 11:10:23.175376,333.15,741727.0,1108532.0
2025-06-18 11:10:23.859701,333.1,742656.0,1110734.0
2025-06-18 11:10:24.183292,333.1,742656.0,1110734.0
2025-06-18 11:10:24.858509,333.1,745621.0,1107771.0
2025-06-18 11:10:25.178859,333.1,745621.0,1107771.0
2025-06-18 11:10:25.858293,333.2,746797.0,1106850.0
2025-06-18 11:10:26.178687,333.2,746797.0,1106850.0
2025-06-18 11:10:26.858098,333.25,744876.0,1108629.0
2025-06-18 11:10:27.183321,333.25,744876.0,1108629.0
2025-06-18 11:10:27.857845,333.25,745422.0,1107871.0
2025-06-18 11:10:28.184461,333.25,745422.0,1107871.0
2025-06-18 11:10:28.758902,333.25,745173.0,1107699.0
2025-06-18 11:10:29.176243,333.25,745173.0,1107699.0
2025-06-18 11:10:29.761477,333.25,747783.0,1102488.0
2025-06-18 11:10:30.173682,333.25,747783.0,1102488.0
2025-06-18 11:10:30.763410,333.2,753314.0,1100941.0
2025-06-18 11:10:31.184234,333.2,753314.0,1100941.0
2025-06-18 11:10:31.862214,333.15,754066.0,1100295.0
2025-06-18 11:10:32.177107,333.15,754066.0,1100295.0
2025-06-18 11:10:32.764200,333.2,753585.0,1101658.0
2025-06-18 11:10:33.174891,333.2,753585.0,1101658.0
2025-06-18 11:10:33.766328,333.2,754514.0,1101593.0
2025-06-18 11:10:34.180780,333.2,754514.0,1101593.0
2025-06-18 11:10:34.865745,333.2,754007.0,1102303.0
2025-06-18 11:10:35.175658,333.2,754007.0,1102303.0
2025-06-18 11:10:35.867022,333.2,754703.0,1104836.0
2025-06-18 11:10:36.171981,333.2,754703.0,1104836.0
2025-06-18 11:10:36.768671,333.2,752533.0,1104085.0
2025-06-18 11:10:37.174221,333.2,752533.0,1104085.0
2025-06-18 11:10:37.767597,333.2,753174.0,1104321.0
2025-06-18 11:10:38.175140,333.2,753174.0,1104321.0
2025-06-18 11:10:38.869137,333.2,752937.0,1102527.0
2025-06-18 11:10:39.172163,333.2,752937.0,1102527.0
2025-06-18 11:10:39.870694,333.2,753800.0,1102446.0
2025-06-18 11:10:40.173024,333.2,753800.0,1102446.0
2025-06-18 11:10:40.874143,333.2,753549.0,1102292.0
2025-06-18 11:10:41.181926,333.2,753549.0,1102292.0
2025-06-18 11:10:41.870771,333.2,753526.0,1103659.0
2025-06-18 11:10:42.178962,333.2,753526.0,1103659.0
2025-06-18 11:10:42.969090,333.2,753474.0,1103398.0
2025-06-18 11:10:43.175249,333.2,753474.0,1103398.0
2025-06-18 11:10:43.873129,333.2,753757.0,1102997.0
2025-06-18 11:10:44.173830,333.2,753757.0,1102997.0
2025-06-18 11:10:44.872994,333.2,753688.0,1102866.0
2025-06-18 11:10:45.172963,333.2,753688.0,1102866.0
2025-06-18 11:10:45.972193,333.2,754026.0,1104264.0
2025-06-18 11:10:46.172118,333.15,754026.0,1104264.0
2025-06-18 11:10:47.071232,333.2,754066.0,1104228.0
2025-06-18 11:10:47.173597,333.2,754066.0,1104228.0
2025-06-18 11:10:48.207014,333.2,754066.0,1104228.0
2025-06-18 11:10:48.213225,333.2,753872.0,1104147.0
2025-06-18 11:10:49.174762,333.2,753872.0,1104147.0
2025-06-18 11:10:49.271662,333.2,752903.0,1104104.0
2025-06-18 11:10:50.178731,333.2,752903.0,1104104.0
2025-06-18 11:10:50.273266,333.2,752976.0,1104103.0
2025-06-18 11:10:51.175551,333.2,752976.0,1104103.0
2025-06-18 11:10:51.376845,333.2,753905.0,1104003.0
2025-06-18 11:10:52.179651,333.2,753905.0,1104003.0
2025-06-18 11:10:52.475626,333.2,753245.0,1104909.0
2025-06-18 11:10:53.182678,333.2,753245.0,1104909.0
2025-06-18 11:10:53.576254,333.2,753745.0,1104430.0
2025-06-18 11:10:54.182257,333.2,753745.0,1104430.0
2025-06-18 11:10:54.480005,333.2,753672.0,1104419.0
2025-06-18 11:10:55.177328,333.2,753672.0,1104419.0
2025-06-18 11:10:55.480403,333.2,753673.0,1103896.0
2025-06-18 11:10:56.172740,333.15,753673.0,1103896.0
2025-06-18 11:10:56.551627,333.15,754059.0,1103946.0
2025-06-18 11:10:57.170930,333.2,754059.0,1103946.0
2025-06-18 11:10:57.579962,333.2,753117.0,1103921.0
2025-06-18 11:10:58.176223,333.2,753117.0,1103921.0
2025-06-18 11:10:58.484829,333.15,750993.0,1103914.0
2025-06-18 11:10:59.171681,333.2,750993.0,1103914.0
2025-06-18 11:10:59.385975,333.2,751079.0,1104103.0
2025-06-18 11:11:00.172984,333.2,751079.0,1104103.0
2025-06-18 11:11:00.388557,333.2,754225.0,1103824.0
2025-06-18 11:11:01.888248,333.15,755217.0,1103315.0
2025-06-18 11:11:02.201988,333.2,755217.0,1103315.0
2025-06-18 11:11:02.988120,333.2,755225.0,1103303.0
2025-06-18 11:11:03.175859,333.2,755225.0,1103303.0
2025-06-18 11:11:03.990405,333.2,755255.0,1101860.0
2025-06-18 11:11:04.171720,333.2,755255.0,1101860.0
2025-06-18 11:11:04.890817,333.2,754189.0,1102474.0
2025-06-18 11:11:05.173544,333.2,754189.0,1102474.0
2025-06-18 11:11:05.892229,333.2,754404.0,1102193.0
2025-06-18 11:11:06.179560,333.15,754404.0,1102193.0
2025-06-18 11:11:06.893940,333.2,754525.0,1102867.0
2025-06-18 11:11:07.177926,333.2,754525.0,1102867.0
2025-06-18 11:11:08.042163,333.2,754467.0,1102774.0
2025-06-18 11:11:08.184651,333.2,754467.0,1102774.0
2025-06-18 11:11:09.003775,333.2,754709.0,1103791.0
2025-06-18 11:11:09.193478,333.2,754709.0,1103791.0
2025-06-18 11:11:10.004048,333.2,754986.0,1103915.0
2025-06-18 11:11:10.174255,333.2,754986.0,1103915.0
2025-06-18 11:11:11.108469,333.2,754937.0,1103887.0
2025-06-18 11:11:11.180253,333.2,754937.0,1103887.0
2025-06-18 11:11:12.098171,333.05,733866.0,1123267.0
2025-06-18 11:11:12.179674,333.05,733866.0,1123267.0
2025-06-18 11:11:13.183281,333.05,733866.0,1123267.0
2025-06-18 11:11:13.203556,333.05,743329.0,1119403.0
2025-06-18 11:11:14.190701,333.1,743329.0,1119403.0
2025-06-18 11:11:14.296301,333.1,742576.0,1117663.0
2025-06-18 11:11:15.174406,333.1,742576.0,1117663.0
2025-06-18 11:11:15.294152,333.1,743166.0,1117060.0
2025-06-18 11:11:16.173299,333.0,743166.0,1117060.0
2025-06-18 11:11:16.295415,333.0,743429.0,1117216.0
2025-06-18 11:11:17.190200,333.0,743429.0,1117216.0
2025-06-18 11:11:17.296784,333.0,742525.0,1118215.0
2025-06-18 11:11:18.186870,333.1,742525.0,1118215.0
2025-06-18 11:11:18.403606,333.1,743524.0,1118147.0
2025-06-18 11:11:19.189629,333.1,743524.0,1118147.0
2025-06-18 11:11:19.398025,333.1,743438.0,1118636.0
2025-06-18 11:11:20.396514,333.0,741861.0,1120791.0
2025-06-18 11:11:21.186407,333.0,741861.0,1120791.0
2025-06-18 11:11:21.297463,333.0,742034.0,1121916.0
2025-06-18 11:11:22.182848,332.95,742034.0,1121916.0
2025-06-18 11:11:22.401348,332.95,740043.0,1126788.0
2025-06-18 11:11:23.175124,332.95,740043.0,1126788.0
2025-06-18 11:11:23.402075,332.95,742307.0,1125361.0
2025-06-18 11:11:24.177663,333.0,742307.0,1125361.0
2025-06-18 11:11:24.399623,333.0,744044.0,1122583.0
2025-06-18 11:11:25.186204,333.0,744044.0,1122583.0
2025-06-18 11:11:25.398914,333.0,744055.0,1122080.0
2025-06-18 11:11:26.179462,333.05,744055.0,1122080.0
2025-06-18 11:11:26.401028,333.05,745062.0,1120202.0
2025-06-18 11:11:27.181598,333.05,745062.0,1120202.0
2025-06-18 11:11:27.510842,333.0,745128.0,1120839.0
2025-06-18 11:11:28.190246,333.05,745128.0,1120839.0
2025-06-18 11:11:28.538356,333.05,747252.0,1121179.0
2025-06-18 11:11:29.193844,333.0,747252.0,1121179.0
2025-06-18 11:11:29.512720,333.05,747284.0,1120879.0
2025-06-18 11:11:30.176470,333.05,747284.0,1120879.0
2025-06-18 11:11:30.524424,333.05,747199.0,1119121.0
2025-06-18 11:11:31.180531,333.05,747199.0,1119121.0
2025-06-18 11:11:31.516261,333.05,747439.0,1117733.0
2025-06-18 11:11:32.183033,333.05,747439.0,1117733.0
2025-06-18 11:11:32.535193,333.05,747529.0,1117731.0
2025-06-18 11:11:33.179305,333.05,747529.0,1117731.0
2025-06-18 11:11:33.608094,333.05,746938.0,1117744.0
2025-06-18 11:11:34.178908,333.05,746938.0,1117744.0
2025-06-18 11:11:34.709306,333.05,747159.0,1116416.0
2025-06-18 11:11:35.180969,333.05,747159.0,1116416.0
2025-06-18 11:11:35.809309,333.05,747888.0,1119144.0
2025-06-18 11:11:36.177937,333.05,747888.0,1119144.0
2025-06-18 11:11:36.711360,333.0,748116.0,1119117.0
2025-06-18 11:11:37.193275,333.0,748116.0,1119117.0
2025-06-18 11:11:37.811835,333.05,748123.0,1119136.0
2025-06-18 11:11:38.185598,333.05,748123.0,1119136.0
2025-06-18 11:11:38.912646,333.05,748050.0,1117861.0
2025-06-18 11:11:39.189050,333.05,748050.0,1117861.0
2025-06-18 11:11:40.027008,333.05,748049.0,1117859.0
2025-06-18 11:11:40.176163,333.05,748049.0,1117859.0
2025-06-18 11:11:41.520643,333.05,748060.0,1118124.0
2025-06-18 11:11:42.187524,333.05,748060.0,1118124.0
2025-06-18 11:11:42.538805,333.05,750823.0,1115670.0
2025-06-18 11:11:43.201119,333.05,750823.0,1115670.0
2025-06-18 11:11:43.545254,333.05,751013.0,1113790.0
2025-06-18 11:11:44.521708,333.05,751525.0,1114900.0
2025-06-18 11:11:45.187350,333.05,751525.0,1114900.0
2025-06-18 11:11:45.615277,333.1,749672.0,1114843.0
2025-06-18 11:11:46.178229,333.1,749672.0,1114843.0
2025-06-18 11:11:46.521977,333.1,750636.0,1114900.0
2025-06-18 11:11:47.212642,333.1,750636.0,1114900.0
2025-06-18 11:11:47.540030,333.0,749155.0,1114825.0
2025-06-18 11:11:48.194260,333.0,749155.0,1114825.0
2025-06-18 11:11:48.415055,333.0,748736.0,1114896.0
2025-06-18 11:11:49.193630,333.1,748736.0,1114896.0
2025-06-18 11:11:49.415686,333.1,751805.0,1115769.0
2025-06-18 11:11:50.189757,333.0,751805.0,1115769.0
2025-06-18 11:11:50.540868,333.0,752727.0,1116243.0
2025-06-18 11:11:51.205483,333.1,752727.0,1116243.0
2025-06-18 11:11:51.528163,333.1,752417.0,1116221.0
2025-06-18 11:11:52.187747,333.1,752417.0,1116221.0
2025-06-18 11:11:52.615693,333.1,752438.0,1116987.0
2025-06-18 11:11:53.197474,333.1,752438.0,1116987.0
2025-06-18 11:11:53.716917,333.1,754565.0,1115348.0
2025-06-18 11:11:54.193464,333.1,754565.0,1115348.0
2025-06-18 11:11:54.820009,333.0,754497.0,1115335.0
2025-06-18 11:11:55.202050,333.0,754497.0,1115335.0
2025-06-18 11:11:55.822330,333.1,755883.0,1116826.0
2025-06-18 11:11:56.186727,333.0,755883.0,1116826.0
2025-06-18 11:11:56.822198,333.1,755028.0,1116825.0
2025-06-18 11:11:57.187696,333.1,755028.0,1116825.0
2025-06-18 11:11:57.923272,333.1,754434.0,1115263.0
2025-06-18 11:11:58.407790,333.1,754434.0,1115263.0
2025-06-18 11:11:59.035981,333.1,753950.0,1115601.0
2025-06-18 11:11:59.180540,333.1,753950.0,1115601.0
2025-06-18 11:12:00.034024,333.1,754595.0,1115667.0
2025-06-18 11:12:00.178512,333.1,754595.0,1115667.0
2025-06-18 11:12:02.336737,333.1,754595.0,1115667.0
2025-06-18 11:12:03.535920,333.1,754664.0,1114727.0
2025-06-18 11:12:04.185711,333.1,754664.0,1114727.0
2025-06-18 11:12:06.183964,333.05,754664.0,1114727.0
2025-06-18 11:12:08.185377,333.1,754664.0,1114727.0
2025-06-18 11:12:08.332287,333.1,756044.0,1113422.0
2025-06-18 11:12:10.192811,333.05,756044.0,1113422.0
2025-06-18 11:12:12.200959,333.1,756044.0,1113422.0
2025-06-18 11:12:13.435532,333.1,756025.0,1114923.0
2025-06-18 11:12:14.187032,333.1,756025.0,1114923.0
2025-06-18 11:12:16.186937,333.05,756025.0,1114923.0
2025-06-18 11:12:18.214948,333.1,756025.0,1114923.0
2025-06-18 11:12:18.738936,333.1,755081.0,1115033.0
2025-06-18 11:12:20.181513,333.05,755081.0,1115033.0
2025-06-18 11:12:22.182208,333.1,755081.0,1115033.0
2025-06-18 11:12:23.842078,333.15,754291.0,1109738.0
2025-06-18 11:12:24.188571,333.15,754291.0,1109738.0
2025-06-18 11:12:26.186565,333.15,754291.0,1109738.0
2025-06-18 11:12:28.748374,333.15,754839.0,1109260.0
2025-06-18 11:12:29.178625,333.15,754839.0,1109260.0
2025-06-18 11:12:30.194976,333.15,754839.0,1109260.0
2025-06-18 11:12:32.209606,333.15,754839.0,1109260.0
2025-06-18 11:12:33.952651,333.15,753905.0,1111423.0
2025-06-18 11:12:34.187420,333.1,753905.0,1111423.0
2025-06-18 11:12:36.205650,333.05,753905.0,1111423.0
2025-06-18 11:12:38.191798,333.1,753905.0,1111423.0
2025-06-18 11:12:39.254332,333.1,754383.0,1110942.0
2025-06-18 11:12:40.188364,333.1,754383.0,1110942.0
2025-06-18 11:12:42.186611,333.0,754383.0,1110942.0
2025-06-18 11:12:44.200288,333.05,754383.0,1110942.0
2025-06-18 11:12:44.260652,333.05,747782.0,1121394.0
2025-06-18 11:12:46.184693,333.0,747782.0,1121394.0
2025-06-18 11:12:47.559786,333.0,747782.0,1121394.0
2025-06-18 11:12:48.187359,333.05,747782.0,1121394.0
2025-06-18 11:12:48.624085,333.05,747782.0,1121394.0
2025-06-18 11:12:49.262374,333.05,751186.0,1114562.0
2025-06-18 11:12:49.531083,333.05,751186.0,1114562.0
2025-06-18 11:12:50.189301,333.05,751186.0,1114562.0
2025-06-18 11:12:50.457299,333.05,751186.0,1114562.0
2025-06-18 11:12:51.312788,333.05,751186.0,1114562.0
2025-06-18 11:12:52.076153,333.05,751186.0,1114562.0
2025-06-18 11:12:52.188706,333.05,751186.0,1114562.0
2025-06-18 11:12:53.070878,333.05,751186.0,1114562.0
2025-06-18 11:12:54.038686,333.05,751186.0,1114562.0
2025-06-18 11:12:54.187992,333.05,751186.0,1114562.0
2025-06-18 11:12:54.522312,333.05,751186.0,1114562.0
2025-06-18 11:12:54.969890,333.15,749642.0,1111857.0
2025-06-18 11:12:55.762051,333.15,749642.0,1111857.0
2025-06-18 11:12:56.187817,333.1,749642.0,1111857.0
2025-06-18 11:12:57.004549,333.1,749642.0,1111857.0
2025-06-18 11:12:57.881852,333.1,749642.0,1111857.0
2025-06-18 11:12:58.191996,333.1,749642.0,1111857.0
2025-06-18 11:12:59.285356,333.1,749642.0,1111857.0
2025-06-18 11:13:00.196205,333.1,749642.0,1111857.0
2025-06-18 11:13:00.391050,333.1,749642.0,1111857.0
2025-06-18 11:13:00.469873,333.1,748752.0,1112913.0
2025-06-18 11:13:01.571164,333.1,748752.0,1112913.0
2025-06-18 11:13:02.186460,333.1,748752.0,1112913.0
2025-06-18 11:13:03.031955,333.1,748752.0,1112913.0
2025-06-18 11:13:04.190573,333.1,748752.0,1112913.0
2025-06-18 11:13:05.374862,333.1,748752.0,1113095.0
2025-06-18 11:13:06.188946,333.0,748752.0,1113095.0
2025-06-18 11:13:08.187595,333.1,748752.0,1113095.0
2025-06-18 11:13:10.186676,333.1,748752.0,1113095.0
2025-06-18 11:13:10.278773,333.1,745744.0,1111092.0
2025-06-18 11:13:12.190773,333.1,745744.0,1111092.0
2025-06-18 11:13:14.189230,333.1,745744.0,1111092.0
2025-06-18 11:13:15.080985,333.1,746138.0,1112887.0
2025-06-18 11:13:16.195279,333.0,746138.0,1112887.0
2025-06-18 11:13:18.195670,333.1,746138.0,1112887.0
2025-06-18 11:13:19.884160,333.1,746053.0,1113554.0
2025-06-18 11:13:20.189988,333.1,746053.0,1113554.0
2025-06-18 11:13:22.193913,333.0,746053.0,1113554.0
2025-06-18 11:13:24.191557,333.0,746053.0,1113554.0
2025-06-18 11:13:24.886559,333.0,744092.0,1117484.0
2025-06-18 11:13:26.191227,332.9,744092.0,1117484.0
2025-06-18 11:13:28.191555,333.1,744092.0,1117484.0
2025-06-18 11:13:29.896317,333.1,724688.0,1115468.0
2025-06-18 11:13:30.194307,333.1,724688.0,1115468.0
2025-06-18 11:13:32.188531,333.1,724688.0,1115468.0
2025-06-18 11:13:34.194334,332.9,724688.0,1115468.0
2025-06-18 11:13:34.690820,332.9,729605.0,1113157.0
2025-06-18 11:13:36.191386,332.95,729605.0,1113157.0
2025-06-18 11:13:38.189012,332.95,729605.0,1113157.0
2025-06-18 11:13:39.996064,333.0,728402.0,1115534.0
2025-06-18 11:13:40.195855,333.0,728402.0,1115534.0
2025-06-18 11:13:42.193193,333.0,728402.0,1115534.0
2025-06-18 11:13:44.196656,333.0,728402.0,1115534.0
2025-06-18 11:13:45.103662,333.0,727002.0,1114967.0
2025-06-18 11:13:46.195269,333.1,727002.0,1114967.0
2025-06-18 11:13:48.193397,333.1,727002.0,1114967.0
2025-06-18 11:13:50.002293,333.1,727092.0,1117864.0
2025-06-18 11:13:50.204077,333.1,727092.0,1117864.0
2025-06-18 11:13:52.194245,333.1,727092.0,1117864.0
2025-06-18 11:13:54.902441,332.95,729488.0,1113288.0
2025-06-18 11:13:55.188297,332.95,729488.0,1113288.0
2025-06-18 11:13:56.193042,333.0,729488.0,1113288.0
2025-06-18 11:13:58.190761,333.15,729488.0,1113288.0
2025-06-18 11:14:00.193836,333.15,729488.0,1113288.0
2025-06-18 11:14:00.404596,333.15,725578.0,1111126.0
2025-06-18 11:14:02.192192,333.15,725578.0,1111126.0
2025-06-18 11:14:04.196929,332.95,725578.0,1111126.0
2025-06-18 11:14:05.215747,333.15,727045.0,1110847.0
2025-06-18 11:14:06.194239,333.05,727045.0,1110847.0
2025-06-18 11:14:08.196864,333.15,727045.0,1110847.0
2025-06-18 11:14:10.195820,333.15,727045.0,1110847.0
2025-06-18 11:14:10.228821,333.15,728709.0,1108796.0
2025-06-18 11:14:12.192171,333.15,728709.0,1108796.0
2025-06-18 11:14:14.196714,333.2,728709.0,1108796.0
2025-06-18 11:14:15.314382,333.05,730327.0,1106851.0
2025-06-18 11:14:16.203341,333.2,730327.0,1106851.0
2025-06-18 11:14:18.195974,333.2,730327.0,1106851.0
2025-06-18 11:14:20.197266,333.2,730327.0,1106851.0
2025-06-18 11:14:20.218293,333.2,735780.0,1106976.0
2025-06-18 11:14:22.241369,333.2,735780.0,1106976.0
2025-06-18 11:14:25.120647,333.2,738742.0,1101855.0
2025-06-18 11:14:25.191198,333.2,738742.0,1101855.0
2025-06-18 11:14:27.191916,333.2,738742.0,1101855.0
2025-06-18 11:14:28.195667,333.1,738742.0,1101855.0
2025-06-18 11:14:30.197164,333.1,738742.0,1101855.0
2025-06-18 11:14:30.424683,333.2,734280.0,1101487.0
2025-06-18 11:14:32.207873,333.2,734280.0,1101487.0
2025-06-18 11:14:34.203943,333.2,734280.0,1101487.0
2025-06-18 11:14:35.730009,333.25,736524.0,1097377.0
2025-06-18 11:14:37.213842,333.2,736524.0,1097377.0
2025-06-18 11:14:38.202671,333.2,736524.0,1097377.0
2025-06-18 11:14:40.196463,333.2,736524.0,1097377.0
2025-06-18 11:14:40.731306,333.2,731957.0,1097819.0
2025-06-18 11:14:42.192476,333.25,731957.0,1097819.0
2025-06-18 11:14:44.195336,333.15,731957.0,1097819.0
2025-06-18 11:14:46.047849,333.1,735401.0,1097940.0
2025-06-18 11:14:46.197914,333.1,735401.0,1097940.0
2025-06-18 11:14:48.202122,333.2,735401.0,1097940.0
2025-06-18 11:14:50.204167,333.2,735401.0,1097940.0
2025-06-18 11:14:51.552115,333.2,735058.0,1100252.0
2025-06-18 11:14:52.218025,333.2,735058.0,1100252.0
2025-06-18 11:14:54.196159,333.2,735058.0,1100252.0
2025-06-18 11:14:56.198930,333.1,735058.0,1100252.0
2025-06-18 11:14:57.053427,333.1,736435.0,1102404.0
2025-06-18 11:14:58.215264,333.2,736435.0,1102404.0
2025-06-18 11:15:00.196538,333.2,736435.0,1102404.0
2025-06-18 11:15:02.201251,333.2,736435.0,1102404.0
2025-06-18 11:15:02.252349,333.1,735345.0,1102140.0
2025-06-18 11:15:04.197945,333.2,735345.0,1102140.0
2025-06-18 11:15:06.959926,333.1,735345.0,1102140.0
2025-06-18 11:15:07.553469,333.2,735393.0,1103463.0
2025-06-18 11:15:08.197129,333.2,735393.0,1103463.0
2025-06-18 11:15:10.513644,333.2,735393.0,1103463.0
2025-06-18 11:15:12.199079,333.2,735393.0,1103463.0
2025-06-18 11:15:12.757898,333.2,735436.0,1102827.0
2025-06-18 11:15:14.209202,333.2,735436.0,1102827.0
2025-06-18 11:15:16.206048,333.2,735436.0,1102827.0
2025-06-18 11:15:17.761113,333.2,735185.0,1104357.0
2025-06-18 11:15:18.201046,333.2,735185.0,1104357.0
2025-06-18 11:15:20.201989,333.2,735185.0,1104357.0
2025-06-18 11:15:22.199366,333.2,735185.0,1104357.0
2025-06-18 11:15:22.674419,333.2,735617.0,1104294.0
2025-06-18 11:15:24.203424,333.2,735617.0,1104294.0
2025-06-18 11:15:26.200985,333.1,735617.0,1104294.0
2025-06-18 11:15:27.866857,333.2,740621.0,1093497.0
2025-06-18 11:15:28.209098,333.3,740621.0,1093497.0
2025-06-18 11:15:30.202242,333.2,740621.0,1093497.0
2025-06-18 11:15:32.201968,333.2,740621.0,1093497.0
2025-06-18 11:15:33.574126,333.2,736697.0,1100946.0
2025-06-18 11:15:34.216548,333.2,736697.0,1100946.0
2025-06-18 11:15:36.198990,333.25,736697.0,1100946.0
2025-06-18 11:15:38.213141,333.25,736697.0,1100946.0
2025-06-18 11:15:38.878757,333.25,740041.0,1102582.0
2025-06-18 11:15:40.200263,333.25,740041.0,1102582.0
2025-06-18 11:15:42.201850,333.25,740041.0,1102582.0
2025-06-18 11:15:43.979912,333.15,740847.0,1104528.0
2025-06-18 11:15:44.206258,333.2,740847.0,1104528.0
2025-06-18 11:15:46.219165,333.15,740847.0,1104528.0
2025-06-18 11:15:48.066212,333.15,740847.0,1104528.0
2025-06-18 11:15:48.203605,333.25,740847.0,1104528.0
2025-06-18 11:15:49.090839,333.25,740847.0,1104528.0
2025-06-18 11:15:49.482528,333.25,742546.0,1103495.0
2025-06-18 11:15:49.996566,333.25,742546.0,1103495.0
2025-06-18 11:15:50.206306,333.25,742546.0,1103495.0
2025-06-18 11:15:50.934342,333.25,742546.0,1103495.0
2025-06-18 11:15:51.774962,333.25,742546.0,1103495.0
2025-06-18 11:15:52.201909,333.25,742546.0,1103495.0
2025-06-18 11:15:52.575989,333.25,742546.0,1103495.0
2025-06-18 11:15:53.584672,333.25,742546.0,1103495.0
2025-06-18 11:15:54.133449,333.25,742546.0,1103495.0
2025-06-18 11:15:54.202533,333.25,742546.0,1103495.0
2025-06-18 11:15:54.532562,333.25,742546.0,1103495.0
2025-06-18 11:15:54.884776,333.25,742106.0,1106874.0
2025-06-18 11:15:55.027979,333.25,742106.0,1106874.0
2025-06-18 11:15:56.204542,333.15,742106.0,1106874.0
2025-06-18 11:15:56.288562,333.15,742106.0,1106874.0
2025-06-18 11:15:57.551849,333.15,742106.0,1106874.0
2025-06-18 11:15:58.246943,333.15,742106.0,1106874.0
2025-06-18 11:15:58.407321,333.15,742106.0,1106874.0
2025-06-18 11:16:00.087650,333.25,741538.0,1106338.0
2025-06-18 11:16:00.105635,333.25,741538.0,1106338.0
2025-06-18 11:16:00.198802,333.25,741538.0,1106338.0
2025-06-18 11:16:01.246803,333.25,741538.0,1106338.0
2025-06-18 11:16:01.888198,333.25,741791.0,1107032.0
2025-06-18 11:16:02.200475,333.25,741791.0,1107032.0
2025-06-18 11:16:02.397406,333.25,741791.0,1107032.0
2025-06-18 11:16:02.889759,333.25,741586.0,1107553.0
2025-06-18 11:16:03.197197,333.2,741586.0,1107553.0
2025-06-18 11:16:03.793453,333.2,741773.0,1103862.0
2025-06-18 11:16:03.863620,333.2,741773.0,1103862.0
2025-06-18 11:16:04.196977,333.2,741773.0,1103862.0
2025-06-18 11:16:04.790726,333.2,743135.0,1103549.0
2025-06-18 11:16:05.203271,333.2,743135.0,1103549.0
2025-06-18 11:16:05.789713,333.2,742218.0,1105168.0
2025-06-18 11:16:06.197105,333.15,742218.0,1105168.0
2025-06-18 11:16:06.790621,333.25,741963.0,1105141.0
2025-06-18 11:16:07.199686,333.25,741963.0,1105141.0
2025-06-18 11:16:07.693238,333.25,742500.0,1104671.0
2025-06-18 11:16:08.727929,333.25,742500.0,1104671.0
2025-06-18 11:16:08.767585,333.25,743402.0,1100227.0
2025-06-18 11:16:09.197759,333.25,743402.0,1100227.0
2025-06-18 11:16:09.592723,333.25,742574.0,1101207.0
2025-06-18 11:16:10.442688,333.25,742574.0,1101207.0
2025-06-18 11:16:10.594414,333.25,742649.0,1100829.0
2025-06-18 11:16:11.198023,333.25,742649.0,1100829.0
2025-06-18 11:16:11.596007,333.25,741746.0,1101291.0
2025-06-18 11:16:12.201715,333.25,741746.0,1101291.0
2025-06-18 11:16:12.598674,333.15,740847.0,1100241.0
2025-06-18 11:16:13.198758,333.2,740847.0,1100241.0
2025-06-18 11:16:13.495780,333.15,736795.0,1104981.0
2025-06-18 11:16:14.197565,333.1,736795.0,1104981.0
2025-06-18 11:16:15.198796,333.2,736795.0,1104981.0
2025-06-18 11:16:15.397364,333.2,740002.0,1103565.0
2025-06-18 11:16:16.209509,333.1,740002.0,1103565.0
2025-06-18 11:16:17.200393,333.2,740002.0,1103565.0
2025-06-18 11:16:17.208723,333.2,739557.0,1102568.0
2025-06-18 11:16:18.197696,333.2,739557.0,1102568.0
2025-06-18 11:16:18.207733,333.2,738965.0,1102852.0
2025-06-18 11:16:19.205074,333.2,738965.0,1102852.0
2025-06-18 11:16:19.207430,333.2,739087.0,1102135.0
2025-06-18 11:16:20.203306,333.2,739087.0,1102135.0
2025-06-18 11:16:20.208974,333.2,738705.0,1103248.0
2025-06-18 11:16:21.298277,333.2,738958.0,1107070.0
2025-06-18 11:16:22.200106,333.2,738958.0,1107070.0
2025-06-18 11:16:22.306300,333.2,738784.0,1107226.0
2025-06-18 11:16:23.198756,333.2,738784.0,1107226.0
2025-06-18 11:16:23.399041,333.2,739254.0,1108484.0
2025-06-18 11:16:24.198834,333.2,739254.0,1108484.0
2025-06-18 11:16:24.300179,333.2,738639.0,1108391.0
2025-06-18 11:16:25.199292,333.2,738639.0,1108391.0
2025-06-18 11:16:25.301077,333.2,738238.0,1107440.0
2025-06-18 11:16:26.200370,333.1,738238.0,1107440.0
2025-06-18 11:16:26.236045,333.1,738691.0,1108360.0
2025-06-18 11:16:27.200705,333.2,738691.0,1108360.0
2025-06-18 11:16:27.209787,333.2,738634.0,1108169.0
2025-06-18 11:16:28.205410,333.2,738634.0,1108169.0
2025-06-18 11:16:28.321656,333.2,739477.0,1107668.0
2025-06-18 11:16:29.204730,333.2,739477.0,1107668.0
2025-06-18 11:16:29.307713,333.2,739476.0,1108899.0
2025-06-18 11:16:30.229398,333.2,739476.0,1108899.0
2025-06-18 11:16:30.408086,333.2,737824.0,1109495.0
2025-06-18 11:16:31.199501,333.2,737824.0,1109495.0
2025-06-18 11:16:31.408889,333.2,737971.0,1108719.0
2025-06-18 11:16:32.203920,333.2,737971.0,1108719.0
2025-06-18 11:16:32.512840,333.2,739312.0,1108673.0
2025-06-18 11:16:33.202588,333.1,739312.0,1108673.0
2025-06-18 11:16:33.510038,333.1,738954.0,1109500.0
2025-06-18 11:16:34.203020,333.2,738954.0,1109500.0
2025-06-18 11:16:34.410359,333.2,738508.0,1109277.0
2025-06-18 11:16:35.206392,333.2,738508.0,1109277.0
2025-06-18 11:16:35.411775,333.2,738262.0,1107941.0
2025-06-18 11:16:36.333654,333.1,738262.0,1107941.0
2025-06-18 11:16:36.412443,333.2,738062.0,1108688.0
2025-06-18 11:16:37.199595,333.2,738062.0,1108688.0
2025-06-18 11:16:37.413225,333.2,738498.0,1107737.0
2025-06-18 11:16:38.235813,333.2,738498.0,1107737.0
2025-06-18 11:16:38.412564,333.2,737183.0,1107641.0
2025-06-18 11:16:40.327093,333.2,737263.0,1108634.0
2025-06-18 11:16:40.329293,333.2,737263.0,1108634.0
2025-06-18 11:16:40.413911,333.1,736607.0,1108602.0
2025-06-18 11:16:41.211091,333.1,736607.0,1108602.0
2025-06-18 11:16:41.416214,333.1,736255.0,1108603.0
2025-06-18 11:16:42.209988,333.2,736255.0,1108603.0
2025-06-18 11:16:42.416618,333.2,737285.0,1107553.0
2025-06-18 11:16:43.204247,333.2,737285.0,1107553.0
2025-06-18 11:16:43.416663,333.2,736326.0,1106894.0
2025-06-18 11:16:44.202138,333.2,736326.0,1106894.0
2025-06-18 11:16:44.315426,333.2,737296.0,1106769.0
2025-06-18 11:16:45.206952,333.2,737296.0,1106769.0
2025-06-18 11:16:45.317088,333.2,737704.0,1106374.0
2025-06-18 11:16:46.203703,333.2,737704.0,1106374.0
2025-06-18 11:16:46.418966,333.2,737058.0,1107587.0
2025-06-18 11:16:47.208012,333.2,737058.0,1107587.0
2025-06-18 11:16:47.416103,333.2,736751.0,1106624.0
2025-06-18 11:16:48.217887,333.2,736751.0,1106624.0
2025-06-18 11:16:48.416327,333.2,735507.0,1107098.0
2025-06-18 11:16:49.205463,333.1,735507.0,1107098.0
2025-06-18 11:16:49.417710,333.1,736122.0,1107429.0
2025-06-18 11:16:50.206103,333.2,736122.0,1107429.0
2025-06-18 11:16:50.518925,333.2,736009.0,1108306.0
2025-06-18 11:16:51.521197,333.2,737371.0,1106922.0
2025-06-18 11:16:52.215074,333.2,737371.0,1106922.0
2025-06-18 11:16:52.520646,333.2,735365.0,1106686.0
2025-06-18 11:16:53.205994,333.1,735365.0,1106686.0
2025-06-18 11:16:53.522974,333.2,735685.0,1106523.0
2025-06-18 11:16:54.203121,333.2,735685.0,1106523.0
2025-06-18 11:16:54.523277,333.2,734727.0,1107483.0
2025-06-18 11:16:55.206579,333.2,734727.0,1107483.0
2025-06-18 11:16:55.623405,333.2,734401.0,1107399.0
2025-06-18 11:16:56.206296,333.1,734401.0,1107399.0
2025-06-18 11:16:56.623134,333.1,734039.0,1107378.0
2025-06-18 11:16:57.204990,333.2,734039.0,1107378.0
2025-06-18 11:16:57.724363,333.2,734319.0,1108458.0
2025-06-18 11:16:58.838693,333.2,735518.0,1108337.0
2025-06-18 11:17:00.408936,333.2,735518.0,1108337.0
2025-06-18 11:17:00.446711,333.2,734843.0,1107183.0
2025-06-18 11:17:00.450396,333.2,734843.0,1107183.0
2025-06-18 11:17:01.625454,333.1,736595.0,1107500.0
2025-06-18 11:17:02.208007,333.1,736595.0,1107500.0
2025-06-18 11:17:02.724860,333.2,735884.0,1106115.0
2025-06-18 11:17:03.201842,333.2,735884.0,1106115.0
2025-06-18 11:17:03.728813,333.2,736453.0,1106849.0
2025-06-18 11:17:04.210407,333.2,736453.0,1106849.0
2025-06-18 11:17:04.725772,333.2,736773.0,1106850.0
2025-06-18 11:17:05.205209,333.2,736773.0,1106850.0
2025-06-18 11:17:05.727329,333.2,736218.0,1105419.0
2025-06-18 11:17:06.208027,333.15,736218.0,1105419.0
2025-06-18 11:17:06.727064,333.15,735793.0,1107371.0
2025-06-18 11:17:07.205639,333.2,735793.0,1107371.0
2025-06-18 11:17:07.727927,333.2,735624.0,1107343.0
2025-06-18 11:17:08.205381,333.15,735624.0,1107343.0
2025-06-18 11:17:08.826355,333.15,736017.0,1107383.0
2025-06-18 11:17:09.205618,333.15,736017.0,1107383.0
2025-06-18 11:17:09.727967,333.15,736233.0,1107593.0
2025-06-18 11:17:10.207389,333.15,736233.0,1107593.0
2025-06-18 11:17:10.630137,333.15,735412.0,1107334.0
2025-06-18 11:17:11.208123,333.15,735412.0,1107334.0
2025-06-18 11:17:11.734041,333.2,735694.0,1108475.0
2025-06-18 11:17:12.204790,333.2,735694.0,1108475.0
2025-06-18 11:17:12.732651,333.15,735186.0,1107108.0
2025-06-18 11:17:13.204100,333.15,735186.0,1107108.0
2025-06-18 11:17:13.831853,333.2,734589.0,1108334.0
2025-06-18 11:17:14.207560,333.2,734589.0,1108334.0
2025-06-18 11:17:14.948115,333.2,736271.0,1108266.0
2025-06-18 11:17:15.208103,333.2,736271.0,1108266.0
2025-06-18 11:17:16.204164,333.15,736271.0,1108266.0
2025-06-18 11:17:16.534932,333.15,738118.0,1108812.0
2025-06-18 11:17:17.205860,333.2,738118.0,1108812.0
2025-06-18 11:17:17.637238,333.2,739818.0,1108121.0
2025-06-18 11:17:18.244494,333.2,739818.0,1108121.0
2025-06-18 11:17:18.737080,333.2,739386.0,1108136.0
2025-06-18 11:17:19.206693,333.2,739386.0,1108136.0
2025-06-18 11:17:19.837574,333.2,738615.0,1107863.0
2025-06-18 11:17:20.208409,333.2,738615.0,1107863.0
2025-06-18 11:17:20.839603,333.2,739624.0,1108039.0
2025-06-18 11:17:21.207639,333.15,739624.0,1108039.0
2025-06-18 11:17:21.839678,333.15,739695.0,1107768.0
2025-06-18 11:17:22.207186,333.2,739695.0,1107768.0
2025-06-18 11:17:22.939294,333.2,740168.0,1108105.0
2025-06-18 11:17:23.206094,333.2,740168.0,1108105.0
2025-06-18 11:17:23.940470,333.2,739615.0,1108102.0
2025-06-18 11:17:24.205343,333.2,739615.0,1108102.0
2025-06-18 11:17:24.948983,333.15,739237.0,1108279.0
2025-06-18 11:17:25.208227,333.15,739237.0,1108279.0
2025-06-18 11:17:25.940931,333.2,739462.0,1107842.0
2025-06-18 11:17:26.208454,333.15,739462.0,1107842.0
2025-06-18 11:17:26.944192,333.2,738558.0,1107910.0
2025-06-18 11:17:27.206433,333.2,738558.0,1107910.0
2025-06-18 11:17:27.842255,333.2,738498.0,1107891.0
2025-06-18 11:17:28.207878,333.2,738498.0,1107891.0
2025-06-18 11:17:28.841570,333.2,738469.0,1107918.0
2025-06-18 11:17:29.208260,333.2,738469.0,1107918.0
2025-06-18 11:17:30.207958,333.2,738469.0,1107918.0
2025-06-18 11:17:30.342152,333.2,738496.0,1107795.0
2025-06-18 11:17:31.207962,333.2,738496.0,1107795.0
2025-06-18 11:17:31.341967,333.2,740749.0,1102947.0
2025-06-18 11:17:32.207983,333.2,740749.0,1102947.0
2025-06-18 11:17:32.444642,333.2,740958.0,1103571.0
2025-06-18 11:17:33.209454,333.2,740958.0,1103571.0
2025-06-18 11:17:33.445413,333.2,741193.0,1106091.0
2025-06-18 11:17:34.207454,333.2,741193.0,1106091.0
2025-06-18 11:17:34.549307,333.2,740775.0,1105522.0
2025-06-18 11:17:35.208423,333.2,740775.0,1105522.0
2025-06-18 11:17:36.156500,333.2,741325.0,1105973.0
2025-06-18 11:17:36.208361,333.2,741325.0,1105973.0
2025-06-18 11:17:37.206888,333.2,741325.0,1105973.0
2025-06-18 11:17:37.250121,333.2,741032.0,1105965.0
2025-06-18 11:17:38.207298,333.2,741032.0,1105965.0
2025-06-18 11:17:38.348106,333.2,740877.0,1106010.0
2025-06-18 11:17:39.209507,333.2,740877.0,1106010.0
2025-06-18 11:17:39.349639,333.2,740880.0,1105963.0
2025-06-18 11:17:40.207725,333.2,740880.0,1105963.0
2025-06-18 11:17:40.350628,333.2,741207.0,1106220.0
2025-06-18 11:17:41.215242,333.2,741207.0,1106220.0
2025-06-18 11:17:41.350791,333.2,741206.0,1106216.0
2025-06-18 11:17:42.351651,333.2,741206.0,1106579.0
2025-06-18 11:17:43.211600,333.2,741206.0,1106579.0
2025-06-18 11:17:43.454140,333.2,740734.0,1106579.0
2025-06-18 11:17:44.208467,333.15,740734.0,1106579.0
2025-06-18 11:17:44.552014,333.15,740625.0,1107120.0
2025-06-18 11:17:45.657552,333.2,740523.0,1107581.0
2025-06-18 11:17:46.208739,333.2,740523.0,1107581.0
2025-06-18 11:17:46.851636,333.25,740492.0,1108029.0
2025-06-18 11:17:47.210937,333.25,740492.0,1108029.0
2025-06-18 11:17:47.851343,333.25,739458.0,1108261.0
2025-06-18 11:17:48.208183,333.25,739458.0,1108261.0
2025-06-18 11:17:48.861459,333.2,740119.0,1108338.0
2025-06-18 11:17:49.206777,333.2,740119.0,1108338.0
2025-06-18 11:17:49.853558,333.25,742051.0,1107873.0
2025-06-18 11:17:50.208797,333.25,742051.0,1107873.0
2025-06-18 11:17:50.855352,333.25,742052.0,1107543.0
2025-06-18 11:17:51.229944,333.25,742052.0,1107543.0
2025-06-18 11:17:51.955697,333.25,742197.0,1107817.0
2025-06-18 11:17:52.206155,333.2,742197.0,1107817.0
2025-06-18 11:17:53.065204,333.25,742386.0,1107806.0
2025-06-18 11:17:53.206514,333.25,742386.0,1107806.0
2025-06-18 11:17:54.101671,333.2,741313.0,1107314.0
2025-06-18 11:17:54.207692,333.2,741313.0,1107314.0
2025-06-18 11:17:54.970809,333.2,742260.0,1107152.0
2025-06-18 11:17:55.209726,333.2,742260.0,1107152.0
2025-06-18 11:17:55.965213,333.25,742618.0,1106855.0
2025-06-18 11:17:56.207566,333.2,742618.0,1106855.0
2025-06-18 11:17:57.073614,333.25,743118.0,1106783.0
2025-06-18 11:17:57.211091,333.25,743118.0,1106783.0
2025-06-18 11:17:58.166862,333.25,743272.0,1106848.0
2025-06-18 11:17:58.207356,333.25,743272.0,1106848.0
2025-06-18 11:17:59.208777,333.25,743272.0,1106848.0
2025-06-18 11:17:59.264323,333.25,743265.0,1106470.0
2025-06-18 11:18:00.237270,333.25,743265.0,1106470.0
2025-06-18 11:18:00.362955,333.25,743371.0,1106520.0
2025-06-18 11:18:01.969684,333.25,743284.0,1106774.0
2025-06-18 11:18:02.249351,333.25,743284.0,1106774.0
2025-06-18 11:18:04.218541,333.25,743284.0,1106774.0
2025-06-18 11:18:06.219077,333.2,743284.0,1106774.0
2025-06-18 11:18:06.766480,333.25,744751.0,1106684.0
2025-06-18 11:18:08.237921,333.25,744751.0,1106684.0
2025-06-18 11:18:10.492870,333.2,744751.0,1106684.0
2025-06-18 11:18:11.577604,333.15,737764.0,1111360.0
2025-06-18 11:18:13.242690,333.2,737764.0,1111360.0
2025-06-18 11:18:17.210040,333.2,737764.0,1111360.0
2025-06-18 11:18:17.474194,333.2,741065.0,1109904.0
2025-06-18 11:18:19.216276,333.2,741065.0,1109904.0
2025-06-18 11:18:21.267235,333.1,741065.0,1109904.0
2025-06-18 11:18:23.212315,333.2,741065.0,1109904.0
2025-06-18 11:18:23.282911,333.2,741169.0,1108071.0
2025-06-18 11:18:25.216430,333.2,741169.0,1108071.0
2025-06-18 11:18:27.213704,333.1,741169.0,1108071.0
2025-06-18 11:18:28.481856,333.2,743780.0,1105651.0
2025-06-18 11:18:29.232589,333.1,743780.0,1105651.0
2025-06-18 11:18:31.216575,333.2,743780.0,1105651.0
2025-06-18 11:18:33.241807,333.2,743780.0,1105651.0
2025-06-18 11:18:33.487870,333.2,745144.0,1106275.0
2025-06-18 11:18:35.220067,333.2,745144.0,1106275.0
2025-06-18 11:18:37.221057,333.2,745144.0,1106275.0
2025-06-18 11:18:38.689817,333.2,734427.0,1105913.0
2025-06-18 11:18:39.216258,333.2,734427.0,1105913.0
2025-06-18 11:18:41.214142,333.2,734427.0,1105913.0
2025-06-18 11:18:43.217672,333.2,734427.0,1105913.0
2025-06-18 11:18:43.612027,333.2,738307.0,1104831.0
2025-06-18 11:18:45.213486,333.2,738307.0,1104831.0
2025-06-18 11:18:47.235238,333.2,738307.0,1104831.0
2025-06-18 11:18:48.288284,333.2,735377.0,1104535.0
2025-06-18 11:18:48.471080,333.2,735377.0,1104535.0
2025-06-18 11:18:49.217250,333.2,735377.0,1104535.0
2025-06-18 11:18:49.548143,333.2,735377.0,1104535.0
2025-06-18 11:18:50.467994,333.2,735377.0,1104535.0
2025-06-18 11:18:51.212776,333.2,735377.0,1104535.0
2025-06-18 11:18:51.400813,333.2,735377.0,1104535.0
2025-06-18 11:18:52.266000,333.2,735377.0,1104535.0
2025-06-18 11:18:52.894726,333.2,737584.0,1105329.0
2025-06-18 11:18:53.034756,333.2,737584.0,1105329.0
2025-06-18 11:18:53.216301,333.2,737584.0,1105329.0
2025-06-18 11:18:54.063757,333.2,737584.0,1105329.0
2025-06-18 11:18:55.030405,333.2,737584.0,1105329.0
2025-06-18 11:18:55.215744,333.1,737584.0,1105329.0
2025-06-18 11:18:55.514022,333.1,737584.0,1105329.0
2025-06-18 11:18:56.784469,333.1,737584.0,1105329.0
2025-06-18 11:18:57.217703,333.15,737584.0,1105329.0
2025-06-18 11:18:57.696209,333.15,737382.0,1107237.0
2025-06-18 11:18:58.026892,333.15,737382.0,1107237.0
2025-06-18 11:18:59.216901,333.15,737382.0,1107237.0
2025-06-18 11:19:00.281409,333.15,737382.0,1107237.0
2025-06-18 11:19:01.220994,333.15,737382.0,1107237.0
2025-06-18 11:19:01.560153,333.15,737382.0,1107237.0
2025-06-18 11:19:02.495141,333.15,737794.0,1107002.0
2025-06-18 11:19:02.709107,333.15,737794.0,1107002.0
2025-06-18 11:19:03.217582,333.2,737794.0,1107002.0
2025-06-18 11:19:04.183578,333.2,737794.0,1107002.0
2025-06-18 11:19:05.219678,333.2,737794.0,1107002.0
2025-06-18 11:19:07.220167,333.2,737794.0,1107002.0
2025-06-18 11:19:08.106963,333.15,741395.0,1106487.0
2025-06-18 11:19:09.217446,333.2,741395.0,1106487.0
2025-06-18 11:19:11.214696,333.15,741395.0,1106487.0
2025-06-18 11:19:13.205640,333.2,742130.0,1107138.0
2025-06-18 11:19:13.225040,333.2,742130.0,1107138.0
2025-06-18 11:19:15.217060,333.2,742130.0,1107138.0
2025-06-18 11:19:17.221457,333.2,742130.0,1107138.0
2025-06-18 11:19:18.309482,333.2,743490.0,1107168.0
2025-06-18 11:19:19.219117,333.1,743490.0,1107168.0
2025-06-18 11:19:21.219202,333.2,743490.0,1107168.0
2025-06-18 11:19:23.218833,333.2,743490.0,1107168.0
2025-06-18 11:19:23.711757,333.2,742054.0,1107160.0
2025-06-18 11:19:25.219409,333.2,742054.0,1107160.0
2025-06-18 11:19:27.222067,333.1,742054.0,1107160.0
2025-06-18 11:19:28.614449,333.1,743873.0,1106207.0
2025-06-18 11:19:29.218180,333.1,743873.0,1106207.0
2025-06-18 11:19:31.219975,333.2,743873.0,1106207.0
2025-06-18 11:19:33.218849,333.2,743873.0,1106207.0
2025-06-18 11:19:33.627528,333.2,742704.0,1107632.0
2025-06-18 11:19:35.225629,333.2,742704.0,1107632.0
2025-06-18 11:19:37.221420,333.15,742704.0,1107632.0
2025-06-18 11:19:38.419340,333.15,742464.0,1107926.0
2025-06-18 11:19:39.229798,333.15,742464.0,1107926.0
2025-06-18 11:19:41.218677,333.15,742464.0,1107926.0
2025-06-18 11:19:43.259898,333.15,742464.0,1107926.0
2025-06-18 11:19:43.424558,333.15,741313.0,1108017.0
2025-06-18 11:19:45.219288,333.15,741313.0,1108017.0
2025-06-18 11:19:47.226377,333.05,741313.0,1108017.0
2025-06-18 11:19:48.422636,333.15,741560.0,1107185.0
2025-06-18 11:19:49.280760,333.2,741560.0,1107185.0
2025-06-18 11:19:51.259391,333.2,741560.0,1107185.0
2025-06-18 11:19:53.231231,333.15,741560.0,1107185.0
2025-06-18 11:19:53.728039,333.2,743589.0,1106970.0
2025-06-18 11:19:55.226842,333.2,743589.0,1106970.0
2025-06-18 11:19:57.220337,333.2,743589.0,1106970.0
2025-06-18 11:20:00.476826,333.2,742781.0,1106302.0
2025-06-18 11:20:00.485346,333.2,742781.0,1106302.0
2025-06-18 11:20:01.229922,333.05,742781.0,1106302.0
2025-06-18 11:20:03.221997,333.15,742781.0,1106302.0
2025-06-18 11:20:04.037672,333.15,739865.0,1109282.0
2025-06-18 11:20:05.226124,333.05,739865.0,1109282.0
2025-06-18 11:20:06.219202,333.15,739865.0,1109282.0
2025-06-18 11:20:07.220191,333.15,739865.0,1109282.0
2025-06-18 11:20:08.218389,333.15,739865.0,1109282.0
2025-06-18 11:20:08.845069,333.15,739183.0,1108821.0
2025-06-18 11:20:09.219439,333.15,739183.0,1108821.0
2025-06-18 11:20:10.218659,333.15,739183.0,1108821.0
2025-06-18 11:20:11.217838,333.15,739183.0,1108821.0
2025-06-18 11:20:12.218503,333.05,739183.0,1108821.0
2025-06-18 11:20:13.222437,333.15,739183.0,1108821.0
2025-06-18 11:20:13.348247,333.15,740026.0,1108815.0
2025-06-18 11:20:15.214038,333.15,740026.0,1108815.0
2025-06-18 11:20:16.219319,333.15,740026.0,1108815.0
2025-06-18 11:20:17.220703,333.15,740026.0,1108815.0
2025-06-18 11:20:18.050391,333.15,740246.0,1108907.0
2025-06-18 11:20:18.224926,333.15,740246.0,1108907.0
2025-06-18 11:20:20.221081,333.2,740246.0,1108907.0
2025-06-18 11:20:22.218362,333.15,740246.0,1108907.0
2025-06-18 11:20:23.054802,333.05,742359.0,1108785.0
2025-06-18 11:20:23.252354,333.05,742359.0,1108785.0
2025-06-18 11:20:24.217586,333.2,742359.0,1108785.0
2025-06-18 11:20:25.218118,333.2,742359.0,1108785.0
2025-06-18 11:20:26.220985,333.15,742359.0,1108785.0
2025-06-18 11:20:28.218120,333.2,742359.0,1108785.0
2025-06-18 11:20:28.260542,333.2,736669.0,1108803.0
2025-06-18 11:20:30.225042,333.2,736669.0,1108803.0
2025-06-18 11:20:32.224164,333.2,736669.0,1108803.0
2025-06-18 11:20:33.160121,333.05,740137.0,1107774.0
2025-06-18 11:20:33.217102,333.05,740137.0,1107774.0
2025-06-18 11:20:34.223405,333.2,740137.0,1107774.0
2025-06-18 11:20:35.218336,333.2,740137.0,1107774.0
2025-06-18 11:20:36.223274,333.1,740137.0,1107774.0
2025-06-18 11:20:37.219702,333.05,740137.0,1107774.0
2025-06-18 11:20:38.067281,333.2,739148.0,1108685.0
2025-06-18 11:20:38.219666,333.2,739148.0,1108685.0
2025-06-18 11:20:39.218046,333.2,739148.0,1108685.0
2025-06-18 11:20:40.228003,333.05,739148.0,1108685.0
2025-06-18 11:20:41.219175,333.2,739148.0,1108685.0
2025-06-18 11:20:42.220114,333.2,739148.0,1108685.0
2025-06-18 11:20:42.872079,333.2,739380.0,1108604.0
2025-06-18 11:20:43.238894,333.2,739380.0,1108604.0
2025-06-18 11:20:44.228670,333.1,739380.0,1108604.0
2025-06-18 11:20:45.222177,333.1,739380.0,1108604.0
2025-06-18 11:20:46.221034,333.05,739380.0,1108604.0
2025-06-18 11:20:47.295593,333.1,739380.0,1108604.0
2025-06-18 11:20:47.874043,333.1,739388.0,1107270.0
2025-06-18 11:20:48.218978,333.1,739388.0,1107270.0
2025-06-18 11:20:49.219862,333.15,739388.0,1107270.0
2025-06-18 11:20:50.225635,333.05,739388.0,1107270.0
2025-06-18 11:20:51.229777,333.15,739388.0,1107270.0
2025-06-18 11:20:52.217272,333.15,739388.0,1107270.0
2025-06-18 11:20:52.875980,333.15,739877.0,1107949.0
2025-06-18 11:20:53.224626,333.15,739877.0,1107949.0
2025-06-18 11:20:54.226295,333.15,739877.0,1107949.0
2025-06-18 11:20:55.221004,333.15,739877.0,1107949.0
2025-06-18 11:20:56.258585,333.05,739877.0,1107949.0
2025-06-18 11:20:57.226035,333.15,739877.0,1107949.0
2025-06-18 11:20:57.978453,333.15,739501.0,1107546.0
2025-06-18 11:20:58.224740,333.15,739501.0,1107546.0
2025-06-18 11:20:59.221771,333.15,739501.0,1107546.0
2025-06-18 11:21:00.222769,333.2,739501.0,1107546.0
2025-06-18 11:21:01.226120,333.2,739501.0,1107546.0
2025-06-18 11:21:02.216908,333.2,739501.0,1107546.0
2025-06-18 11:21:02.579857,333.2,738950.0,1107689.0
2025-06-18 11:21:03.240585,333.2,738950.0,1107689.0
2025-06-18 11:21:04.219410,333.2,738950.0,1107689.0
2025-06-18 11:21:05.222505,333.2,738950.0,1107689.0
2025-06-18 11:21:06.226501,333.1,738950.0,1107689.0
2025-06-18 11:21:07.218072,333.2,738950.0,1107689.0
2025-06-18 11:21:07.479917,333.2,739242.0,1107426.0
2025-06-18 11:21:08.218369,333.2,739242.0,1107426.0
2025-06-18 11:21:09.218613,333.2,739242.0,1107426.0
2025-06-18 11:21:10.218527,333.2,739242.0,1107426.0
2025-06-18 11:21:11.222532,333.15,739242.0,1107426.0
2025-06-18 11:21:12.221182,333.15,739242.0,1107426.0
2025-06-18 11:21:12.285655,333.15,737627.0,1113662.0
2025-06-18 11:21:13.252116,333.15,737627.0,1113662.0
2025-06-18 11:21:14.216284,333.15,737627.0,1113662.0
2025-06-18 11:21:15.235914,333.15,737627.0,1113662.0
2025-06-18 11:21:16.220847,333.1,737627.0,1113662.0
2025-06-18 11:21:16.989209,333.1,738686.0,1115241.0
2025-06-18 11:21:18.221504,333.15,738686.0,1115241.0
2025-06-18 11:21:19.219213,333.15,738686.0,1115241.0
2025-06-18 11:21:20.221297,333.15,738686.0,1115241.0
2025-06-18 11:21:21.230730,333.15,738686.0,1115241.0
2025-06-18 11:21:21.789717,333.15,739290.0,1114259.0
2025-06-18 11:21:22.222141,333.15,739290.0,1114259.0
2025-06-18 11:21:23.218700,333.15,739290.0,1114259.0
2025-06-18 11:21:24.236461,333.15,739290.0,1114259.0
2025-06-18 11:21:25.226527,333.15,739290.0,1114259.0
2025-06-18 11:21:26.221244,333.1,739290.0,1114259.0
2025-06-18 11:21:26.892252,333.15,739327.0,1112316.0
2025-06-18 11:21:27.229960,333.15,739327.0,1112316.0
2025-06-18 11:21:28.221072,333.15,739327.0,1112316.0
2025-06-18 11:21:29.220055,333.15,739327.0,1112316.0
2025-06-18 11:21:30.219911,333.15,739327.0,1112316.0
2025-06-18 11:21:31.220480,333.05,739327.0,1112316.0
2025-06-18 11:21:31.994023,333.05,738370.0,1108563.0
2025-06-18 11:21:33.222818,333.1,738370.0,1108563.0
2025-06-18 11:21:34.220734,333.15,738370.0,1108563.0
2025-06-18 11:21:36.219129,333.1,738370.0,1108563.0
2025-06-18 11:21:36.994701,333.1,738914.0,1108852.0
2025-06-18 11:21:37.223382,333.15,738914.0,1108852.0
2025-06-18 11:21:38.228644,333.15,738914.0,1108852.0
2025-06-18 11:21:39.247620,333.15,738914.0,1108852.0
2025-06-18 11:21:41.403529,333.15,738461.0,1107958.0
2025-06-18 11:21:44.225271,333.15,738461.0,1107958.0
2025-06-18 11:21:46.116804,333.15,738068.0,1108233.0
2025-06-18 11:21:46.236445,333.15,738068.0,1108233.0
2025-06-18 11:21:47.236082,333.15,738068.0,1108233.0
2025-06-18 11:21:48.227460,333.15,738068.0,1108233.0
2025-06-18 11:21:49.050168,333.15,738068.0,1108233.0
2025-06-18 11:21:49.227047,333.15,738068.0,1108233.0
2025-06-18 11:21:50.211031,333.15,738068.0,1108233.0
2025-06-18 11:21:50.228437,333.15,738068.0,1108233.0
2025-06-18 11:21:50.905327,333.1,738485.0,1108173.0
2025-06-18 11:21:51.053895,333.1,738485.0,1108173.0
2025-06-18 11:21:51.254474,333.1,738485.0,1108173.0
2025-06-18 11:21:52.580363,333.1,738485.0,1108173.0
2025-06-18 11:21:52.597194,333.15,738485.0,1108173.0
2025-06-18 11:21:52.846021,333.15,738485.0,1108173.0
2025-06-18 11:21:53.255930,333.15,738485.0,1108173.0
2025-06-18 11:21:53.651021,333.15,738485.0,1108173.0
2025-06-18 11:21:54.223149,333.15,738485.0,1108173.0
2025-06-18 11:21:54.653273,333.15,738485.0,1108173.0
2025-06-18 11:21:55.209107,333.15,738485.0,1108173.0
2025-06-18 11:21:55.243092,333.15,738485.0,1108173.0
2025-06-18 11:21:55.621782,333.15,738485.0,1108173.0
2025-06-18 11:21:56.013419,333.15,738996.0,1108253.0
2025-06-18 11:21:56.110426,333.15,738996.0,1108253.0
2025-06-18 11:21:56.219353,333.15,738996.0,1108253.0
2025-06-18 11:21:56.480883,333.15,738996.0,1108253.0
2025-06-18 11:21:57.232574,333.15,738996.0,1108253.0
2025-06-18 11:21:57.360626,333.15,738996.0,1108253.0
2025-06-18 11:21:58.227107,333.15,738996.0,1108253.0
2025-06-18 11:21:58.673019,333.15,738996.0,1108253.0
2025-06-18 11:21:59.496685,333.15,738996.0,1108253.0
2025-06-18 11:22:00.227596,333.15,738996.0,1108253.0
2025-06-18 11:22:00.883168,333.15,738996.0,1108253.0
2025-06-18 11:22:01.211944,333.15,738947.0,1108400.0
2025-06-18 11:22:01.221465,333.15,738947.0,1108400.0
2025-06-18 11:22:02.018096,333.15,738947.0,1108400.0
2025-06-18 11:22:02.227283,333.1,738947.0,1108400.0
2025-06-18 11:22:03.230294,333.15,738947.0,1108400.0
2025-06-18 11:22:03.386035,333.15,738947.0,1108400.0
2025-06-18 11:22:05.187129,333.15,738947.0,1108400.0
2025-06-18 11:22:05.221266,333.15,738947.0,1108400.0
2025-06-18 11:22:05.232391,333.15,738947.0,1108400.0
2025-06-18 11:22:05.918140,333.1,737976.0,1107591.0
2025-06-18 11:22:06.226010,333.1,737976.0,1107591.0
2025-06-18 11:22:07.228126,333.15,737976.0,1107591.0
2025-06-18 11:22:08.223891,333.15,737976.0,1107591.0
2025-06-18 11:22:09.222923,333.15,737976.0,1107591.0
2025-06-18 11:22:10.223037,333.15,737976.0,1107591.0
2025-06-18 11:22:11.297708,333.05,738021.0,1107763.0
2025-06-18 11:22:11.305444,333.05,738021.0,1107763.0
2025-06-18 11:22:12.227331,333.15,738021.0,1107763.0
2025-06-18 11:22:13.229261,333.15,738021.0,1107763.0
2025-06-18 11:22:15.256616,333.15,738021.0,1107763.0
2025-06-18 11:22:16.135504,333.05,738627.0,1107618.0
2025-06-18 11:22:16.234731,333.05,738627.0,1107618.0
2025-06-18 11:22:17.254200,333.05,738627.0,1107618.0
2025-06-18 11:22:18.226548,333.15,738627.0,1107618.0
2025-06-18 11:22:19.360693,333.15,738627.0,1107618.0
2025-06-18 11:22:21.156684,333.15,738411.0,1108219.0
2025-06-18 11:22:21.254939,333.15,738411.0,1108219.0
2025-06-18 11:22:22.252268,333.15,738411.0,1108219.0
2025-06-18 11:22:23.227063,333.15,738411.0,1108219.0
2025-06-18 11:22:24.230010,333.15,738411.0,1108219.0
2025-06-18 11:22:25.230935,333.15,738411.0,1108219.0
2025-06-18 11:22:26.030095,333.05,738397.0,1107951.0
2025-06-18 11:22:26.235563,333.05,738397.0,1107951.0
2025-06-18 11:22:28.248211,333.05,738397.0,1107951.0
2025-06-18 11:22:29.223814,333.05,738397.0,1107951.0
2025-06-18 11:22:30.226276,333.05,738397.0,1107951.0
2025-06-18 11:22:30.857233,333.15,739078.0,1108079.0
2025-06-18 11:22:31.228741,333.15,739078.0,1108079.0
2025-06-18 11:22:32.250576,333.15,739078.0,1108079.0
2025-06-18 11:22:33.230249,333.15,739078.0,1108079.0
2025-06-18 11:22:34.249595,333.15,739078.0,1108079.0
2025-06-18 11:22:35.228262,333.15,739078.0,1108079.0
2025-06-18 11:22:35.833553,333.15,735623.0,1107530.0
2025-06-18 11:22:36.228398,333.05,735623.0,1107530.0
2025-06-18 11:22:37.224225,333.15,735623.0,1107530.0
2025-06-18 11:22:38.255242,333.15,735623.0,1107530.0
2025-06-18 11:22:39.229814,333.15,735623.0,1107530.0
2025-06-18 11:22:40.352734,333.15,735623.0,1107530.0
2025-06-18 11:22:40.938774,333.15,735931.0,1107252.0
2025-06-18 11:22:41.233906,333.15,735931.0,1107252.0
2025-06-18 11:22:42.228511,333.1,735931.0,1107252.0
2025-06-18 11:22:43.222982,333.15,735931.0,1107252.0
2025-06-18 11:22:45.131817,333.15,735931.0,1107252.0
2025-06-18 11:22:45.247427,333.15,735931.0,1107252.0
2025-06-18 11:22:46.153129,333.1,738095.0,1107283.0
2025-06-18 11:22:46.232303,333.1,738095.0,1107283.0
2025-06-18 11:22:47.226281,333.15,738095.0,1107283.0
2025-06-18 11:22:48.234499,333.15,738095.0,1107283.0
2025-06-18 11:22:49.226102,333.1,738095.0,1107283.0
2025-06-18 11:22:50.230097,333.15,738095.0,1107283.0
2025-06-18 11:22:51.547263,333.15,737824.0,1110310.0
2025-06-18 11:22:52.259706,333.15,737824.0,1110310.0
2025-06-18 11:22:53.233143,333.15,737824.0,1110310.0
2025-06-18 11:22:54.232735,333.1,737824.0,1110310.0
2025-06-18 11:22:55.230447,333.15,737824.0,1110310.0
2025-06-18 11:22:56.231574,333.1,737824.0,1110310.0
2025-06-18 11:22:56.252594,333.1,738186.0,1107909.0
2025-06-18 11:22:57.227081,333.15,738186.0,1107909.0
2025-06-18 11:22:58.234255,333.15,738186.0,1107909.0
2025-06-18 11:22:59.238557,333.15,738186.0,1107909.0
2025-06-18 11:23:00.237785,333.15,738186.0,1107909.0
2025-06-18 11:23:00.952416,333.15,737690.0,1107519.0
2025-06-18 11:23:01.227776,333.15,737690.0,1107519.0
2025-06-18 11:23:02.245630,333.15,737690.0,1107519.0
2025-06-18 11:23:03.237260,333.1,737690.0,1107519.0
2025-06-18 11:23:04.228435,333.15,737690.0,1107519.0
2025-06-18 11:23:05.227933,333.1,737690.0,1107519.0
2025-06-18 11:23:05.856421,333.15,737566.0,1108140.0
2025-06-18 11:23:06.239092,333.1,737566.0,1108140.0
2025-06-18 11:23:07.229412,333.15,737566.0,1108140.0
2025-06-18 11:23:08.232530,333.15,737566.0,1108140.0
2025-06-18 11:23:09.228403,333.1,737566.0,1108140.0
2025-06-18 11:23:10.229569,333.1,737566.0,1108140.0
2025-06-18 11:23:10.854683,333.15,736671.0,1107900.0
2025-06-18 11:23:11.236554,333.15,736671.0,1107900.0
2025-06-18 11:23:12.575125,333.15,736671.0,1107900.0
2025-06-18 11:23:13.243201,333.1,736671.0,1107900.0
2025-06-18 11:23:14.238907,333.15,736671.0,1107900.0
2025-06-18 11:23:15.236046,333.15,736671.0,1107900.0
2025-06-18 11:23:15.673022,333.15,730821.0,1107368.0
2025-06-18 11:23:18.235338,333.1,730821.0,1107368.0
2025-06-18 11:23:21.177033,333.1,727832.0,1114521.0
2025-06-18 11:23:21.227141,333.1,727832.0,1114521.0
2025-06-18 11:23:24.261290,333.1,727832.0,1114521.0
2025-06-18 11:23:25.261619,332.95,727832.0,1114521.0
2025-06-18 11:23:26.677422,333.0,715576.0,1129376.0
2025-06-18 11:23:27.237583,333.0,715576.0,1129376.0
2025-06-18 11:23:29.254596,333.05,715576.0,1129376.0
2025-06-18 11:23:31.281504,333.05,715576.0,1129376.0
2025-06-18 11:23:31.874472,333.05,722707.0,1123522.0
2025-06-18 11:23:33.239260,333.05,722707.0,1123522.0
2025-06-18 11:23:35.233281,332.9,722707.0,1123522.0
2025-06-18 11:23:37.193289,333.0,717877.0,1126451.0
2025-06-18 11:23:37.239237,333.0,717877.0,1126451.0
2025-06-18 11:23:39.236828,333.0,717877.0,1126451.0
2025-06-18 11:23:41.248086,333.0,717877.0,1126451.0
2025-06-18 11:23:42.078341,333.0,716530.0,1124206.0
2025-06-18 11:23:43.239095,333.0,716530.0,1124206.0
2025-06-18 11:23:45.236529,332.8,716530.0,1124206.0
2025-06-18 11:23:46.980093,332.8,715372.0,1131551.0
2025-06-18 11:23:47.236252,332.8,715372.0,1131551.0
2025-06-18 11:23:49.384844,332.85,715372.0,1131551.0
2025-06-18 11:23:51.242870,332.85,715372.0,1131551.0
2025-06-18 11:23:51.784472,332.85,712508.0,1131214.0
2025-06-18 11:23:53.239044,332.85,712508.0,1131214.0
2025-06-18 11:23:55.240502,332.75,712508.0,1131214.0
2025-06-18 11:23:56.488371,332.8,709272.0,1133676.0
2025-06-18 11:23:57.252500,332.8,709272.0,1133676.0
2025-06-18 11:23:59.250324,332.7,709272.0,1133676.0
2025-06-18 11:24:01.239423,332.8,709272.0,1133676.0
2025-06-18 11:24:01.590678,332.8,710406.0,1134787.0
2025-06-18 11:24:03.239964,332.7,710406.0,1134787.0
2025-06-18 11:24:05.243015,332.65,710406.0,1134787.0
2025-06-18 11:24:06.493836,332.7,710208.0,1134282.0
2025-06-18 11:24:07.245680,332.8,710208.0,1134282.0
2025-06-18 11:24:09.243051,332.75,710208.0,1134282.0
2025-06-18 11:24:11.248400,332.8,710208.0,1134282.0
2025-06-18 11:24:11.497554,332.75,712290.0,1132280.0
2025-06-18 11:24:13.238352,332.75,712290.0,1132280.0
2025-06-18 11:24:15.241452,332.85,712290.0,1132280.0
2025-06-18 11:24:17.287480,332.85,709281.0,1134984.0
2025-06-18 11:24:17.361884,332.85,709281.0,1134984.0
2025-06-18 11:24:19.281517,332.9,709281.0,1134984.0
2025-06-18 11:24:21.264533,332.9,709281.0,1134984.0
2025-06-18 11:24:21.298176,332.9,716301.0,1128378.0
2025-06-18 11:24:23.263788,332.85,716301.0,1128378.0
2025-06-18 11:24:25.237115,332.85,716301.0,1128378.0
2025-06-18 11:24:26.502139,332.85,713874.0,1134980.0
2025-06-18 11:24:27.256113,332.85,713874.0,1134980.0
2025-06-18 11:24:29.249807,332.8,713874.0,1134980.0
2025-06-18 11:24:31.265403,332.8,713874.0,1134980.0
2025-06-18 11:24:31.708696,332.8,715354.0,1141402.0
2025-06-18 11:24:33.281619,332.7,715354.0,1141402.0
2025-06-18 11:24:35.245148,332.8,715354.0,1141402.0
2025-06-18 11:24:36.506083,332.8,711970.0,1135633.0
2025-06-18 11:24:37.263776,332.65,711970.0,1135633.0
2025-06-18 11:24:39.272524,332.8,711970.0,1135633.0
2025-06-18 11:24:41.237853,332.8,711970.0,1135633.0
2025-06-18 11:24:41.307080,332.8,714494.0,1134420.0
2025-06-18 11:24:43.236778,332.8,714494.0,1134420.0
2025-06-18 11:24:45.232755,332.8,714494.0,1134420.0
2025-06-18 11:24:46.308899,332.7,713185.0,1134473.0
2025-06-18 11:24:47.243789,332.8,713185.0,1134473.0
2025-06-18 11:24:49.452427,332.7,713185.0,1134473.0
2025-06-18 11:24:49.486434,332.7,713185.0,1134473.0
2025-06-18 11:24:50.570929,332.7,713185.0,1134473.0
2025-06-18 11:24:51.255161,332.8,713185.0,1134473.0
2025-06-18 11:24:51.415582,332.8,711725.0,1133294.0
2025-06-18 11:24:51.478569,332.8,711725.0,1133294.0
2025-06-18 11:24:52.408599,332.8,711725.0,1133294.0
2025-06-18 11:24:53.237680,332.8,711725.0,1133294.0
2025-06-18 11:24:53.301190,332.8,711725.0,1133294.0
2025-06-18 11:24:54.043539,332.8,711725.0,1133294.0
2025-06-18 11:24:55.063430,332.8,711725.0,1133294.0
2025-06-18 11:24:55.313631,332.8,711725.0,1133294.0
2025-06-18 11:24:55.636219,332.8,711725.0,1133294.0
2025-06-18 11:24:56.051790,332.8,711725.0,1133294.0
2025-06-18 11:24:56.221182,332.8,710634.0,1133386.0
2025-06-18 11:24:56.526546,332.8,710634.0,1133386.0
2025-06-18 11:24:57.233496,332.8,710634.0,1133386.0
2025-06-18 11:24:57.782197,332.8,710634.0,1133386.0
2025-06-18 11:24:59.027313,332.8,710634.0,1133386.0
2025-06-18 11:24:59.240022,332.65,710634.0,1133386.0
2025-06-18 11:24:59.900588,332.65,710634.0,1133386.0
2025-06-18 11:25:01.021858,332.8,713548.0,1133438.0
2025-06-18 11:25:01.234792,332.8,713548.0,1133438.0
2025-06-18 11:25:01.283611,332.8,713548.0,1133438.0
2025-06-18 11:25:02.022463,332.8,713411.0,1133484.0
2025-06-18 11:25:02.245784,332.8,713411.0,1133484.0
2025-06-18 11:25:02.414036,332.8,713411.0,1133484.0
2025-06-18 11:25:02.929483,332.7,712212.0,1133652.0
2025-06-18 11:25:03.229527,332.8,712212.0,1133652.0
2025-06-18 11:25:03.547065,332.8,712212.0,1133652.0
2025-06-18 11:25:03.950278,332.7,713192.0,1133597.0
2025-06-18 11:25:04.231689,332.7,713192.0,1133597.0
2025-06-18 11:25:04.826657,332.8,713189.0,1133607.0
2025-06-18 11:25:05.012455,332.8,713189.0,1133607.0
2025-06-18 11:25:05.239510,332.8,713189.0,1133607.0
2025-06-18 11:25:05.727756,332.8,711529.0,1133334.0
2025-06-18 11:25:06.226572,332.75,711529.0,1133334.0
2025-06-18 11:25:06.631730,332.75,710119.0,1133874.0
2025-06-18 11:25:07.228530,332.8,710119.0,1133874.0
2025-06-18 11:25:07.527654,332.8,709085.0,1133845.0
2025-06-18 11:25:08.228131,332.8,709085.0,1133845.0
2025-06-18 11:25:09.127969,332.8,708883.0,1133813.0
2025-06-18 11:25:09.226844,332.75,708883.0,1133813.0
2025-06-18 11:25:10.227342,332.75,708883.0,1133813.0
2025-06-18 11:25:10.430559,332.75,709805.0,1135870.0
2025-06-18 11:25:11.264546,332.65,709805.0,1135870.0
2025-06-18 11:25:11.332066,332.65,710054.0,1135780.0
2025-06-18 11:25:12.229094,332.75,710054.0,1135780.0
2025-06-18 11:25:13.133184,332.75,710579.0,1136343.0
2025-06-18 11:25:13.255950,332.75,710579.0,1136343.0
2025-06-18 11:25:14.032507,332.75,710234.0,1136807.0
2025-06-18 11:25:14.236213,332.75,710234.0,1136807.0
2025-06-18 11:25:15.033865,332.75,707607.0,1135789.0
2025-06-18 11:25:15.228858,332.8,707607.0,1135789.0
2025-06-18 11:25:15.932475,332.8,707643.0,1135473.0
2025-06-18 11:25:16.228602,332.8,707643.0,1135473.0
2025-06-18 11:25:16.833410,332.75,707301.0,1135496.0
2025-06-18 11:25:17.227263,332.8,707301.0,1135496.0
2025-06-18 11:25:17.736313,332.8,707337.0,1135411.0
2025-06-18 11:25:18.229880,332.8,707337.0,1135411.0
2025-06-18 11:25:18.642216,332.8,707754.0,1135552.0
2025-06-18 11:25:19.229894,332.75,707754.0,1135552.0
2025-06-18 11:25:19.534751,332.8,708802.0,1135437.0
2025-06-18 11:25:20.230847,332.8,708802.0,1135437.0
2025-06-18 11:25:20.833651,332.8,708145.0,1135402.0
2025-06-18 11:25:21.229896,332.8,708145.0,1135402.0
2025-06-18 11:25:21.536651,332.8,708066.0,1135399.0
2025-06-18 11:25:22.230937,332.8,708066.0,1135399.0
2025-06-18 11:25:22.718562,332.75,708065.0,1135592.0
2025-06-18 11:25:23.365424,332.8,708065.0,1135592.0
2025-06-18 11:25:23.718858,332.8,707393.0,1136058.0
2025-06-18 11:25:24.240744,332.8,707393.0,1136058.0
2025-06-18 11:25:24.644423,332.8,706993.0,1136415.0
2025-06-18 11:25:25.227957,332.8,706993.0,1136415.0
2025-06-18 11:25:25.640991,332.8,706760.0,1135816.0
2025-06-18 11:25:26.231191,332.75,706760.0,1135816.0
2025-06-18 11:25:26.644210,332.8,707245.0,1135813.0
2025-06-18 11:25:27.229168,332.8,707245.0,1135813.0
2025-06-18 11:25:27.803425,332.8,707990.0,1135787.0
2025-06-18 11:25:28.233259,332.8,707990.0,1135787.0
2025-06-18 11:25:28.645055,332.8,708005.0,1135851.0
2025-06-18 11:25:29.232379,332.8,708005.0,1135851.0
2025-06-18 11:25:29.599435,332.8,706995.0,1135929.0
2025-06-18 11:25:30.270900,332.8,706995.0,1135929.0
2025-06-18 11:25:30.538733,332.8,708669.0,1136135.0
2025-06-18 11:25:31.232670,332.8,708669.0,1136135.0
2025-06-18 11:25:31.652574,332.8,708148.0,1135640.0
2025-06-18 11:25:32.235436,332.8,708148.0,1135640.0
2025-06-18 11:25:32.647349,332.8,708243.0,1135609.0
2025-06-18 11:25:33.228758,332.8,708243.0,1135609.0
2025-06-18 11:25:33.647490,332.8,708006.0,1135832.0
2025-06-18 11:25:34.231524,332.8,708006.0,1135832.0
2025-06-18 11:25:34.544068,332.65,707225.0,1135107.0
2025-06-18 11:25:35.240516,332.65,707225.0,1135107.0
2025-06-18 11:25:35.544101,332.65,707237.0,1135181.0
2025-06-18 11:25:36.233181,332.65,707237.0,1135181.0
2025-06-18 11:25:36.648713,332.8,709632.0,1136474.0
2025-06-18 11:25:37.229814,332.8,709632.0,1136474.0
2025-06-18 11:25:37.651841,332.8,709688.0,1136390.0
2025-06-18 11:25:39.899737,332.8,709688.0,1136390.0
2025-06-18 11:25:39.903631,332.8,709687.0,1136389.0
2025-06-18 11:25:39.908338,332.8,709687.0,1136389.0
2025-06-18 11:25:39.941845,332.8,709961.0,1136460.0
2025-06-18 11:25:40.228279,332.8,709961.0,1136460.0
2025-06-18 11:25:40.650794,332.8,712014.0,1136340.0
2025-06-18 11:25:41.225374,332.8,712014.0,1136340.0
2025-06-18 11:25:41.652553,332.8,711859.0,1136351.0
2025-06-18 11:25:42.229440,332.8,711859.0,1136351.0
2025-06-18 11:25:42.745940,332.8,711313.0,1136039.0
2025-06-18 11:25:43.229922,332.75,711313.0,1136039.0
2025-06-18 11:25:43.845721,332.65,709486.0,1136172.0
2025-06-18 11:25:44.229770,332.65,709486.0,1136172.0
2025-06-18 11:25:44.947054,332.8,711933.0,1135946.0
2025-06-18 11:25:45.231071,332.8,711933.0,1135946.0
2025-06-18 11:25:46.047721,332.65,711379.0,1136012.0
2025-06-18 11:25:46.241948,332.65,711379.0,1136012.0
2025-06-18 11:25:47.156954,332.8,711932.0,1136913.0
2025-06-18 11:25:47.232715,332.8,711932.0,1136913.0
2025-06-18 11:25:48.238244,332.8,711932.0,1136913.0
2025-06-18 11:25:48.259678,332.8,712209.0,1135806.0
2025-06-18 11:25:49.226238,332.8,712209.0,1135806.0
2025-06-18 11:25:49.346874,332.8,712196.0,1136819.0
2025-06-18 11:25:50.227822,332.8,712196.0,1136819.0
2025-06-18 11:25:50.373775,332.65,712180.0,1136687.0
2025-06-18 11:25:51.233974,332.65,712180.0,1136687.0
2025-06-18 11:25:51.449802,332.65,712127.0,1136754.0
2025-06-18 11:25:52.240308,332.8,712127.0,1136754.0
2025-06-18 11:25:52.449076,332.8,712124.0,1136665.0
2025-06-18 11:25:53.230912,332.8,712124.0,1136665.0
2025-06-18 11:25:53.449729,332.8,711950.0,1136921.0
2025-06-18 11:25:54.230281,332.8,711950.0,1136921.0
2025-06-18 11:25:54.550048,332.8,712025.0,1135615.0
2025-06-18 11:25:55.234523,332.8,712025.0,1135615.0
2025-06-18 11:25:55.549369,332.8,711752.0,1136604.0
2025-06-18 11:25:56.225983,332.65,711752.0,1136604.0
2025-06-18 11:25:56.748449,332.8,711760.0,1136533.0
2025-06-18 11:25:57.244010,332.8,711760.0,1136533.0
2025-06-18 11:25:57.661298,332.8,711673.0,1136621.0
2025-06-18 11:25:58.232704,332.8,711673.0,1136621.0
2025-06-18 11:25:58.663842,332.65,711577.0,1136690.0
2025-06-18 11:25:59.226674,332.65,711577.0,1136690.0
2025-06-18 11:25:59.753392,332.8,711841.0,1136802.0
2025-06-18 11:26:00.232576,332.8,711841.0,1136802.0
2025-06-18 11:26:00.753247,332.8,711767.0,1136528.0
2025-06-18 11:26:01.247892,332.8,711767.0,1136528.0
2025-06-18 11:26:02.757734,332.8,711605.0,1136980.0
2025-06-18 11:26:03.259449,332.8,711605.0,1136980.0
2025-06-18 11:26:05.257492,332.8,711605.0,1136980.0
2025-06-18 11:26:07.239016,332.8,711605.0,1136980.0
2025-06-18 11:26:07.856183,332.8,710528.0,1135272.0
2025-06-18 11:26:09.256958,332.7,710528.0,1135272.0
2025-06-18 11:26:11.435464,332.7,710528.0,1135272.0
2025-06-18 11:26:12.676394,332.75,709954.0,1137825.0
2025-06-18 11:26:13.243486,332.75,709954.0,1137825.0
2025-06-18 11:26:15.253412,332.75,709954.0,1137825.0
2025-06-18 11:26:17.233158,332.8,709954.0,1137825.0
2025-06-18 11:26:17.571077,332.8,710331.0,1136131.0
2025-06-18 11:26:19.251633,332.8,710331.0,1136131.0
2025-06-18 11:26:21.294485,332.8,710331.0,1136131.0
2025-06-18 11:26:22.467905,332.8,710867.0,1136211.0
2025-06-18 11:26:23.272233,332.8,710867.0,1136211.0
2025-06-18 11:26:25.278108,332.8,710867.0,1136211.0
2025-06-18 11:26:27.255071,332.8,710867.0,1136211.0
2025-06-18 11:26:27.369661,332.8,711628.0,1135074.0
2025-06-18 11:26:29.262655,332.8,711628.0,1135074.0
2025-06-18 11:26:31.238978,332.8,711628.0,1135074.0
2025-06-18 11:26:32.371809,332.8,711438.0,1136421.0
2025-06-18 11:26:33.270138,332.65,711438.0,1136421.0
2025-06-18 11:26:35.265689,332.8,711438.0,1136421.0
2025-06-18 11:26:37.079851,332.7,711408.0,1135219.0
2025-06-18 11:26:37.257162,332.7,711408.0,1135219.0
2025-06-18 11:26:39.275505,332.7,711408.0,1135219.0
2025-06-18 11:26:41.246863,332.8,711408.0,1135219.0
2025-06-18 11:26:42.279744,332.8,712443.0,1133856.0
2025-06-18 11:26:43.263758,332.8,712443.0,1133856.0
2025-06-18 11:26:45.234488,332.8,712443.0,1133856.0
2025-06-18 11:26:47.243273,332.8,712443.0,1133856.0
2025-06-18 11:26:47.481700,332.8,712291.0,1136771.0
2025-06-18 11:26:49.242443,332.8,712291.0,1136771.0
2025-06-18 11:26:51.238406,332.8,712291.0,1136771.0
2025-06-18 11:26:52.384923,332.8,710484.0,1136514.0
2025-06-18 11:26:53.245947,332.8,710484.0,1136514.0
2025-06-18 11:26:55.244240,332.8,710484.0,1136514.0
2025-06-18 11:26:57.237842,332.5,710484.0,1136514.0
2025-06-18 11:26:57.390422,332.5,715608.0,1151417.0
2025-06-18 11:26:59.250738,332.55,715608.0,1151417.0
2025-06-18 11:27:01.234886,332.55,715608.0,1151417.0
2025-06-18 11:27:01.720829,332.55,728286.0,1142886.0
2025-06-18 11:27:02.234799,332.65,728286.0,1142886.0
2025-06-18 11:27:02.596753,332.65,730640.0,1142185.0
2025-06-18 11:27:03.235808,332.5,730640.0,1142185.0
2025-06-18 11:27:03.725301,332.5,727352.0,1143401.0
2025-06-18 11:27:04.253303,332.65,727352.0,1143401.0
2025-06-18 11:27:04.798209,332.65,725998.0,1143737.0
2025-06-18 11:27:05.238420,332.65,725998.0,1143737.0
2025-06-18 11:27:05.797116,332.65,726466.0,1142877.0
2025-06-18 11:27:06.263221,332.6,726466.0,1142877.0
2025-06-18 11:27:06.796512,332.6,722875.0,1145185.0
2025-06-18 11:27:07.244024,332.6,722875.0,1145185.0
2025-06-18 11:27:07.796478,332.6,723073.0,1144843.0
2025-06-18 11:27:08.244980,332.6,723073.0,1144843.0
2025-06-18 11:27:08.899584,332.65,726493.0,1143947.0
2025-06-18 11:27:09.239535,332.6,726493.0,1143947.0
2025-06-18 11:27:09.904315,332.6,731646.0,1142414.0
2025-06-18 11:27:10.241686,332.6,731646.0,1142414.0
2025-06-18 11:27:11.001015,332.65,729796.0,1143190.0
2025-06-18 11:27:11.246983,332.65,729796.0,1143190.0
2025-06-18 11:27:12.100731,332.65,729402.0,1141648.0
2025-06-18 11:27:12.230348,332.65,729402.0,1141648.0
2025-06-18 11:27:13.212513,332.65,732645.0,1141721.0
2025-06-18 11:27:13.236921,332.65,732645.0,1141721.0
2025-06-18 11:27:14.246310,332.65,732645.0,1141721.0
2025-06-18 11:27:14.302355,332.65,732584.0,1140437.0
2025-06-18 11:27:15.246466,332.65,732584.0,1140437.0
2025-06-18 11:27:15.301907,332.65,732531.0,1141507.0
2025-06-18 11:27:16.251652,332.55,732531.0,1141507.0
2025-06-18 11:27:16.405690,332.65,732661.0,1140979.0
2025-06-18 11:27:17.244626,332.65,732661.0,1140979.0
2025-06-18 11:27:17.503366,332.65,732903.0,1141377.0
2025-06-18 11:27:18.270134,332.65,732903.0,1141377.0
2025-06-18 11:27:18.602933,332.65,732959.0,1141292.0
2025-06-18 11:27:20.439972,332.65,732959.0,1141292.0
2025-06-18 11:27:20.483507,332.55,733989.0,1141654.0
2025-06-18 11:27:20.518939,332.65,733989.0,1141654.0
2025-06-18 11:27:20.605146,332.65,734027.0,1141461.0
2025-06-18 11:27:21.235688,332.65,734027.0,1141461.0
2025-06-18 11:27:21.719471,332.65,734038.0,1141735.0
2025-06-18 11:27:22.255958,332.65,734038.0,1141735.0
2025-06-18 11:27:22.718120,332.65,733608.0,1141262.0
2025-06-18 11:27:23.278134,332.65,733608.0,1141262.0
2025-06-18 11:27:23.718450,332.65,734055.0,1141322.0
2025-06-18 11:27:24.255576,332.65,734055.0,1141322.0
2025-06-18 11:27:24.604884,332.65,734124.0,1141709.0
2025-06-18 11:27:25.273587,332.65,734124.0,1141709.0
2025-06-18 11:27:25.721965,332.65,733889.0,1141348.0
2025-06-18 11:27:26.271738,332.55,733889.0,1141348.0
2025-06-18 11:27:26.717991,332.55,734279.0,1140585.0
2025-06-18 11:27:27.714689,332.65,733727.0,1140486.0
2025-06-18 11:27:28.269914,332.65,733727.0,1140486.0
2025-06-18 11:27:28.721822,332.55,732895.0,1140924.0
2025-06-18 11:27:29.273656,332.55,732895.0,1140924.0
2025-06-18 11:27:29.608357,332.55,733385.0,1140978.0
2025-06-18 11:27:30.278355,332.65,733385.0,1140978.0
2025-06-18 11:27:30.717362,332.65,733385.0,1140974.0
2025-06-18 11:27:31.281158,332.65,733385.0,1140974.0
2025-06-18 11:27:31.809473,332.65,733638.0,1140910.0
2025-06-18 11:27:32.263517,332.65,733638.0,1140910.0
2025-06-18 11:27:32.909980,332.65,734489.0,1141057.0
2025-06-18 11:27:33.245127,332.65,734489.0,1141057.0
2025-06-18 11:27:33.913654,332.55,733654.0,1142217.0
2025-06-18 11:27:34.242087,332.65,733654.0,1142217.0
2025-06-18 11:27:35.010655,332.65,733829.0,1140722.0
2025-06-18 11:27:35.243266,332.65,733829.0,1140722.0
2025-06-18 11:27:36.113409,332.55,734493.0,1142353.0
2025-06-18 11:27:36.239626,332.55,734493.0,1142353.0
2025-06-18 11:27:37.213043,332.65,735294.0,1142290.0
2025-06-18 11:27:37.237607,332.65,735294.0,1142290.0
2025-06-18 11:27:38.246186,332.65,735294.0,1142290.0
2025-06-18 11:27:38.313590,332.65,734966.0,1142853.0
2025-06-18 11:27:39.238437,332.65,734966.0,1142853.0
2025-06-18 11:27:39.414024,332.65,735820.0,1142689.0
2025-06-18 11:27:40.239676,332.65,735820.0,1142689.0
2025-06-18 11:27:40.416760,332.65,736015.0,1142950.0
2025-06-18 11:27:41.243445,332.65,736015.0,1142950.0
2025-06-18 11:27:41.517569,332.65,736014.0,1142939.0
2025-06-18 11:27:42.246713,332.55,736014.0,1142939.0
2025-06-18 11:27:42.616005,332.55,735377.0,1141146.0
2025-06-18 11:27:43.242392,332.65,735377.0,1141146.0
2025-06-18 11:27:43.721393,332.65,736002.0,1140968.0
2025-06-18 11:27:44.240340,332.65,736002.0,1140968.0
2025-06-18 11:27:44.818323,332.65,735143.0,1142711.0
2025-06-18 11:27:45.237361,332.65,735143.0,1142711.0
2025-06-18 11:27:45.726128,332.65,738191.0,1140103.0
2025-06-18 11:27:46.240180,332.55,738191.0,1140103.0
2025-06-18 11:27:46.816583,332.55,739581.0,1145116.0
2025-06-18 11:27:47.239353,332.55,739581.0,1145116.0
2025-06-18 11:27:47.920123,332.55,740473.0,1143149.0
2025-06-18 11:27:48.236649,332.55,740473.0,1143149.0
2025-06-18 11:27:49.019054,332.55,742455.0,1142280.0
2025-06-18 11:27:49.239830,332.55,742455.0,1142280.0
2025-06-18 11:27:49.913865,332.55,742455.0,1142280.0
2025-06-18 11:27:50.018492,332.55,742588.0,1142315.0
2025-06-18 11:27:50.241520,332.55,742588.0,1142315.0
2025-06-18 11:27:51.000512,332.55,742588.0,1142315.0
2025-06-18 11:27:51.017777,332.55,741414.0,1140326.0
2025-06-18 11:27:51.236284,332.55,741414.0,1140326.0
2025-06-18 11:27:51.916303,332.55,741414.0,1140326.0
2025-06-18 11:27:52.020570,332.65,742936.0,1139189.0
2025-06-18 11:27:52.236035,332.65,742936.0,1139189.0
2025-06-18 11:27:52.844623,332.65,742936.0,1139189.0
2025-06-18 11:27:53.020456,332.65,743386.0,1139282.0
2025-06-18 11:27:53.240813,332.65,743386.0,1139282.0
2025-06-18 11:27:53.761317,332.65,743386.0,1139282.0
2025-06-18 11:27:54.025602,332.65,744292.0,1140317.0
2025-06-18 11:27:54.237783,332.65,744292.0,1140317.0
2025-06-18 11:27:54.486346,332.65,744292.0,1140317.0
2025-06-18 11:27:55.020676,332.65,746507.0,1140449.0
2025-06-18 11:27:55.242662,332.65,746507.0,1140449.0
2025-06-18 11:27:55.503257,332.65,746507.0,1140449.0
2025-06-18 11:27:56.022008,332.65,746847.0,1140696.0
2025-06-18 11:27:56.063436,332.65,746847.0,1140696.0
2025-06-18 11:27:56.238546,332.65,746847.0,1140696.0
2025-06-18 11:27:56.471764,332.65,746847.0,1140696.0
2025-06-18 11:27:56.921505,332.65,748819.0,1139861.0
2025-06-18 11:27:56.951329,332.65,748819.0,1139861.0
2025-06-18 11:27:57.237894,332.65,748819.0,1139861.0
2025-06-18 11:27:57.329604,332.65,748819.0,1139861.0
2025-06-18 11:27:58.023256,332.65,749778.0,1139723.0
2025-06-18 11:27:58.255174,332.65,749778.0,1139723.0
2025-06-18 11:27:58.266434,332.65,749778.0,1139723.0
2025-06-18 11:27:59.023726,332.65,745985.0,1139488.0
2025-06-18 11:27:59.234317,332.65,745985.0,1139488.0
2025-06-18 11:27:59.453725,332.65,745985.0,1139488.0
2025-06-18 11:28:00.023407,332.65,745850.0,1138645.0
2025-06-18 11:28:00.253911,332.55,745850.0,1138645.0
2025-06-18 11:28:00.315787,332.55,745850.0,1138645.0
2025-06-18 11:28:01.241448,332.55,745850.0,1138645.0
2025-06-18 11:28:01.718117,332.55,745850.0,1138645.0
2025-06-18 11:28:01.925525,332.65,745848.0,1139506.0
2025-06-18 11:28:02.238165,332.65,745848.0,1139506.0
2025-06-18 11:28:02.851242,332.65,745848.0,1139506.0
2025-06-18 11:28:02.926366,332.65,744898.0,1139509.0
2025-06-18 11:28:03.235498,332.65,744898.0,1139509.0
2025-06-18 11:28:03.982474,332.65,744898.0,1139509.0
2025-06-18 11:28:04.027589,332.55,744811.0,1139635.0
2025-06-18 11:28:04.239042,332.55,744811.0,1139635.0
2025-06-18 11:28:05.027403,332.65,745812.0,1139652.0
2025-06-18 11:28:05.236590,332.65,745812.0,1139652.0
2025-06-18 11:28:05.598811,332.65,745812.0,1139652.0
2025-06-18 11:28:06.032011,332.65,746369.0,1137752.0
2025-06-18 11:28:06.237372,332.65,746369.0,1137752.0
2025-06-18 11:28:07.030055,332.65,747619.0,1137492.0
2025-06-18 11:28:07.238534,332.65,747619.0,1137492.0
2025-06-18 11:28:08.030091,332.95,755538.0,1114259.0
2025-06-18 11:28:10.442960,333.05,755538.0,1114259.0
2025-06-18 11:28:10.482651,332.8,749812.0,1121274.0
2025-06-18 11:28:10.486995,332.8,749812.0,1121274.0
2025-06-18 11:28:10.521858,332.85,752532.0,1119132.0
2025-06-18 11:28:10.522940,332.85,752532.0,1119132.0
2025-06-18 11:28:11.139586,332.85,752526.0,1110558.0
2025-06-18 11:28:11.241437,332.8,752526.0,1110558.0
2025-06-18 11:28:12.237766,332.85,752526.0,1110558.0
2025-06-18 11:28:12.736932,332.85,759790.0,1115136.0
2025-06-18 11:28:13.239824,332.85,759790.0,1115136.0
2025-06-18 11:28:13.735890,333.0,761634.0,1103094.0
2025-06-18 11:28:14.245874,333.15,761634.0,1103094.0
2025-06-18 11:28:14.741588,333.1,760729.0,1111107.0
2025-06-18 11:28:15.239050,332.95,760729.0,1111107.0
2025-06-18 11:28:15.737947,332.95,758621.0,1114130.0
2025-06-18 11:28:16.237583,333.0,758621.0,1114130.0
2025-06-18 11:28:16.641106,333.0,763031.0,1103114.0
2025-06-18 11:28:17.239398,333.05,763031.0,1103114.0
2025-06-18 11:28:17.742204,332.8,753341.0,1108641.0
2025-06-18 11:28:18.238288,333.0,753341.0,1108641.0
2025-06-18 11:28:18.837509,332.95,757495.0,1110744.0
2025-06-18 11:28:19.241164,332.8,757495.0,1110744.0
2025-06-18 11:28:19.840559,332.95,758324.0,1107664.0
2025-06-18 11:28:20.245431,333.0,758324.0,1107664.0
2025-06-18 11:28:20.839390,333.2,768289.0,1095863.0
2025-06-18 11:28:21.238930,333.2,768289.0,1095863.0
2025-06-18 11:28:21.742884,333.0,764660.0,1108113.0
2025-06-18 11:28:22.705293,333.0,764660.0,1108113.0
2025-06-18 11:28:22.743671,333.1,766638.0,1104882.0
2025-06-18 11:28:23.244130,333.1,766638.0,1104882.0
2025-06-18 11:28:23.742021,332.95,762271.0,1106443.0
2025-06-18 11:28:24.240585,333.0,762271.0,1106443.0
2025-06-18 11:28:24.837288,333.0,763612.0,1104317.0
2025-06-18 11:28:25.239487,333.0,763612.0,1104317.0
2025-06-18 11:28:25.843026,333.15,771477.0,1103350.0
2025-06-18 11:28:26.256386,333.15,771477.0,1103350.0
2025-06-18 11:28:26.941432,333.15,771881.0,1102251.0
2025-06-18 11:28:27.240462,333.15,771881.0,1102251.0
2025-06-18 11:28:28.041333,333.2,776718.0,1098499.0
2025-06-18 11:28:28.239492,333.2,776718.0,1098499.0
2025-06-18 11:28:29.043526,333.25,775447.0,1097928.0
2025-06-18 11:28:29.243443,333.25,775447.0,1097928.0
2025-06-18 11:28:30.044105,333.05,767038.0,1103506.0
2025-06-18 11:28:30.241713,333.1,767038.0,1103506.0
2025-06-18 11:28:31.042418,333.1,768949.0,1103606.0
2025-06-18 11:28:31.241903,333.1,768949.0,1103606.0
2025-06-18 11:28:32.043833,333.05,768669.0,1104676.0
2025-06-18 11:28:32.242175,333.05,768669.0,1104676.0
2025-06-18 11:28:33.146215,333.05,768764.0,1105151.0
2025-06-18 11:28:33.239011,333.05,768764.0,1105151.0
2025-06-18 11:28:34.150754,333.05,768208.0,1103925.0
2025-06-18 11:28:34.255409,333.0,768208.0,1103925.0
2025-06-18 11:28:35.240032,333.0,768208.0,1103925.0
2025-06-18 11:28:35.273762,333.0,767965.0,1104216.0
2025-06-18 11:28:36.245845,333.05,767965.0,1104216.0
2025-06-18 11:28:36.251860,333.05,771665.0,1103989.0
2025-06-18 11:28:37.242941,333.05,771665.0,1103989.0
2025-06-18 11:28:37.253791,333.05,771311.0,1106669.0
2025-06-18 11:28:38.246117,333.05,771311.0,1106669.0
2025-06-18 11:28:38.255564,333.05,771848.0,1105690.0
2025-06-18 11:28:39.244762,333.05,771848.0,1105690.0
2025-06-18 11:28:39.253468,333.05,772233.0,1104621.0
2025-06-18 11:28:40.242177,333.05,772233.0,1104621.0
2025-06-18 11:28:40.254939,333.05,772133.0,1104630.0
2025-06-18 11:28:41.246138,333.05,772133.0,1104630.0
2025-06-18 11:28:41.259348,333.05,771187.0,1103760.0
2025-06-18 11:28:42.158520,333.05,771186.0,1104914.0
2025-06-18 11:28:42.244208,333.05,771186.0,1104914.0
2025-06-18 11:28:43.160543,333.05,765133.0,1107393.0
2025-06-18 11:28:43.238868,333.05,765133.0,1107393.0
2025-06-18 11:28:44.228448,333.05,766947.0,1106184.0
2025-06-18 11:28:44.237449,333.05,766947.0,1106184.0
2025-06-18 11:28:45.162142,333.0,766775.0,1106198.0
2025-06-18 11:28:45.241981,333.0,766775.0,1106198.0
2025-06-18 11:28:46.163906,333.0,765760.0,1107052.0
2025-06-18 11:28:46.242018,333.0,765760.0,1107052.0
2025-06-18 11:28:47.057354,332.95,757679.0,1116233.0
2025-06-18 11:28:47.340046,332.95,757679.0,1116233.0
2025-06-18 11:28:48.059314,332.95,758323.0,1114093.0
2025-06-18 11:28:48.240119,332.95,758323.0,1114093.0
2025-06-18 11:28:49.058856,333.0,758899.0,1108247.0
2025-06-18 11:28:49.241027,332.95,758899.0,1108247.0
2025-06-18 11:28:50.060698,332.95,762273.0,1107987.0
2025-06-18 11:28:51.062738,333.0,760504.0,1106991.0
2025-06-18 11:28:51.245027,333.05,760504.0,1106991.0
2025-06-18 11:28:52.063920,333.05,764874.0,1103990.0
2025-06-18 11:28:52.241753,333.15,764874.0,1103990.0
2025-06-18 11:28:52.963509,333.05,768293.0,1106447.0
2025-06-18 11:28:53.239957,333.05,768293.0,1106447.0
2025-06-18 11:28:53.963166,333.0,769322.0,1109559.0
2025-06-18 11:28:54.239607,333.0,769322.0,1109559.0
2025-06-18 11:28:55.062770,332.95,770471.0,1108798.0
2025-06-18 11:28:55.246191,332.95,770471.0,1108798.0
2025-06-18 11:28:56.180526,333.0,771988.0,1108818.0
2025-06-18 11:28:56.243101,333.0,771988.0,1108818.0
2025-06-18 11:28:57.179411,333.0,773294.0,1109145.0
2025-06-18 11:28:57.262037,333.0,773294.0,1109145.0
2025-06-18 11:28:58.400552,333.05,774979.0,1108890.0
2025-06-18 11:28:58.406123,333.05,774979.0,1108890.0
2025-06-18 11:28:59.242610,333.0,774979.0,1108890.0
2025-06-18 11:28:59.263157,333.0,773841.0,1110132.0
2025-06-18 11:29:00.403418,333.05,773841.0,1110132.0
2025-06-18 11:29:00.404957,333.05,775508.0,1112005.0
2025-06-18 11:29:01.282772,333.05,775000.0,1112413.0
2025-06-18 11:29:02.267096,333.05,775000.0,1112413.0
2025-06-18 11:29:02.363694,333.05,779068.0,1111795.0
2025-06-18 11:29:03.243624,332.95,779068.0,1111795.0
2025-06-18 11:29:03.471709,333.05,782350.0,1110892.0
2025-06-18 11:29:04.243648,333.05,782350.0,1110892.0
2025-06-18 11:29:04.571053,333.05,782335.0,1110756.0
2025-06-18 11:29:05.270980,333.0,782335.0,1110756.0
2025-06-18 11:29:05.674716,333.0,771409.0,1113057.0
2025-06-18 11:29:06.248660,332.95,771409.0,1113057.0
2025-06-18 11:29:06.678966,333.1,780578.0,1104173.0
2025-06-18 11:29:07.236573,333.1,780578.0,1104173.0
2025-06-18 11:29:07.767940,333.1,782753.0,1102484.0
2025-06-18 11:29:08.245272,333.1,782753.0,1102484.0
2025-06-18 11:29:08.868158,333.05,782816.0,1103145.0
2025-06-18 11:29:09.256825,333.05,782816.0,1103145.0
2025-06-18 11:29:09.967089,333.05,784754.0,1103809.0
2025-06-18 11:29:10.235728,333.1,784754.0,1103809.0
2025-06-18 11:29:10.966809,333.05,784504.0,1105182.0
2025-06-18 11:29:11.263609,333.1,784504.0,1105182.0
2025-06-18 11:29:11.966955,333.1,784036.0,1104375.0
2025-06-18 11:29:12.241596,333.1,784036.0,1104375.0
2025-06-18 11:29:12.974291,333.1,784447.0,1104593.0
2025-06-18 11:29:13.242120,333.1,784447.0,1104593.0
2025-06-18 11:29:14.067653,333.1,784726.0,1104303.0
2025-06-18 11:29:14.244800,333.1,784726.0,1104303.0
2025-06-18 11:29:15.069676,333.05,783147.0,1104262.0
2025-06-18 11:29:15.268900,333.05,783147.0,1104262.0
2025-06-18 11:29:16.182679,333.05,784490.0,1104236.0
2025-06-18 11:29:16.239534,333.05,784490.0,1104236.0
2025-06-18 11:29:17.241119,333.1,784490.0,1104236.0
2025-06-18 11:29:17.279008,333.1,786124.0,1104818.0
2025-06-18 11:29:18.242557,333.1,786124.0,1104818.0
2025-06-18 11:29:18.372474,333.1,784362.0,1104793.0
2025-06-18 11:29:19.245240,333.1,784362.0,1104793.0
2025-06-18 11:29:19.486771,333.1,784372.0,1105060.0
2025-06-18 11:29:20.237560,333.05,784372.0,1105060.0
2025-06-18 11:29:20.480129,333.05,784377.0,1105053.0
2025-06-18 11:29:21.245325,333.1,784377.0,1105053.0
2025-06-18 11:29:21.482301,333.1,784724.0,1104235.0
2025-06-18 11:29:22.243660,333.1,784724.0,1104235.0
2025-06-18 11:29:22.476067,333.1,784589.0,1104275.0
2025-06-18 11:29:23.241094,333.1,784589.0,1104275.0
2025-06-18 11:29:23.581384,333.1,784709.0,1105070.0
2025-06-18 11:29:24.246364,333.1,784709.0,1105070.0
2025-06-18 11:29:24.580047,333.1,785609.0,1104593.0
2025-06-18 11:29:25.262636,333.05,785609.0,1104593.0
2025-06-18 11:29:25.582297,333.1,787206.0,1104472.0
2025-06-18 11:29:26.239413,333.05,787206.0,1104472.0
2025-06-18 11:29:26.579828,333.1,787197.0,1104568.0
2025-06-18 11:29:27.241038,333.1,787197.0,1104568.0
2025-06-18 11:29:27.580354,333.1,787201.0,1104565.0
2025-06-18 11:29:28.755262,333.1,787201.0,1104565.0
2025-06-18 11:29:28.796169,333.1,785826.0,1104723.0
2025-06-18 11:29:29.239648,333.1,785826.0,1104723.0
2025-06-18 11:29:29.581945,333.05,785410.0,1104990.0
2025-06-18 11:29:30.240551,333.1,785410.0,1104990.0
2025-06-18 11:29:30.580742,333.1,785825.0,1104985.0
2025-06-18 11:29:31.237958,333.1,785825.0,1104985.0
2025-06-18 11:29:31.581503,333.1,785832.0,1104978.0
2025-06-18 11:29:32.416628,333.1,785832.0,1104978.0
2025-06-18 11:29:32.584866,333.1,784475.0,1105596.0
2025-06-18 11:29:33.245430,333.0,784475.0,1105596.0
2025-06-18 11:29:33.585003,333.1,785442.0,1105147.0
2025-06-18 11:29:34.240820,333.1,785442.0,1105147.0
2025-06-18 11:29:34.584536,333.1,785868.0,1105337.0
2025-06-18 11:29:35.246192,333.1,785868.0,1105337.0
2025-06-18 11:29:35.698840,333.1,785457.0,1106054.0
2025-06-18 11:29:36.243474,333.05,785457.0,1106054.0
2025-06-18 11:29:36.701124,333.05,785570.0,1105843.0
2025-06-18 11:29:37.241114,332.9,785570.0,1105843.0
2025-06-18 11:29:37.586025,332.9,778782.0,1111078.0
2025-06-18 11:29:38.791247,332.9,779913.0,1110880.0
2025-06-18 11:29:39.243146,333.05,779913.0,1110880.0
2025-06-18 11:29:39.889160,333.1,783557.0,1108468.0
2025-06-18 11:29:40.243006,333.05,783557.0,1108468.0
2025-06-18 11:29:40.988229,333.05,772075.0,1119060.0
2025-06-18 11:29:42.090671,333.05,780540.0,1120089.0
2025-06-18 11:29:42.239786,333.05,780540.0,1120089.0
2025-06-18 11:29:42.992558,333.05,781685.0,1121168.0
2025-06-18 11:29:44.092405,333.05,781855.0,1119861.0
2025-06-18 11:29:44.242429,333.05,781855.0,1119861.0
2025-06-18 11:29:45.201050,333.05,781617.0,1122357.0
2025-06-18 11:29:45.239892,333.0,781617.0,1122357.0
2025-06-18 11:29:46.241765,332.9,781617.0,1122357.0
2025-06-18 11:29:46.290722,332.9,777407.0,1124269.0
2025-06-18 11:29:47.238404,333.0,777407.0,1124269.0
2025-06-18 11:29:47.392463,333.0,776740.0,1119352.0
2025-06-18 11:29:48.246920,333.0,776740.0,1119352.0
2025-06-18 11:29:48.392049,333.0,777505.0,1122338.0
2025-06-18 11:29:49.238172,333.0,777505.0,1122338.0
2025-06-18 11:29:49.493847,333.0,778588.0,1121684.0
2025-06-18 11:29:50.243079,333.0,778588.0,1121684.0
2025-06-18 11:29:50.593850,333.0,779274.0,1120799.0
2025-06-18 11:29:51.240591,333.0,779274.0,1120799.0
2025-06-18 11:29:51.708923,333.0,778787.0,1121033.0
2025-06-18 11:29:52.242438,333.0,778787.0,1121033.0
2025-06-18 11:29:52.612795,333.0,757720.0,1128604.0
2025-06-18 11:29:53.238759,332.85,757720.0,1128604.0
2025-06-18 11:29:53.708242,332.9,765969.0,1125344.0
2025-06-18 11:29:54.238869,332.9,765969.0,1125344.0
2025-06-18 11:29:54.811031,332.9,765924.0,1124644.0
2025-06-18 11:29:55.257225,332.9,765924.0,1124644.0
2025-06-18 11:29:55.900922,332.85,766334.0,1124387.0
2025-06-18 11:29:56.240147,332.85,766334.0,1124387.0
2025-06-18 11:29:56.902561,332.8,763280.0,1125828.0
2025-06-18 11:29:57.251123,332.9,763280.0,1125828.0
2025-06-18 11:29:57.901511,332.9,763677.0,1123699.0
2025-06-18 11:29:58.288860,332.9,763677.0,1123699.0
2025-06-18 11:29:59.005788,332.9,764251.0,1123699.0
2025-06-18 11:29:59.242427,332.9,764251.0,1123699.0
2025-06-18 11:30:00.105937,332.9,764279.0,1123745.0
2025-06-18 11:30:00.241860,332.9,764279.0,1123745.0
2025-06-18 11:30:01.716765,332.95,763808.0,1120428.0
2025-06-18 11:30:02.245377,332.95,763808.0,1120428.0
2025-06-18 11:30:02.608239,332.95,765723.0,1120884.0
2025-06-18 11:30:03.244962,332.95,765723.0,1120884.0
2025-06-18 11:30:03.608735,332.95,766424.0,1120130.0
2025-06-18 11:30:04.247405,332.95,766424.0,1120130.0
2025-06-18 11:30:04.715645,332.95,767840.0,1119069.0
2025-06-18 11:30:05.242800,333.0,767840.0,1119069.0
2025-06-18 11:30:05.746018,333.0,768318.0,1119469.0
2025-06-18 11:30:06.246516,333.0,768318.0,1119469.0
2025-06-18 11:30:06.718255,333.0,768839.0,1118892.0
2025-06-18 11:30:07.250252,333.0,768839.0,1118892.0
2025-06-18 11:30:07.716633,332.95,766063.0,1119592.0
2025-06-18 11:30:08.263247,332.95,766063.0,1119592.0
2025-06-18 11:30:08.718599,332.95,766671.0,1119535.0
2025-06-18 11:30:09.252035,332.9,766671.0,1119535.0
2025-06-18 11:30:09.815990,332.8,763875.0,1121585.0
2025-06-18 11:30:10.247386,332.8,763875.0,1121585.0
2025-06-18 11:30:10.913359,332.8,764028.0,1121743.0
2025-06-18 11:30:12.012771,332.8,764749.0,1122429.0
2025-06-18 11:30:13.112883,332.85,763537.0,1122146.0
2025-06-18 11:30:13.253246,332.85,763537.0,1122146.0
2025-06-18 11:30:14.012562,332.85,762954.0,1120848.0
2025-06-18 11:30:14.255443,332.85,762954.0,1120848.0
2025-06-18 11:30:15.012111,332.85,763246.0,1121680.0
2025-06-18 11:30:15.251168,332.85,763246.0,1121680.0
2025-06-18 11:30:16.111011,332.85,763505.0,1121434.0
2025-06-18 11:30:16.250353,332.85,763505.0,1121434.0
2025-06-18 11:30:17.226626,332.85,763561.0,1121013.0
2025-06-18 11:30:18.316463,332.85,763561.0,1121219.0
2025-06-18 11:30:19.414408,332.85,764131.0,1121680.0
2025-06-18 11:30:20.415820,332.9,764054.0,1121679.0
2025-06-18 11:30:21.255981,332.9,764054.0,1121679.0
2025-06-18 11:30:21.416033,332.9,765816.0,1121699.0
2025-06-18 11:30:22.248812,332.9,765816.0,1121699.0
2025-06-18 11:30:22.415980,332.9,764493.0,1120828.0
2025-06-18 11:30:23.415254,332.8,764339.0,1121968.0
2025-06-18 11:30:24.246585,332.8,764339.0,1121968.0
2025-06-18 11:30:24.722664,332.8,764570.0,1120666.0
2025-06-18 11:30:25.271847,332.95,764570.0,1120666.0
2025-06-18 11:30:25.720325,332.95,767901.0,1121736.0
2025-06-18 11:30:26.724183,332.85,768659.0,1124113.0
2025-06-18 11:30:27.247037,332.85,768659.0,1124113.0
2025-06-18 11:30:27.719518,332.85,769191.0,1124383.0
2025-06-18 11:30:28.721748,332.85,764338.0,1121763.0
2025-06-18 11:30:29.249808,332.85,764338.0,1121763.0
2025-06-18 11:30:29.729663,332.85,764605.0,1123113.0
2025-06-18 11:30:30.727922,332.85,765505.0,1122397.0
2025-06-18 11:30:31.246123,332.85,765505.0,1122397.0
2025-06-18 11:30:31.724779,332.85,764801.0,1121685.0
2025-06-18 11:30:32.822664,332.85,764801.0,1121663.0
2025-06-18 11:30:34.246970,332.9,764801.0,1121663.0
2025-06-18 11:30:34.322632,332.9,763998.0,1121351.0
2025-06-18 11:30:35.321872,332.9,764693.0,1121214.0
2025-06-18 11:30:37.268316,332.85,764693.0,1121214.0
2025-06-18 11:30:37.274471,332.85,766601.0,1119945.0
2025-06-18 11:30:37.310683,332.9,766601.0,1119945.0
2025-06-18 11:30:37.338408,332.9,766595.0,1120655.0
2025-06-18 11:30:38.260488,332.9,766595.0,1120655.0
2025-06-18 11:30:38.424326,332.9,766991.0,1120418.0
2025-06-18 11:30:39.423801,332.9,767170.0,1119954.0
2025-06-18 11:30:40.254738,332.9,767170.0,1119954.0
2025-06-18 11:30:40.525327,332.8,763728.0,1122345.0
2025-06-18 11:30:41.255499,332.8,763728.0,1122345.0
2025-06-18 11:30:41.626145,332.8,766404.0,1122224.0
2025-06-18 11:30:42.630441,332.8,766140.0,1122424.0
2025-06-18 11:30:43.251049,332.8,766140.0,1122424.0
2025-06-18 11:30:43.630131,332.8,765023.0,1122024.0
2025-06-18 11:30:44.647958,332.8,764877.0,1121157.0
2025-06-18 11:30:45.269371,332.8,764877.0,1121157.0
2025-06-18 11:30:45.629395,332.8,765126.0,1122003.0
2025-06-18 11:30:46.281135,332.8,765126.0,1122003.0
2025-06-18 11:30:47.264068,332.8,765126.0,1122003.0
2025-06-18 11:30:47.632552,332.8,765388.0,1121380.0
2025-06-18 11:30:48.255532,332.95,765388.0,1121380.0
2025-06-18 11:30:48.633069,332.95,766175.0,1121070.0
2025-06-18 11:30:49.250125,332.95,766175.0,1121070.0
2025-06-18 11:30:49.634117,332.95,765941.0,1122266.0
2025-06-18 11:30:50.334138,332.95,765941.0,1122266.0
2025-06-18 11:30:50.734289,332.95,766212.0,1122531.0
2025-06-18 11:30:51.265231,332.95,766212.0,1122531.0
2025-06-18 11:30:51.425094,332.95,766212.0,1122531.0
2025-06-18 11:30:51.735025,332.95,767388.0,1122526.0
2025-06-18 11:30:52.255733,332.95,767388.0,1122526.0
2025-06-18 11:30:52.347569,332.95,767388.0,1122526.0
2025-06-18 11:30:52.738112,332.95,767354.0,1121200.0
2025-06-18 11:30:53.255868,332.85,767354.0,1121200.0
2025-06-18 11:30:53.291621,332.85,767354.0,1121200.0
2025-06-18 11:30:53.744202,332.95,767658.0,1120352.0
2025-06-18 11:30:54.160338,332.95,767658.0,1120352.0
2025-06-18 11:30:54.256573,332.9,767658.0,1120352.0
2025-06-18 11:30:54.737133,332.9,766166.0,1120672.0
2025-06-18 11:30:54.938371,332.9,766166.0,1120672.0
2025-06-18 11:30:55.744869,332.9,768399.0,1122113.0
2025-06-18 11:30:55.975895,332.9,768399.0,1122113.0
2025-06-18 11:30:56.265150,332.85,768399.0,1122113.0
2025-06-18 11:30:56.541124,332.85,768399.0,1122113.0
2025-06-18 11:30:56.741304,332.85,768686.0,1120858.0
2025-06-18 11:30:56.946727,332.85,768686.0,1120858.0
2025-06-18 11:30:57.450576,332.85,768686.0,1120858.0
2025-06-18 11:30:57.741929,332.9,768631.0,1122078.0
2025-06-18 11:30:57.819236,332.9,768631.0,1122078.0
2025-06-18 11:30:58.253977,332.9,768631.0,1122078.0
2025-06-18 11:30:58.714037,332.9,768631.0,1122078.0
2025-06-18 11:30:58.766254,332.9,769442.0,1121683.0
2025-06-18 11:30:59.292516,332.9,769442.0,1121683.0
2025-06-18 11:30:59.744612,332.9,769901.0,1121964.0
2025-06-18 11:30:59.956402,332.9,769901.0,1121964.0
2025-06-18 11:31:00.263035,332.9,769901.0,1121964.0
2025-06-18 11:31:00.741760,332.9,771238.0,1121493.0
2025-06-18 11:31:00.816211,332.9,771238.0,1121493.0
2025-06-18 11:31:02.227143,332.9,771238.0,1121493.0
2025-06-18 11:31:03.269913,332.8,771238.0,1121493.0
2025-06-18 11:31:03.352316,332.8,771238.0,1121493.0
2025-06-18 11:31:03.547542,332.8,771124.0,1121328.0
2025-06-18 11:31:04.494040,332.8,771124.0,1121328.0
2025-06-18 11:31:05.268339,332.9,771124.0,1121328.0
2025-06-18 11:31:05.967657,332.9,771124.0,1121328.0
2025-06-18 11:31:07.280278,332.85,771124.0,1121328.0
2025-06-18 11:31:08.550190,332.85,770856.0,1122475.0
2025-06-18 11:31:09.258322,332.8,770856.0,1122475.0
2025-06-18 11:31:11.297886,332.8,770856.0,1122475.0
2025-06-18 11:31:13.269698,332.9,770856.0,1122475.0
2025-06-18 11:31:13.754619,332.9,770722.0,1118950.0
2025-06-18 11:31:15.261936,332.85,770722.0,1118950.0
2025-06-18 11:31:17.271439,332.95,770722.0,1118950.0
2025-06-18 11:31:18.961748,332.95,767441.0,1119507.0
2025-06-18 11:31:19.465264,332.95,767441.0,1119507.0
2025-06-18 11:31:22.256149,332.9,767441.0,1119507.0
2025-06-18 11:31:23.274072,332.9,767441.0,1119507.0
2025-06-18 11:31:24.364842,332.9,764176.0,1119381.0
2025-06-18 11:31:25.270197,332.85,764176.0,1119381.0
2025-06-18 11:31:27.260096,332.85,764176.0,1119381.0
2025-06-18 11:31:29.489962,332.85,764176.0,1119381.0
2025-06-18 11:31:29.866334,332.85,763846.0,1121328.0
2025-06-18 11:31:31.269389,332.85,763846.0,1121328.0
2025-06-18 11:31:33.261927,332.85,763846.0,1121328.0
2025-06-18 11:31:35.178925,332.8,763728.0,1122299.0
2025-06-18 11:31:35.269265,332.8,763728.0,1122299.0
2025-06-18 11:31:37.262808,332.85,763728.0,1122299.0
2025-06-18 11:31:39.315753,332.9,763728.0,1122299.0
2025-06-18 11:31:40.183003,332.9,765637.0,1121099.0
2025-06-18 11:31:41.266165,332.9,765637.0,1121099.0
2025-06-18 11:31:43.274999,332.9,765637.0,1121099.0
2025-06-18 11:31:45.275092,332.85,765637.0,1121099.0
2025-06-18 11:31:45.382234,332.85,765773.0,1122079.0
2025-06-18 11:31:47.312753,332.9,765773.0,1122079.0
2025-06-18 11:31:50.257859,332.85,765773.0,1122079.0
2025-06-18 11:31:50.388691,332.85,763832.0,1121892.0
2025-06-18 11:31:51.281005,332.85,763832.0,1121892.0
2025-06-18 11:31:53.273728,332.85,763832.0,1121892.0
2025-06-18 11:31:55.265616,332.8,763832.0,1121892.0
2025-06-18 11:31:55.390388,332.8,763594.0,1122628.0
2025-06-18 11:31:57.448847,332.75,763594.0,1122628.0
2025-06-18 11:31:59.268034,332.8,763594.0,1122628.0
2025-06-18 11:32:00.394175,332.8,763768.0,1121306.0
2025-06-18 11:32:02.268407,332.8,763768.0,1121306.0
2025-06-18 11:32:04.293075,332.8,763768.0,1121306.0
2025-06-18 11:32:05.301092,332.8,761346.0,1121267.0
2025-06-18 11:32:06.257129,332.75,761346.0,1121267.0
2025-06-18 11:32:10.265468,332.65,761346.0,1121267.0
2025-06-18 11:32:11.213842,332.6,729414.0,1140810.0
2025-06-18 11:32:15.277992,332.7,729414.0,1140810.0
2025-06-18 11:32:17.237504,332.55,735287.0,1145321.0
2025-06-18 11:32:18.264200,332.55,735287.0,1145321.0
2025-06-18 11:32:21.263905,332.55,735287.0,1145321.0
2025-06-18 11:32:22.616375,332.5,735988.0,1143416.0
2025-06-18 11:32:24.271434,332.55,735988.0,1143416.0
2025-06-18 11:32:27.268040,332.5,735988.0,1143416.0
2025-06-18 11:32:28.419655,332.3,727676.0,1153034.0
2025-06-18 11:32:30.262406,332.5,727676.0,1153034.0
2025-06-18 11:32:33.265106,332.35,727676.0,1153034.0
2025-06-18 11:32:34.124509,332.5,730592.0,1150708.0
2025-06-18 11:32:36.273001,332.45,730592.0,1150708.0
2025-06-18 11:32:39.260494,332.45,730592.0,1150708.0
2025-06-18 11:32:40.030995,332.45,734455.0,1147760.0
2025-06-18 11:32:42.265559,332.45,734455.0,1147760.0
2025-06-18 11:32:45.265125,332.55,734455.0,1147760.0
2025-06-18 11:32:45.631144,332.5,745069.0,1146779.0
2025-06-18 11:32:48.274148,332.6,745069.0,1146779.0
2025-06-18 11:32:50.835616,332.45,750765.0,1145901.0
2025-06-18 11:32:51.264690,332.45,750765.0,1145901.0
2025-06-18 11:32:54.264105,332.6,750765.0,1145901.0
2025-06-18 11:32:55.991829,332.55,753104.0,1143008.0
2025-06-18 11:32:57.279893,332.6,753104.0,1143008.0
2025-06-18 11:33:00.268701,332.6,753104.0,1143008.0
2025-06-18 11:33:01.258717,332.6,753104.0,1143008.0
2025-06-18 11:33:02.245515,332.6,746759.0,1140813.0
2025-06-18 11:33:02.258564,332.6,746759.0,1140813.0
2025-06-18 11:33:03.243612,332.6,747842.0,1140437.0
2025-06-18 11:33:03.255912,332.6,747842.0,1140437.0
2025-06-18 11:33:04.263851,332.6,747842.0,1140437.0
2025-06-18 11:33:04.339169,332.6,749701.0,1139962.0
2025-06-18 11:33:05.265873,332.55,749701.0,1139962.0
2025-06-18 11:33:05.441649,332.55,748850.0,1141519.0
2025-06-18 11:33:06.258354,332.55,748850.0,1141519.0
2025-06-18 11:33:06.541071,332.45,750955.0,1141329.0
2025-06-18 11:33:07.262008,332.55,750955.0,1141329.0
2025-06-18 11:33:07.541444,332.55,751447.0,1141128.0
2025-06-18 11:33:08.256935,332.55,751447.0,1141128.0
2025-06-18 11:33:08.542448,332.55,752529.0,1140955.0
2025-06-18 11:33:09.261224,332.55,752529.0,1140955.0
2025-06-18 11:33:09.543323,332.55,752620.0,1140954.0
2025-06-18 11:33:10.260792,332.55,752620.0,1140954.0
2025-06-18 11:33:10.542006,332.55,752429.0,1140924.0
2025-06-18 11:33:11.259209,332.55,752429.0,1140924.0
2025-06-18 11:33:11.646183,332.55,752199.0,1140876.0
2025-06-18 11:33:12.263612,332.55,752199.0,1140876.0
2025-06-18 11:33:12.745488,332.55,752253.0,1140946.0
2025-06-18 11:33:13.260264,332.55,752253.0,1140946.0
2025-06-18 11:33:13.943789,332.55,752261.0,1140853.0
2025-06-18 11:33:14.257980,332.55,752261.0,1140853.0
2025-06-18 11:33:14.844065,332.55,752084.0,1140832.0
2025-06-18 11:33:15.262953,332.5,752084.0,1140832.0
2025-06-18 11:33:16.044958,332.45,748792.0,1140910.0
2025-06-18 11:33:16.264779,332.5,748792.0,1140910.0
2025-06-18 11:33:17.146955,332.45,763460.0,1140840.0
2025-06-18 11:33:17.269530,332.45,763460.0,1140840.0
2025-06-18 11:33:18.220144,332.5,764912.0,1140848.0
2025-06-18 11:33:18.258851,332.5,764912.0,1140848.0
2025-06-18 11:33:19.151376,332.5,763293.0,1141728.0
2025-06-18 11:33:19.263549,332.5,763293.0,1141728.0
2025-06-18 11:33:20.047294,332.5,763467.0,1141727.0
2025-06-18 11:33:20.264461,332.5,763467.0,1141727.0
2025-06-18 11:33:21.253516,332.5,763680.0,1140849.0
2025-06-18 11:33:21.270224,332.5,763680.0,1140849.0
2025-06-18 11:33:22.252006,332.45,763480.0,1140848.0
2025-06-18 11:33:22.258423,332.45,763480.0,1140848.0
2025-06-18 11:33:23.254668,332.5,764853.0,1140997.0
2025-06-18 11:33:23.270481,332.5,764853.0,1140997.0
2025-06-18 11:33:24.251353,332.55,763348.0,1141477.0
2025-06-18 11:33:24.259307,332.55,763348.0,1141477.0
2025-06-18 11:33:25.258214,332.4,763348.0,1141477.0
2025-06-18 11:33:25.347347,332.45,751808.0,1157808.0
2025-06-18 11:33:26.270044,332.45,751808.0,1157808.0
2025-06-18 11:33:26.448267,332.45,754214.0,1157242.0
2025-06-18 11:33:27.275104,332.45,754214.0,1157242.0
2025-06-18 11:33:27.548814,332.45,751475.0,1156426.0
2025-06-18 11:33:28.273546,332.4,751475.0,1156426.0
2025-06-18 11:33:28.657572,332.4,750134.0,1152966.0
2025-06-18 11:33:29.260569,332.4,750134.0,1152966.0
2025-06-18 11:33:29.658703,332.4,750691.0,1152472.0
2025-06-18 11:33:30.267012,332.35,750691.0,1152472.0
2025-06-18 11:33:30.665999,332.35,748343.0,1157594.0
2025-06-18 11:33:31.652971,332.35,748352.0,1153385.0
2025-06-18 11:33:32.274208,332.4,748352.0,1153385.0
2025-06-18 11:33:33.258343,332.35,749025.0,1156506.0
2025-06-18 11:33:33.274363,332.35,749025.0,1156506.0
2025-06-18 11:33:34.342376,332.4,750646.0,1158564.0
2025-06-18 11:33:34.344738,332.4,750646.0,1158564.0
2025-06-18 11:33:35.257296,332.3,748166.0,1154031.0
2025-06-18 11:33:35.269319,332.3,748166.0,1154031.0
2025-06-18 11:33:36.254530,332.3,743554.0,1156755.0
2025-06-18 11:33:36.260947,332.3,743554.0,1156755.0
2025-06-18 11:33:37.268240,332.3,743554.0,1156755.0
2025-06-18 11:33:37.754491,332.25,743581.0,1159806.0
2025-06-18 11:33:38.263444,332.25,743581.0,1159806.0
2025-06-18 11:33:38.855968,332.3,746077.0,1158905.0
2025-06-18 11:33:39.268132,332.25,746077.0,1158905.0
2025-06-18 11:33:39.955312,332.3,746614.0,1157628.0
2025-06-18 11:33:40.258428,332.2,746614.0,1157628.0
2025-06-18 11:33:41.070429,332.2,743921.0,1156721.0
2025-06-18 11:33:41.267948,332.3,743921.0,1156721.0
2025-06-18 11:33:42.163809,332.3,743697.0,1155565.0
2025-06-18 11:33:42.264056,332.3,743697.0,1155565.0
2025-06-18 11:33:43.058917,332.35,745114.0,1153032.0
2025-06-18 11:33:43.263228,332.35,745114.0,1153032.0
2025-06-18 11:33:44.059735,332.3,744693.0,1152524.0
2025-06-18 11:33:44.273721,332.3,744693.0,1152524.0
2025-06-18 11:33:45.067972,332.3,744130.0,1152958.0
2025-06-18 11:33:45.264659,332.3,744130.0,1152958.0
2025-06-18 11:33:46.168970,332.25,743455.0,1153362.0
2025-06-18 11:33:46.273403,332.25,743455.0,1153362.0
2025-06-18 11:33:47.277685,332.25,743455.0,1153362.0
2025-06-18 11:33:47.286230,332.25,743229.0,1152832.0
2025-06-18 11:33:48.265026,332.65,743229.0,1152832.0
2025-06-18 11:33:48.362042,332.45,761106.0,1147280.0
2025-06-18 11:33:49.265784,332.5,761106.0,1147280.0
2025-06-18 11:33:49.364307,332.55,767109.0,1138121.0
2025-06-18 11:33:50.275510,332.55,767109.0,1138121.0
2025-06-18 11:33:50.305087,332.55,771805.0,1137722.0
2025-06-18 11:33:51.096030,332.55,771805.0,1137722.0
2025-06-18 11:33:51.268035,332.6,771805.0,1137722.0
2025-06-18 11:33:51.362813,332.6,771583.0,1136973.0
2025-06-18 11:33:52.225129,332.6,771583.0,1136973.0
2025-06-18 11:33:52.267380,332.5,771583.0,1136973.0
2025-06-18 11:33:52.364823,332.5,763890.0,1143061.0
2025-06-18 11:33:53.149022,332.5,763890.0,1143061.0
2025-06-18 11:33:53.263987,332.5,763890.0,1143061.0
2025-06-18 11:33:53.271409,332.5,767417.0,1136181.0
2025-06-18 11:33:54.101894,332.5,767417.0,1136181.0
2025-06-18 11:33:54.189338,332.55,774073.0,1132847.0
2025-06-18 11:33:54.296965,332.55,774073.0,1132847.0
2025-06-18 11:33:54.985298,332.55,774073.0,1132847.0
2025-06-18 11:33:55.181937,332.55,774571.0,1131491.0
2025-06-18 11:33:55.270627,332.55,774571.0,1131491.0
2025-06-18 11:33:55.792621,332.55,774571.0,1131491.0
2025-06-18 11:33:56.267170,332.6,774571.0,1131491.0
2025-06-18 11:33:56.280439,332.6,774562.0,1130573.0
2025-06-18 11:33:56.892176,332.6,774562.0,1130573.0
2025-06-18 11:33:57.261519,332.65,774562.0,1130573.0
2025-06-18 11:33:57.368959,332.65,772397.0,1131739.0
2025-06-18 11:33:57.467551,332.65,772397.0,1131739.0
2025-06-18 11:33:58.273214,332.7,772397.0,1131739.0
2025-06-18 11:33:58.366022,332.7,772397.0,1131739.0
2025-06-18 11:33:58.376878,332.7,780844.0,1126157.0
2025-06-18 11:33:58.767727,332.7,780844.0,1126157.0
2025-06-18 11:33:59.271556,332.6,780844.0,1126157.0
2025-06-18 11:33:59.371470,332.6,772886.0,1136941.0
2025-06-18 11:33:59.620234,332.6,772886.0,1136941.0
2025-06-18 11:34:00.270612,332.6,772886.0,1136941.0
2025-06-18 11:34:00.371230,332.6,775773.0,1132201.0
2025-06-18 11:34:00.875730,332.6,775773.0,1132201.0
2025-06-18 11:34:01.270019,332.6,775773.0,1132201.0
2025-06-18 11:34:01.378485,332.6,776790.0,1129170.0
2025-06-18 11:34:01.749798,332.6,776790.0,1129170.0
2025-06-18 11:34:02.267977,332.75,776790.0,1129170.0
2025-06-18 11:34:02.477694,332.75,778314.0,1127942.0
2025-06-18 11:34:03.136341,332.75,778314.0,1127942.0
2025-06-18 11:34:03.274059,332.75,778314.0,1127942.0
2025-06-18 11:34:03.577625,332.75,779451.0,1128102.0
2025-06-18 11:34:04.274608,332.75,779451.0,1128102.0
2025-06-18 11:34:04.287241,332.7,779451.0,1128102.0
2025-06-18 11:34:04.682267,332.75,782476.0,1127696.0
2025-06-18 11:34:05.509410,332.75,782476.0,1127696.0
2025-06-18 11:34:05.516303,332.75,782476.0,1127696.0
2025-06-18 11:34:05.677563,332.7,781770.0,1129980.0
2025-06-18 11:34:06.295582,332.7,781770.0,1129980.0
2025-06-18 11:34:06.779433,332.65,779784.0,1130682.0
2025-06-18 11:34:06.877244,332.65,779784.0,1130682.0
2025-06-18 11:34:07.268376,332.65,779784.0,1130682.0
2025-06-18 11:34:07.783977,332.65,781091.0,1131131.0
2025-06-18 11:34:08.266454,332.7,781091.0,1131131.0
2025-06-18 11:34:08.883289,332.7,781463.0,1130076.0
2025-06-18 11:34:09.267002,332.7,781463.0,1130076.0
2025-06-18 11:34:09.982624,332.6,781497.0,1130059.0
2025-06-18 11:34:10.276777,332.7,781497.0,1130059.0
2025-06-18 11:34:11.082745,332.7,782430.0,1129887.0
2025-06-18 11:34:11.274286,332.7,782430.0,1129887.0
2025-06-18 11:34:12.083543,332.7,779490.0,1129962.0
2025-06-18 11:34:12.276198,332.7,779490.0,1129962.0
2025-06-18 11:34:13.182745,332.7,780055.0,1129686.0
2025-06-18 11:34:13.267474,332.7,780055.0,1129686.0
2025-06-18 11:34:14.276117,332.75,780055.0,1129686.0
2025-06-18 11:34:14.317902,332.75,780843.0,1127939.0
2025-06-18 11:34:15.274105,332.75,780843.0,1127939.0
2025-06-18 11:34:15.387011,332.75,781338.0,1129068.0
2025-06-18 11:34:16.270635,332.7,781338.0,1129068.0
2025-06-18 11:34:16.485769,332.7,780912.0,1128480.0
2025-06-18 11:34:17.278038,332.7,780912.0,1128480.0
2025-06-18 11:34:17.384862,332.7,781472.0,1128958.0
2025-06-18 11:34:18.270087,332.7,781472.0,1128958.0
2025-06-18 11:34:18.489660,332.7,780082.0,1128208.0
2025-06-18 11:34:19.269444,332.7,780082.0,1128208.0
2025-06-18 11:34:19.590629,332.7,780397.0,1128204.0
2025-06-18 11:34:20.687662,332.7,780606.0,1128241.0
2025-06-18 11:34:21.279221,332.7,780606.0,1128241.0
2025-06-18 11:34:21.788289,332.7,780690.0,1128241.0
2025-06-18 11:34:22.272507,332.7,780690.0,1128241.0
2025-06-18 11:34:22.790517,332.7,780930.0,1128123.0
2025-06-18 11:34:23.303879,332.6,780930.0,1128123.0
2025-06-18 11:34:23.892138,332.7,780756.0,1128208.0
2025-06-18 11:34:24.287485,332.7,780756.0,1128208.0
2025-06-18 11:34:24.893991,332.7,780926.0,1127853.0
2025-06-18 11:34:25.271414,332.7,780926.0,1127853.0
2025-06-18 11:34:25.996119,332.6,782003.0,1130206.0
2025-06-18 11:34:26.267406,332.65,782003.0,1130206.0
2025-06-18 11:34:26.994894,332.6,780777.0,1129035.0
2025-06-18 11:34:27.275302,332.65,780777.0,1129035.0
2025-06-18 11:34:27.894806,332.6,781768.0,1129232.0
2025-06-18 11:34:28.268424,332.65,781768.0,1129232.0
2025-06-18 11:34:28.998071,332.65,780612.0,1128924.0
2025-06-18 11:34:29.272838,332.65,780612.0,1128924.0
2025-06-18 11:34:30.097256,332.65,781822.0,1128922.0
2025-06-18 11:34:30.294738,332.65,781822.0,1128922.0
2025-06-18 11:34:31.200849,332.65,780983.0,1128259.0
2025-06-18 11:34:31.267432,332.65,780983.0,1128259.0
2025-06-18 11:34:32.268775,332.7,780983.0,1128259.0
2025-06-18 11:34:32.302593,332.7,782091.0,1126252.0
2025-06-18 11:34:33.208569,332.65,780055.0,1131546.0
2025-06-18 11:34:33.276651,332.65,780055.0,1131546.0
2025-06-18 11:34:34.262754,332.6,777445.0,1135007.0
2025-06-18 11:34:34.267120,332.6,777445.0,1135007.0
2025-06-18 11:34:35.266921,332.65,777445.0,1135007.0
2025-06-18 11:34:35.301666,332.65,776034.0,1136271.0
2025-06-18 11:34:36.270442,332.65,776034.0,1136271.0
2025-06-18 11:34:36.398353,332.65,777367.0,1136514.0
2025-06-18 11:34:37.430302,332.65,777367.0,1136514.0
2025-06-18 11:34:37.499482,332.65,778758.0,1136112.0
2025-06-18 11:34:38.267223,332.6,778758.0,1136112.0
2025-06-18 11:34:38.498901,332.6,778689.0,1136570.0
2025-06-18 11:34:39.272613,332.65,778689.0,1136570.0
2025-06-18 11:34:39.599965,332.65,778628.0,1136291.0
2025-06-18 11:34:40.268326,332.65,778628.0,1136291.0
2025-06-18 11:34:40.705313,332.65,778641.0,1136141.0
2025-06-18 11:34:41.276888,332.65,778641.0,1136141.0
2025-06-18 11:34:41.800285,332.65,778553.0,1136187.0
2025-06-18 11:34:42.271318,332.65,778553.0,1136187.0
2025-06-18 11:34:42.804454,332.55,771103.0,1136416.0
2025-06-18 11:34:43.268554,332.6,771103.0,1136416.0
2025-06-18 11:34:43.904764,332.6,770932.0,1139758.0
2025-06-18 11:34:44.270453,332.6,770932.0,1139758.0
2025-06-18 11:34:45.005751,332.55,770930.0,1140462.0
2025-06-18 11:34:45.274443,332.55,770930.0,1140462.0
2025-06-18 11:34:46.108298,332.55,772863.0,1138921.0
2025-06-18 11:34:46.278114,332.55,772863.0,1138921.0
2025-06-18 11:34:47.235547,332.55,771639.0,1136821.0
2025-06-18 11:34:48.251779,332.6,772956.0,1137028.0
2025-06-18 11:34:48.266969,332.6,772956.0,1137028.0
2025-06-18 11:34:49.247313,332.6,778540.0,1134678.0
2025-06-18 11:34:49.273657,332.6,778540.0,1134678.0
2025-06-18 11:34:50.267173,332.6,778540.0,1134678.0
2025-06-18 11:34:50.308632,332.6,779041.0,1134759.0
2025-06-18 11:34:51.270487,332.6,779041.0,1134759.0
2025-06-18 11:34:51.408889,332.6,778294.0,1134720.0
2025-06-18 11:34:52.267193,332.6,778294.0,1134720.0
2025-06-18 11:34:52.511815,332.6,778165.0,1134758.0
2025-06-18 11:34:53.277664,332.6,778165.0,1134758.0
2025-06-18 11:34:53.512437,332.6,778584.0,1134743.0
2025-06-18 11:34:54.275571,332.5,778584.0,1134743.0
2025-06-18 11:34:54.611217,332.5,765421.0,1132509.0
2025-06-18 11:34:55.268031,332.65,765421.0,1132509.0
2025-06-18 11:34:55.614682,332.65,774544.0,1133115.0
2025-06-18 11:34:56.279966,332.65,774544.0,1133115.0
2025-06-18 11:34:56.613370,332.65,782440.0,1132292.0
2025-06-18 11:34:57.296216,332.75,782440.0,1132292.0
2025-06-18 11:35:00.439591,332.75,779445.0,1130457.0
2025-06-18 11:35:00.443239,332.75,779445.0,1130457.0
2025-06-18 11:35:00.484663,332.75,780258.0,1128971.0
2025-06-18 11:35:00.489837,332.7,780258.0,1128971.0
2025-06-18 11:35:00.494993,332.7,780788.0,1128028.0
2025-06-18 11:35:00.517322,332.65,780788.0,1128028.0
2025-06-18 11:35:02.015096,332.65,781088.0,1130569.0
2025-06-18 11:35:02.273856,332.7,781088.0,1130569.0
2025-06-18 11:35:03.013792,332.7,779529.0,1132121.0
2025-06-18 11:35:03.277859,332.7,779529.0,1132121.0
2025-06-18 11:35:03.915934,332.7,779467.0,1132189.0
2025-06-18 11:35:04.285627,332.7,779467.0,1132189.0
2025-06-18 11:35:04.915838,332.75,780859.0,1128366.0
2025-06-18 11:35:05.277603,332.7,780859.0,1128366.0
2025-06-18 11:35:05.916292,332.7,782881.0,1127212.0
2025-06-18 11:35:06.916264,332.7,782169.0,1128772.0
2025-06-18 11:35:07.327068,332.8,782169.0,1128772.0
2025-06-18 11:35:08.015508,332.8,782715.0,1128689.0
2025-06-18 11:35:08.330224,332.8,782715.0,1128689.0
2025-06-18 11:35:09.116613,332.75,782930.0,1128525.0
2025-06-18 11:35:09.281660,332.75,782930.0,1128525.0
2025-06-18 11:35:10.017278,332.75,781771.0,1128523.0
2025-06-18 11:35:10.284732,332.65,781771.0,1128523.0
2025-06-18 11:35:11.018272,332.75,781376.0,1128687.0
2025-06-18 11:35:11.289702,332.75,781376.0,1128687.0
2025-06-18 11:35:12.018735,332.75,779246.0,1128783.0
2025-06-18 11:35:12.497586,332.75,779246.0,1128783.0
2025-06-18 11:35:13.017838,332.75,779662.0,1128733.0
2025-06-18 11:35:13.300592,332.75,779662.0,1128733.0
2025-06-18 11:35:14.019211,332.75,778136.0,1129184.0
2025-06-18 11:35:14.320235,332.75,778136.0,1129184.0
2025-06-18 11:35:15.020673,332.75,778406.0,1129038.0
2025-06-18 11:35:15.292914,332.75,778406.0,1129038.0
2025-06-18 11:35:15.924832,332.7,778753.0,1128589.0
2025-06-18 11:35:16.318241,332.65,778753.0,1128589.0
2025-06-18 11:35:17.022455,332.6,775595.0,1131259.0
2025-06-18 11:35:17.318365,332.6,775595.0,1131259.0
2025-06-18 11:35:18.123727,332.65,766811.0,1131963.0
2025-06-18 11:35:18.297758,332.65,766811.0,1131963.0
2025-06-18 11:35:19.123049,332.65,774612.0,1132143.0
2025-06-18 11:35:19.333527,332.65,774612.0,1132143.0
2025-06-18 11:35:20.122342,332.65,774556.0,1131462.0
2025-06-18 11:35:20.508970,332.65,774556.0,1131462.0
2025-06-18 11:35:21.121538,332.65,774566.0,1131512.0
2025-06-18 11:35:21.289516,332.65,774566.0,1131512.0
2025-06-18 11:35:22.124204,332.65,774820.0,1131507.0
2025-06-18 11:35:22.318076,332.65,774820.0,1131507.0
2025-06-18 11:35:23.124291,332.6,771233.0,1132086.0
2025-06-18 11:35:23.288104,332.6,771233.0,1132086.0
2025-06-18 11:35:24.124956,332.6,771975.0,1132098.0
2025-06-18 11:35:25.127446,332.55,771618.0,1130838.0
2025-06-18 11:35:25.313741,332.55,771618.0,1130838.0
2025-06-18 11:35:26.277822,332.55,772961.0,1131685.0
2025-06-18 11:35:26.325251,332.55,772961.0,1131685.0
2025-06-18 11:35:27.257585,332.6,773545.0,1131688.0
2025-06-18 11:35:27.300053,332.6,773545.0,1131688.0
2025-06-18 11:35:28.238760,332.6,778548.0,1131919.0
2025-06-18 11:35:28.330343,332.6,778548.0,1131919.0
2025-06-18 11:35:29.239188,332.7,777784.0,1130983.0
2025-06-18 11:35:29.323717,332.7,777784.0,1130983.0
2025-06-18 11:35:30.236216,332.7,777725.0,1133411.0
2025-06-18 11:35:30.306390,332.7,777725.0,1133411.0
2025-06-18 11:35:31.234107,332.7,777809.0,1132600.0
2025-06-18 11:35:31.286732,332.7,777809.0,1132600.0
2025-06-18 11:35:32.254305,332.7,778743.0,1132469.0
2025-06-18 11:35:32.301365,332.7,778743.0,1132469.0
2025-06-18 11:35:33.127054,332.7,780826.0,1131244.0
2025-06-18 11:35:33.281338,332.7,780826.0,1131244.0
2025-06-18 11:35:34.134834,332.55,777422.0,1129045.0
2025-06-18 11:35:34.287367,332.55,777422.0,1129045.0
2025-06-18 11:35:35.129282,332.6,782644.0,1128482.0
2025-06-18 11:35:35.295195,332.75,782644.0,1128482.0
2025-06-18 11:35:36.133488,332.65,782613.0,1121905.0
2025-06-18 11:35:36.284502,332.65,782613.0,1121905.0
2025-06-18 11:35:37.132358,332.8,786938.0,1121323.0
2025-06-18 11:35:37.304824,332.8,786938.0,1121323.0
2025-06-18 11:35:38.133179,332.8,785700.0,1118267.0
2025-06-18 11:35:38.277708,332.85,785700.0,1118267.0
2025-06-18 11:35:39.133028,332.85,786229.0,1119636.0
2025-06-18 11:35:39.276720,332.85,786229.0,1119636.0
2025-06-18 11:35:40.134210,332.85,786387.0,1118714.0
2025-06-18 11:35:40.276701,332.85,786387.0,1118714.0
2025-06-18 11:35:41.134730,332.85,786490.0,1118643.0
2025-06-18 11:35:41.302791,332.85,786490.0,1118643.0
2025-06-18 11:35:42.135937,332.8,785196.0,1119262.0
2025-06-18 11:35:42.312070,332.8,785196.0,1119262.0
2025-06-18 11:35:43.136836,332.75,785476.0,1118829.0
2025-06-18 11:35:43.280305,332.75,785476.0,1118829.0
2025-06-18 11:35:44.141832,332.8,785596.0,1119019.0
2025-06-18 11:35:44.285092,332.8,785596.0,1119019.0
2025-06-18 11:35:45.036812,332.75,783151.0,1117477.0
2025-06-18 11:35:45.276188,332.75,783151.0,1117477.0
2025-06-18 11:35:46.246988,332.7,783406.0,1119221.0
2025-06-18 11:35:46.286645,332.7,783406.0,1119221.0
2025-06-18 11:35:47.241003,332.75,784210.0,1119202.0
2025-06-18 11:35:47.275741,332.75,784210.0,1119202.0
2025-06-18 11:35:48.277239,332.75,784210.0,1119202.0
2025-06-18 11:35:49.039651,332.75,785958.0,1119315.0
2025-06-18 11:35:49.284264,332.75,785958.0,1119315.0
2025-06-18 11:35:50.041079,332.75,786078.0,1119260.0
2025-06-18 11:35:50.272926,332.75,786078.0,1119260.0
2025-06-18 11:35:50.941730,332.75,785953.0,1118129.0
2025-06-18 11:35:51.272477,332.75,785953.0,1118129.0
2025-06-18 11:35:51.943013,332.8,783507.0,1117915.0
2025-06-18 11:35:52.305323,332.75,783507.0,1117915.0
2025-06-18 11:35:52.948733,332.75,781711.0,1118806.0
2025-06-18 11:35:53.943209,332.75,781629.0,1121973.0
2025-06-18 11:35:54.273306,332.75,781629.0,1121973.0
2025-06-18 11:35:54.944306,332.75,782091.0,1123192.0
2025-06-18 11:35:55.332882,332.75,782091.0,1123192.0
2025-06-18 11:35:55.946238,332.65,759051.0,1131189.0
2025-06-18 11:35:56.277824,332.65,759051.0,1131189.0
2025-06-18 11:35:57.044366,332.65,770470.0,1129362.0
2025-06-18 11:35:57.288991,332.65,770470.0,1129362.0
2025-06-18 11:35:58.152298,332.65,775192.0,1130469.0
2025-06-18 11:35:58.282108,332.65,775192.0,1130469.0
2025-06-18 11:35:59.252524,332.65,777922.0,1128282.0
2025-06-18 11:35:59.272743,332.65,777922.0,1128282.0
2025-06-18 11:36:00.277302,332.65,777922.0,1128282.0
2025-06-18 11:36:00.355745,332.65,774309.0,1125793.0
2025-06-18 11:36:01.280145,332.65,774309.0,1125793.0
2025-06-18 11:36:01.650979,332.65,775675.0,1126514.0
2025-06-18 11:36:02.275005,332.65,775675.0,1126514.0
2025-06-18 11:36:02.752218,332.65,777621.0,1127124.0
2025-06-18 11:36:03.851129,332.65,777945.0,1127509.0
2025-06-18 11:36:04.277358,332.55,777945.0,1127509.0
2025-06-18 11:36:04.949399,332.55,779527.0,1127557.0
2025-06-18 11:36:05.274360,332.7,779527.0,1127557.0
2025-06-18 11:36:05.949803,332.7,780125.0,1128755.0
2025-06-18 11:36:06.274522,332.7,780125.0,1128755.0
2025-06-18 11:36:06.951941,332.7,783231.0,1127776.0
2025-06-18 11:36:07.275917,332.75,783231.0,1127776.0
2025-06-18 11:36:07.951089,332.75,782619.0,1126197.0
2025-06-18 11:36:09.591728,332.75,782619.0,1126197.0
2025-06-18 11:36:09.623979,332.75,782579.0,1126229.0
2025-06-18 11:36:09.626641,332.75,782579.0,1126229.0
2025-06-18 11:36:10.157694,332.7,783245.0,1126026.0
2025-06-18 11:36:10.280003,332.7,783245.0,1126026.0
2025-06-18 11:36:11.274643,332.7,783245.0,1126026.0
2025-06-18 11:36:11.753349,332.7,783533.0,1125296.0
2025-06-18 11:36:12.274728,332.7,783533.0,1125296.0
2025-06-18 11:36:12.853347,332.7,781939.0,1125390.0
2025-06-18 11:36:13.276259,332.7,781939.0,1125390.0
2025-06-18 11:36:13.755161,332.7,781384.0,1123060.0
2025-06-18 11:36:14.283688,332.75,781384.0,1123060.0
2025-06-18 11:36:14.762712,332.75,781156.0,1124667.0
2025-06-18 11:36:15.274216,332.7,781156.0,1124667.0
2025-06-18 11:36:15.856894,332.7,783144.0,1125617.0
2025-06-18 11:36:16.273962,332.7,783144.0,1125617.0
2025-06-18 11:36:16.956134,332.7,783345.0,1126787.0
2025-06-18 11:36:17.957484,332.7,783114.0,1125665.0
2025-06-18 11:36:18.273371,332.7,783114.0,1125665.0
2025-06-18 11:36:18.857254,332.7,783204.0,1125498.0
2025-06-18 11:36:19.955212,332.7,783927.0,1125388.0
2025-06-18 11:36:20.284675,332.7,783927.0,1125388.0
2025-06-18 11:36:21.056760,332.75,785021.0,1123799.0
2025-06-18 11:36:21.280313,332.75,785021.0,1123799.0
2025-06-18 11:36:22.056860,332.75,785438.0,1125643.0
2025-06-18 11:36:22.284812,332.7,785438.0,1125643.0
2025-06-18 11:36:23.165170,332.75,785115.0,1123675.0
2025-06-18 11:36:23.277498,332.75,785115.0,1123675.0
2025-06-18 11:36:24.258749,332.85,791029.0,1124870.0
2025-06-18 11:36:24.278332,332.85,791029.0,1124870.0
2025-06-18 11:36:25.260410,332.8,789612.0,1121297.0
2025-06-18 11:36:25.280688,332.8,789612.0,1121297.0
2025-06-18 11:36:26.277443,332.8,789612.0,1121297.0
2025-06-18 11:36:26.358351,332.8,791278.0,1121062.0
2025-06-18 11:36:27.287995,332.8,791278.0,1121062.0
2025-06-18 11:36:27.459349,332.8,791073.0,1121275.0
2025-06-18 11:36:28.274310,332.7,791073.0,1121275.0
2025-06-18 11:36:28.560705,332.7,790855.0,1122411.0
2025-06-18 11:36:29.275003,332.8,790855.0,1122411.0
2025-06-18 11:36:29.671186,332.85,788077.0,1121100.0
2025-06-18 11:36:30.276964,332.8,788077.0,1121100.0
2025-06-18 11:36:30.859409,332.85,784089.0,1121087.0
2025-06-18 11:36:31.282322,332.8,784089.0,1121087.0
2025-06-18 11:36:31.764483,332.85,783962.0,1122333.0
2025-06-18 11:36:32.282803,332.85,783962.0,1122333.0
2025-06-18 11:36:32.861017,332.85,784898.0,1117994.0
2025-06-18 11:36:33.281941,332.85,784898.0,1117994.0
2025-06-18 11:36:33.963200,332.85,784766.0,1120589.0
2025-06-18 11:36:34.277724,332.85,784766.0,1120589.0
2025-06-18 11:36:35.063261,332.8,784607.0,1123428.0
2025-06-18 11:36:35.286955,332.8,784607.0,1123428.0
2025-06-18 11:36:36.067786,332.75,784530.0,1124503.0
2025-06-18 11:36:36.277558,332.75,784530.0,1124503.0
2025-06-18 11:36:37.171390,332.8,786194.0,1124587.0
2025-06-18 11:36:37.277382,332.8,786194.0,1124587.0
2025-06-18 11:36:38.264101,332.8,771242.0,1122401.0
2025-06-18 11:36:38.276569,332.8,771242.0,1122401.0
2025-06-18 11:36:39.265859,332.8,771585.0,1123345.0
2025-06-18 11:36:39.274628,332.8,771585.0,1123345.0
2025-06-18 11:36:40.266048,332.8,774335.0,1122846.0
2025-06-18 11:36:40.278169,332.8,774335.0,1122846.0
2025-06-18 11:36:41.284035,332.8,774335.0,1122846.0
2025-06-18 11:36:41.364581,332.8,772725.0,1123287.0
2025-06-18 11:36:42.280524,332.8,772725.0,1123287.0
2025-06-18 11:36:42.465263,332.8,774115.0,1123340.0
2025-06-18 11:36:43.284352,332.7,774115.0,1123340.0
2025-06-18 11:36:43.565788,332.7,774912.0,1123091.0
2025-06-18 11:36:44.276614,332.8,774912.0,1123091.0
2025-06-18 11:36:44.669600,332.8,772193.0,1123070.0
2025-06-18 11:36:45.311089,332.8,772193.0,1123070.0
2025-06-18 11:36:45.674587,332.8,771088.0,1123221.0
2025-06-18 11:36:46.685292,332.8,772642.0,1123221.0
2025-06-18 11:36:47.278269,332.8,772642.0,1123221.0
2025-06-18 11:36:47.673643,332.8,773834.0,1123087.0
2025-06-18 11:36:48.284682,332.85,773834.0,1123087.0
2025-06-18 11:36:48.674791,332.85,774220.0,1123022.0
2025-06-18 11:36:49.277233,332.85,774220.0,1123022.0
2025-06-18 11:36:49.769390,332.85,774082.0,1122788.0
2025-06-18 11:36:50.285346,332.85,774082.0,1122788.0
2025-06-18 11:36:50.872443,332.85,774302.0,1123012.0
2025-06-18 11:36:51.325102,332.85,774302.0,1123012.0
2025-06-18 11:36:51.345688,332.85,774302.0,1123012.0
2025-06-18 11:36:51.868382,332.85,774426.0,1122989.0
2025-06-18 11:36:52.276675,332.85,774426.0,1122989.0
2025-06-18 11:36:52.456489,332.85,774426.0,1122989.0
2025-06-18 11:36:52.782619,332.85,770024.0,1123005.0
2025-06-18 11:36:53.277754,332.7,770024.0,1123005.0
2025-06-18 11:36:53.393452,332.7,770024.0,1123005.0
2025-06-18 11:36:53.875366,332.85,768567.0,1124690.0
2025-06-18 11:36:54.277737,332.8,768567.0,1124690.0
2025-06-18 11:36:54.341525,332.8,768567.0,1124690.0
2025-06-18 11:36:54.969753,332.8,764979.0,1125338.0
2025-06-18 11:36:55.233849,332.8,764979.0,1125338.0
2025-06-18 11:36:55.277527,332.7,764979.0,1125338.0
2025-06-18 11:36:56.032493,332.7,764979.0,1125338.0
2025-06-18 11:36:56.074210,332.8,773110.0,1126107.0
2025-06-18 11:36:56.282340,332.8,773110.0,1126107.0
2025-06-18 11:36:57.072699,332.8,773700.0,1126986.0
2025-06-18 11:36:57.107648,332.8,773700.0,1126986.0
2025-06-18 11:36:57.275982,332.8,773700.0,1126986.0
2025-06-18 11:36:57.676520,332.8,773700.0,1126986.0
2025-06-18 11:36:58.078201,332.8,773700.0,1126986.0
2025-06-18 11:36:58.179783,332.8,773702.0,1127020.0
2025-06-18 11:36:58.283045,332.8,773702.0,1127020.0
2025-06-18 11:36:58.561827,332.8,773702.0,1127020.0
2025-06-18 11:36:59.182599,332.7,773946.0,1127013.0
2025-06-18 11:36:59.277517,332.8,773946.0,1127013.0
2025-06-18 11:36:59.819573,332.8,773946.0,1127013.0
2025-06-18 11:37:00.188880,332.8,775800.0,1127534.0
2025-06-18 11:37:00.294030,332.8,775800.0,1127534.0
2025-06-18 11:37:01.076743,332.8,775800.0,1127534.0
2025-06-18 11:37:01.287115,332.8,775800.0,1127534.0
2025-06-18 11:37:01.943422,332.8,775800.0,1127534.0
2025-06-18 11:37:03.352086,332.8,775800.0,1127534.0
2025-06-18 11:37:03.356295,332.8,775800.0,1127534.0
2025-06-18 11:37:04.485877,332.8,775800.0,1127534.0
2025-06-18 11:37:04.780960,332.8,775491.0,1127433.0
2025-06-18 11:37:05.290575,332.75,775491.0,1127433.0
2025-06-18 11:37:05.693627,332.75,775491.0,1127433.0
2025-06-18 11:37:07.109440,332.75,775491.0,1127433.0
2025-06-18 11:37:07.285225,332.8,775491.0,1127433.0
2025-06-18 11:37:09.284837,332.8,775491.0,1127433.0
2025-06-18 11:37:09.982537,332.8,774063.0,1126967.0
2025-06-18 11:37:12.283011,332.8,774063.0,1126967.0
2025-06-18 11:37:13.291768,332.8,774063.0,1126967.0
2025-06-18 11:37:15.185372,332.7,772006.0,1126850.0
2025-06-18 11:37:15.285317,332.7,772006.0,1126850.0
2025-06-18 11:37:17.290548,332.75,772006.0,1126850.0
2025-06-18 11:37:19.295934,332.75,772006.0,1126850.0
2025-06-18 11:37:20.194274,332.75,770802.0,1121848.0
2025-06-18 11:37:22.285701,332.75,770802.0,1121848.0
2025-06-18 11:37:23.330555,332.7,770802.0,1121848.0
2025-06-18 11:37:24.991560,332.8,770016.0,1121957.0
2025-06-18 11:37:25.288504,332.7,770016.0,1121957.0
2025-06-18 11:37:27.288235,332.75,770016.0,1121957.0
2025-06-18 11:37:29.286606,332.75,770016.0,1121957.0
2025-06-18 11:37:29.994422,332.75,772492.0,1121959.0
2025-06-18 11:37:31.290780,332.75,772492.0,1121959.0
2025-06-18 11:37:33.290311,332.7,772492.0,1121959.0
2025-06-18 11:37:35.291961,332.7,772492.0,1121959.0
2025-06-18 11:37:35.398688,332.8,770657.0,1121048.0
2025-06-18 11:37:37.531716,332.8,770657.0,1121048.0
2025-06-18 11:37:39.292229,332.8,770657.0,1121048.0
2025-06-18 11:37:41.106492,332.8,772792.0,1120796.0
2025-06-18 11:37:41.330194,332.8,772792.0,1120796.0
2025-06-18 11:37:43.305187,332.8,772792.0,1120796.0
2025-06-18 11:37:45.295087,332.75,772792.0,1120796.0
2025-06-18 11:37:46.313783,332.75,773686.0,1120764.0
2025-06-18 11:37:47.294394,332.75,773686.0,1120764.0
2025-06-18 11:37:49.297795,332.75,773686.0,1120764.0
2025-06-18 11:37:51.709619,332.8,773306.0,1119625.0
2025-06-18 11:37:52.284610,332.8,773306.0,1119625.0
2025-06-18 11:37:53.293311,332.8,773306.0,1119625.0
2025-06-18 11:37:55.292415,332.8,773306.0,1119625.0
2025-06-18 11:37:57.113363,332.85,783032.0,1109604.0
2025-06-18 11:37:58.293695,332.9,783032.0,1109604.0
2025-06-18 11:38:01.285858,332.85,783032.0,1109604.0
2025-06-18 11:38:02.622286,333.0,784349.0,1102950.0
2025-06-18 11:38:04.294891,333.0,784349.0,1102950.0
2025-06-18 11:38:07.285316,332.95,784349.0,1102950.0
2025-06-18 11:38:08.222780,332.95,783835.0,1101450.0
2025-06-18 11:38:08.297110,332.95,783835.0,1101450.0
2025-06-18 11:38:10.292297,332.95,783835.0,1101450.0
2025-06-18 11:38:12.286390,332.95,783835.0,1101450.0
2025-06-18 11:38:13.921080,332.9,778790.0,1104503.0
2025-06-18 11:38:14.309020,332.9,778790.0,1104503.0
2025-06-18 11:38:16.287411,332.85,778790.0,1104503.0
2025-06-18 11:38:18.295209,332.9,778790.0,1104503.0
2025-06-18 11:38:19.329909,332.9,780411.0,1104367.0
2025-06-18 11:38:20.290310,332.9,780411.0,1104367.0
2025-06-18 11:38:22.289040,332.95,780411.0,1104367.0
2025-06-18 11:38:24.311716,332.95,780411.0,1104367.0
2025-06-18 11:38:24.529424,332.9,781337.0,1104058.0
2025-06-18 11:38:26.314011,332.85,781337.0,1104058.0
2025-06-18 11:38:28.293842,332.85,781337.0,1104058.0
2025-06-18 11:38:29.743682,333.0,786416.0,1101784.0
2025-06-18 11:38:30.302414,333.0,786416.0,1101784.0
2025-06-18 11:38:32.294145,333.0,786416.0,1101784.0
2025-06-18 11:38:34.291710,333.0,786416.0,1101784.0
2025-06-18 11:38:35.258257,332.95,781440.0,1103655.0
2025-06-18 11:38:36.292355,332.9,781440.0,1103655.0
2025-06-18 11:38:38.293877,332.95,781440.0,1103655.0
2025-06-18 11:38:40.339461,332.95,781440.0,1103655.0
2025-06-18 11:38:40.442877,332.95,784331.0,1102826.0
2025-06-18 11:38:42.295520,332.9,784331.0,1102826.0
2025-06-18 11:38:44.293558,332.95,784331.0,1102826.0
2025-06-18 11:38:45.543560,332.9,785505.0,1102304.0
2025-06-18 11:38:46.296922,332.9,785505.0,1102304.0
2025-06-18 11:38:48.296660,333.0,785505.0,1102304.0
2025-06-18 11:38:50.294095,333.0,785505.0,1102304.0
2025-06-18 11:38:50.650422,332.95,769918.0,1086605.0
2025-06-18 11:38:52.299271,332.95,769918.0,1086605.0
2025-06-18 11:38:54.296834,333.0,769918.0,1086605.0
2025-06-18 11:38:55.655039,333.0,787009.0,1102311.0
2025-06-18 11:38:57.479651,332.95,787009.0,1102311.0
2025-06-18 11:38:58.298411,333.0,787009.0,1102311.0
2025-06-18 11:39:00.293181,333.0,787009.0,1102311.0
2025-06-18 11:39:00.661473,333.0,784709.0,1099389.0
2025-06-18 11:39:02.302651,333.0,784709.0,1099389.0
2025-06-18 11:39:05.301739,333.05,784709.0,1099389.0
2025-06-18 11:39:05.462280,333.05,784806.0,1103905.0
2025-06-18 11:39:06.443941,333.05,784806.0,1103905.0
2025-06-18 11:39:08.312030,333.0,784806.0,1103905.0
2025-06-18 11:39:10.299892,333.0,784806.0,1103905.0
2025-06-18 11:39:11.267889,333.0,784549.0,1104282.0
2025-06-18 11:39:12.296870,333.0,784549.0,1104282.0
2025-06-18 11:39:16.300310,332.95,784549.0,1104282.0
2025-06-18 11:39:17.522362,332.95,782106.0,1103070.0
2025-06-18 11:39:18.298811,333.1,782106.0,1103070.0
2025-06-18 11:39:21.292396,333.0,782106.0,1103070.0
2025-06-18 11:39:22.302967,333.0,782106.0,1103070.0
2025-06-18 11:39:22.370033,333.0,783929.0,1099980.0
2025-06-18 11:39:24.304880,333.15,783929.0,1099980.0
2025-06-18 11:39:27.293476,333.1,783929.0,1099980.0
2025-06-18 11:39:27.572681,333.1,786557.0,1098139.0
2025-06-18 11:39:30.295726,333.1,786557.0,1098139.0
2025-06-18 11:39:32.680343,333.1,786779.0,1098115.0
2025-06-18 11:39:34.303197,333.1,786779.0,1098115.0
2025-06-18 11:39:36.298159,333.0,786779.0,1098115.0
2025-06-18 11:39:38.080933,333.05,787292.0,1100549.0
2025-06-18 11:39:38.295129,333.05,787292.0,1100549.0
2025-06-18 11:39:42.294739,333.0,787292.0,1100549.0
2025-06-18 11:39:43.283825,333.0,787203.0,1099492.0
2025-06-18 11:39:44.305843,333.0,787203.0,1099492.0
2025-06-18 11:39:46.297424,333.0,787203.0,1099492.0
2025-06-18 11:39:48.295449,333.0,787203.0,1099492.0
2025-06-18 11:39:48.385551,333.0,786250.0,1099507.0
2025-06-18 11:39:50.303373,333.05,786250.0,1099507.0
2025-06-18 11:39:51.767413,333.05,786250.0,1099507.0
2025-06-18 11:39:52.302538,333.05,786250.0,1099507.0
2025-06-18 11:39:53.289599,333.05,786250.0,1099507.0
2025-06-18 11:39:53.992503,333.0,782716.0,1101247.0
2025-06-18 11:39:54.219959,333.0,782716.0,1101247.0
2025-06-18 11:39:54.299514,333.0,782716.0,1101247.0
2025-06-18 11:39:55.179490,333.0,782716.0,1101247.0
2025-06-18 11:39:56.053956,333.0,782716.0,1101247.0
2025-06-18 11:39:56.299170,333.0,782716.0,1101247.0
2025-06-18 11:39:56.861307,333.0,782716.0,1101247.0
2025-06-18 11:39:57.930008,333.0,782716.0,1101247.0
2025-06-18 11:39:58.297655,333.0,782716.0,1101247.0
2025-06-18 11:39:58.503019,333.0,782716.0,1101247.0
2025-06-18 11:39:59.299672,333.0,783682.0,1097252.0
2025-06-18 11:39:59.435861,333.0,783682.0,1097252.0
2025-06-18 11:40:00.297717,333.05,783682.0,1097252.0
2025-06-18 11:40:00.671941,333.05,783682.0,1097252.0
2025-06-18 11:40:01.928931,333.05,783682.0,1097252.0
2025-06-18 11:40:02.301814,333.0,783682.0,1097252.0
2025-06-18 11:40:02.798654,333.0,783682.0,1097252.0
2025-06-18 11:40:04.198287,333.0,783682.0,1097252.0
2025-06-18 11:40:04.302580,333.0,783682.0,1097252.0
2025-06-18 11:40:04.395681,333.0,785303.0,1097126.0
2025-06-18 11:40:05.338551,333.0,785303.0,1097126.0
2025-06-18 11:40:06.299203,333.05,785303.0,1097126.0
2025-06-18 11:40:06.479354,333.05,785303.0,1097126.0
2025-06-18 11:40:07.985878,333.05,785303.0,1097126.0
2025-06-18 11:40:09.599012,333.0,785961.0,1096980.0
2025-06-18 11:40:10.299948,333.0,785961.0,1096980.0
2025-06-18 11:40:12.306241,333.1,785961.0,1096980.0
2025-06-18 11:40:14.303861,333.0,785961.0,1096980.0
2025-06-18 11:40:14.597645,333.0,786398.0,1096753.0
2025-06-18 11:40:16.305374,333.0,786398.0,1096753.0
2025-06-18 11:40:19.902962,333.05,785981.0,1097775.0
2025-06-18 11:40:20.304114,333.05,785981.0,1097775.0
2025-06-18 11:40:24.305226,333.0,785981.0,1097775.0
2025-06-18 11:40:25.410584,333.0,782027.0,1099218.0
2025-06-18 11:40:27.296738,333.0,782027.0,1099218.0
2025-06-18 11:40:31.012274,333.0,785636.0,1097687.0
2025-06-18 11:40:32.340901,333.15,785636.0,1097687.0
2025-06-18 11:40:34.303353,333.15,785636.0,1097687.0
2025-06-18 11:40:36.419152,333.15,788459.0,1095226.0
2025-06-18 11:40:38.302595,333.1,788459.0,1095226.0
2025-06-18 11:40:40.313046,333.1,788459.0,1095226.0
2025-06-18 11:40:41.720667,333.1,787955.0,1096017.0
2025-06-18 11:40:45.297439,333.1,787955.0,1096017.0
2025-06-18 11:40:46.303666,333.2,787955.0,1096017.0
2025-06-18 11:40:47.224219,333.05,788092.0,1095463.0
2025-06-18 11:40:48.318415,333.05,788092.0,1095463.0
2025-06-18 11:40:50.327285,333.1,788092.0,1095463.0
2025-06-18 11:40:52.308493,333.1,788092.0,1095463.0
2025-06-18 11:40:52.336738,333.1,786287.0,1095630.0
2025-06-18 11:40:54.305908,333.1,786287.0,1095630.0
2025-06-18 11:40:57.300451,333.05,786287.0,1095630.0
2025-06-18 11:40:57.831646,333.05,788900.0,1097847.0
2025-06-18 11:40:58.304830,333.15,788900.0,1097847.0
2025-06-18 11:41:02.304452,333.25,788900.0,1097847.0
2025-06-18 11:41:03.034809,333.25,797472.0,1092323.0
2025-06-18 11:41:06.313663,333.1,797472.0,1092323.0
2025-06-18 11:41:08.308579,333.1,797472.0,1092323.0
2025-06-18 11:41:08.437775,333.1,797255.0,1093217.0
2025-06-18 11:41:10.313506,333.1,797255.0,1093217.0
2025-06-18 11:41:12.306784,333.1,797255.0,1093217.0
2025-06-18 11:41:13.648212,333.1,798510.0,1093350.0
2025-06-18 11:41:14.305338,333.1,798510.0,1093350.0
2025-06-18 11:41:16.346730,333.1,798510.0,1093350.0
2025-06-18 11:41:18.319814,333.1,798510.0,1093350.0
2025-06-18 11:41:18.756968,333.1,789263.0,1093592.0
2025-06-18 11:41:20.305945,333.1,789263.0,1093592.0
2025-06-18 11:41:22.316962,333.1,789263.0,1093592.0
2025-06-18 11:41:23.653007,333.1,792791.0,1097279.0
2025-06-18 11:41:26.318902,333.05,792791.0,1097279.0
2025-06-18 11:41:28.316293,333.1,792791.0,1097279.0
2025-06-18 11:41:28.781845,333.1,794424.0,1097516.0
2025-06-18 11:41:34.070781,333.1,796179.0,1098335.0
2025-06-18 11:41:36.315248,333.1,796179.0,1098335.0
2025-06-18 11:41:38.304643,333.1,796179.0,1098335.0
2025-06-18 11:41:39.857907,333.1,792655.0,1099588.0
2025-06-18 11:41:40.320171,333.1,792655.0,1099588.0
2025-06-18 11:41:42.347126,333.1,792655.0,1099588.0
2025-06-18 11:41:45.065239,333.05,796295.0,1098228.0
2025-06-18 11:41:46.311244,333.05,796295.0,1098228.0
2025-06-18 11:41:48.312836,333.1,796295.0,1098228.0
2025-06-18 11:41:50.066756,333.1,794737.0,1099171.0
2025-06-18 11:41:52.312168,333.1,794737.0,1099171.0
2025-06-18 11:41:54.319850,333.1,794737.0,1099171.0
2025-06-18 11:41:55.179232,333.05,794675.0,1098851.0
2025-06-18 11:41:56.309304,333.05,794675.0,1098851.0
2025-06-18 11:41:58.310060,333.05,794675.0,1098851.0
2025-06-18 11:41:59.971862,333.1,793241.0,1099015.0
2025-06-18 11:42:00.316856,333.1,793241.0,1099015.0
2025-06-18 11:42:02.323869,333.05,793241.0,1099015.0
2025-06-18 11:42:04.305892,333.1,793241.0,1099015.0
2025-06-18 11:42:04.783394,333.1,794457.0,1098577.0
2025-06-18 11:42:06.351090,333.05,794457.0,1098577.0
2025-06-18 11:42:08.311871,333.1,794457.0,1098577.0
2025-06-18 11:42:10.453919,333.15,795869.0,1096423.0
2025-06-18 11:42:10.462069,333.15,795869.0,1096423.0
2025-06-18 11:42:12.346381,333.15,795869.0,1096423.0
2025-06-18 11:42:14.313166,333.2,795869.0,1096423.0
2025-06-18 11:42:14.982860,333.2,797373.0,1094834.0
2025-06-18 11:42:18.339016,333.15,797373.0,1094834.0
2025-06-18 11:42:20.085230,333.15,797407.0,1096201.0
2025-06-18 11:42:20.326243,333.15,797407.0,1096201.0
2025-06-18 11:42:22.308047,333.2,797407.0,1096201.0
2025-06-18 11:42:24.329962,333.1,797407.0,1096201.0
2025-06-18 11:42:25.300402,333.1,798752.0,1101066.0
2025-06-18 11:42:26.324727,333.15,798752.0,1101066.0
2025-06-18 11:42:30.340492,333.15,798752.0,1101066.0
2025-06-18 11:42:30.493054,333.15,799036.0,1102027.0
2025-06-18 11:42:32.320783,333.15,799036.0,1102027.0
2025-06-18 11:42:34.321963,333.15,799036.0,1102027.0
2025-06-18 11:42:35.400797,333.1,799169.0,1102142.0
2025-06-18 11:42:36.829145,333.1,799169.0,1102142.0
2025-06-18 11:42:38.339744,333.15,799169.0,1102142.0
2025-06-18 11:42:40.905798,333.2,802965.0,1089913.0
2025-06-18 11:42:42.326880,333.2,802965.0,1089913.0
2025-06-18 11:42:44.313857,333.15,802965.0,1089913.0
2025-06-18 11:42:46.351324,333.15,802965.0,1089913.0
2025-06-18 11:42:46.511397,333.2,799719.0,1091123.0
2025-06-18 11:42:48.317860,333.15,799719.0,1091123.0
2025-06-18 11:42:50.320175,333.15,799719.0,1091123.0
2025-06-18 11:42:52.120108,333.15,796615.0,1094021.0
2025-06-18 11:42:52.254912,333.15,796615.0,1094021.0
2025-06-18 11:42:52.520743,333.15,796615.0,1094021.0
2025-06-18 11:42:53.327075,333.15,796615.0,1094021.0
2025-06-18 11:42:54.564255,333.15,796615.0,1094021.0
2025-06-18 11:42:54.569030,333.15,796615.0,1094021.0
2025-06-18 11:42:55.541491,333.15,796615.0,1094021.0
2025-06-18 11:42:56.353162,333.15,796615.0,1094021.0
2025-06-18 11:42:56.388699,333.15,796615.0,1094021.0
2025-06-18 11:42:57.214490,333.15,796615.0,1094021.0
2025-06-18 11:42:57.515460,333.15,797392.0,1094144.0
2025-06-18 11:42:58.292012,333.15,797392.0,1094144.0
2025-06-18 11:42:58.340273,333.15,797392.0,1094144.0
2025-06-18 11:42:58.872524,333.15,797392.0,1094144.0
2025-06-18 11:42:59.288707,333.15,797392.0,1094144.0
2025-06-18 11:43:00.154736,333.15,797392.0,1094144.0
2025-06-18 11:43:00.317835,333.2,797392.0,1094144.0
2025-06-18 11:43:01.037345,333.2,797392.0,1094144.0
2025-06-18 11:43:02.301492,333.2,797392.0,1094144.0
2025-06-18 11:43:02.358518,333.2,797392.0,1094144.0
2025-06-18 11:43:02.416725,333.2,798873.0,1092289.0
2025-06-18 11:43:03.166223,333.2,798873.0,1092289.0
2025-06-18 11:43:04.339265,333.2,798873.0,1092289.0
2025-06-18 11:43:04.574828,333.2,798873.0,1092289.0
2025-06-18 11:43:05.723195,333.2,798873.0,1092289.0
2025-06-18 11:43:06.326898,333.2,798873.0,1092289.0
2025-06-18 11:43:06.870233,333.2,798873.0,1092289.0
2025-06-18 11:43:07.519905,333.2,799311.0,1092136.0
2025-06-18 11:43:08.407235,333.2,799311.0,1092136.0
2025-06-18 11:43:08.439669,333.2,799311.0,1092136.0
2025-06-18 11:43:10.335753,333.2,799311.0,1092136.0
2025-06-18 11:43:12.359193,333.15,799311.0,1092136.0
2025-06-18 11:43:12.820070,333.2,798309.0,1093095.0
2025-06-18 11:43:14.361904,333.15,798309.0,1093095.0
2025-06-18 11:43:16.329081,333.15,798309.0,1093095.0
2025-06-18 11:43:18.363676,333.2,798309.0,1093095.0
2025-06-18 11:43:18.522917,333.2,798697.0,1094319.0
2025-06-18 11:43:20.322107,333.2,798697.0,1094319.0
2025-06-18 11:43:22.322470,333.2,798697.0,1094319.0
2025-06-18 11:43:23.727756,333.15,793195.0,1094448.0
2025-06-18 11:43:24.350351,333.15,793195.0,1094448.0
2025-06-18 11:43:26.347008,333.15,793195.0,1094448.0
2025-06-18 11:43:28.371400,333.2,793195.0,1094448.0
2025-06-18 11:43:28.729457,333.2,768380.0,1093641.0
2025-06-18 11:43:30.355067,333.2,768380.0,1093641.0
2025-06-18 11:43:33.121040,333.2,768380.0,1093641.0
2025-06-18 11:43:34.135287,333.15,770669.0,1094265.0
2025-06-18 11:43:34.327634,333.15,770669.0,1094265.0
2025-06-18 11:43:36.331400,333.2,770669.0,1094265.0
2025-06-18 11:43:38.330650,333.2,770669.0,1094265.0
2025-06-18 11:43:39.347018,333.2,766538.0,1094102.0
2025-06-18 11:43:40.498063,333.2,766538.0,1094102.0
2025-06-18 11:43:42.846700,333.2,766538.0,1094102.0
2025-06-18 11:43:44.389884,333.15,766538.0,1094102.0
2025-06-18 11:43:44.843257,333.25,767366.0,1090259.0
2025-06-18 11:43:46.549502,333.2,767366.0,1090259.0
2025-06-18 11:43:49.927997,333.2,767366.0,1090259.0
2025-06-18 11:43:50.253966,333.2,771649.0,1089365.0
2025-06-18 11:43:50.319965,333.2,771649.0,1089365.0
2025-06-18 11:43:52.334315,333.2,771649.0,1089365.0
2025-06-18 11:43:54.315550,333.25,771649.0,1089365.0
2025-06-18 11:43:55.665479,333.2,774668.0,1086342.0
2025-06-18 11:43:56.312607,333.2,774668.0,1086342.0
2025-06-18 11:43:58.344749,333.2,774668.0,1086342.0
2025-06-18 11:44:00.313743,333.2,774668.0,1086342.0
2025-06-18 11:44:00.768966,333.2,766732.0,1095615.0
2025-06-18 11:44:01.312059,333.15,766732.0,1095615.0
2025-06-18 11:44:01.759692,333.15,767526.0,1095616.0
2025-06-18 11:44:02.308100,333.15,767526.0,1095616.0
2025-06-18 11:44:02.854886,333.15,767343.0,1095326.0
2025-06-18 11:44:03.307314,333.2,767343.0,1095326.0
2025-06-18 11:44:03.856010,333.2,768087.0,1093702.0
2025-06-18 11:44:04.313926,333.2,768087.0,1093702.0
2025-06-18 11:44:04.955088,333.2,768087.0,1093825.0
2025-06-18 11:44:05.306018,333.15,768087.0,1093825.0
2025-06-18 11:44:05.861623,333.2,767921.0,1093958.0
2025-06-18 11:44:06.313696,333.15,767921.0,1093958.0
2025-06-18 11:44:06.958361,333.15,768063.0,1093957.0
2025-06-18 11:44:07.310180,333.2,768063.0,1093957.0
2025-06-18 11:44:07.860463,333.2,768010.0,1093953.0
2025-06-18 11:44:08.311694,333.2,768010.0,1093953.0
2025-06-18 11:44:08.964807,333.2,767935.0,1095520.0
2025-06-18 11:44:09.308599,333.15,767935.0,1095520.0
2025-06-18 11:44:10.064602,333.15,769094.0,1096163.0
2025-06-18 11:44:10.311565,333.15,769094.0,1096163.0
2025-06-18 11:44:11.063569,333.15,769011.0,1094968.0
2025-06-18 11:44:11.307829,333.15,769011.0,1094968.0
2025-06-18 11:44:12.168570,333.15,768405.0,1095739.0
2025-06-18 11:44:13.062771,333.15,767608.0,1096193.0
2025-06-18 11:44:13.309026,333.15,767608.0,1096193.0
2025-06-18 11:44:15.144830,333.15,768537.0,1094740.0
2025-06-18 11:44:15.276521,333.15,765846.0,1092622.0
2025-06-18 11:44:15.320969,333.15,765846.0,1092622.0
2025-06-18 11:44:16.277229,333.15,764820.0,1101775.0
2025-06-18 11:44:16.305846,333.15,764820.0,1101775.0
2025-06-18 11:44:17.294987,333.15,762153.0,1102946.0
2025-06-18 11:44:17.314636,333.15,762153.0,1102946.0
2025-06-18 11:44:18.278755,333.15,763750.0,1103341.0
2025-06-18 11:44:18.318343,333.15,763750.0,1103341.0
2025-06-18 11:44:19.284282,333.15,763921.0,1102489.0
2025-06-18 11:44:19.306107,333.15,763921.0,1102489.0
2025-06-18 11:44:20.285988,333.1,768243.0,1101457.0
2025-06-18 11:44:20.312844,333.1,768243.0,1101457.0
2025-06-18 11:44:21.311059,333.15,768243.0,1101457.0
2025-06-18 11:44:21.371857,333.15,768286.0,1101280.0
2025-06-18 11:44:22.317357,333.15,768286.0,1101280.0
2025-06-18 11:44:22.374187,333.15,766067.0,1101848.0
2025-06-18 11:44:23.310944,333.15,766067.0,1101848.0
2025-06-18 11:44:23.382089,333.15,766146.0,1101467.0
2025-06-18 11:44:24.313211,333.15,766146.0,1101467.0
2025-06-18 11:44:24.379318,333.15,767559.0,1101386.0
2025-06-18 11:44:25.340983,333.15,767559.0,1101386.0
2025-06-18 11:44:25.380632,333.15,767455.0,1101407.0
2025-06-18 11:44:26.318786,333.15,767455.0,1101407.0
2025-06-18 11:44:26.375082,333.15,766001.0,1100914.0
2025-06-18 11:44:27.285236,333.15,766086.0,1101313.0
2025-06-18 11:44:28.310628,333.1,766086.0,1101313.0
2025-06-18 11:44:28.376878,333.1,766094.0,1101392.0
2025-06-18 11:44:29.478293,333.1,766094.0,1101609.0
2025-06-18 11:44:30.311724,333.15,766094.0,1101609.0
2025-06-18 11:44:30.681552,333.05,757923.0,1098689.0
2025-06-18 11:44:31.335882,333.05,757923.0,1098689.0
2025-06-18 11:44:31.678917,333.2,765977.0,1098808.0
2025-06-18 11:44:32.310376,333.2,765977.0,1098808.0
2025-06-18 11:44:32.788134,333.2,767267.0,1098610.0
2025-06-18 11:44:33.310386,333.1,767267.0,1098610.0
2025-06-18 11:44:33.790333,333.1,764716.0,1098431.0
2025-06-18 11:44:34.978960,333.1,766787.0,1098430.0
2025-06-18 11:44:35.311046,333.05,766787.0,1098430.0
2025-06-18 11:44:35.980025,333.05,766748.0,1098430.0
2025-06-18 11:44:37.081571,333.05,766749.0,1098613.0
2025-06-18 11:44:38.082276,333.1,767276.0,1098494.0
2025-06-18 11:44:38.307714,333.1,767276.0,1098494.0
2025-06-18 11:44:39.188074,333.1,767433.0,1098805.0
2025-06-18 11:44:40.291386,333.1,767164.0,1098804.0
2025-06-18 11:44:40.310599,333.1,767164.0,1098804.0
2025-06-18 11:44:41.319078,333.05,767164.0,1098804.0
2025-06-18 11:44:41.381714,333.05,767482.0,1097341.0
2025-06-18 11:44:42.384370,333.05,767814.0,1097295.0
2025-06-18 11:44:43.308055,333.2,767814.0,1097295.0
2025-06-18 11:44:43.488626,333.2,766539.0,1098317.0
2025-06-18 11:44:44.528083,333.1,766539.0,1098317.0
2025-06-18 11:44:44.583840,333.1,766873.0,1099407.0
2025-06-18 11:44:45.318949,333.15,766873.0,1099407.0
2025-06-18 11:44:45.685132,333.2,768956.0,1098754.0
2025-06-18 11:44:46.312135,333.3,768956.0,1098754.0
2025-06-18 11:44:46.798140,333.2,777079.0,1086806.0
2025-06-18 11:44:47.314286,333.2,777079.0,1086806.0
2025-06-18 11:44:47.887590,333.2,773030.0,1086832.0
2025-06-18 11:44:48.348028,333.2,773030.0,1086832.0
2025-06-18 11:44:48.838702,333.2,773513.0,1088439.0
2025-06-18 11:44:49.340526,333.2,773513.0,1088439.0
2025-06-18 11:44:49.989331,333.2,772199.0,1091772.0
2025-06-18 11:44:50.316269,333.2,772199.0,1091772.0
2025-06-18 11:44:50.991256,333.2,773403.0,1091325.0
2025-06-18 11:44:51.309006,333.2,773403.0,1091325.0
2025-06-18 11:44:52.091461,333.2,776504.0,1089092.0
2025-06-18 11:44:52.309172,333.2,776504.0,1089092.0
2025-06-18 11:44:53.191643,333.2,775175.0,1092223.0
2025-06-18 11:44:53.311700,333.2,775175.0,1092223.0
2025-06-18 11:44:54.188945,333.2,777028.0,1089373.0
2025-06-18 11:44:54.315252,333.2,777028.0,1089373.0
2025-06-18 11:44:55.191735,333.15,775076.0,1090631.0
2025-06-18 11:44:55.314265,333.15,775076.0,1090631.0
2025-06-18 11:44:57.627005,333.15,777766.0,1091517.0
2025-06-18 11:44:57.629710,333.15,777766.0,1091517.0
2025-06-18 11:44:57.690325,333.2,777892.0,1090140.0
2025-06-18 11:44:57.691319,333.2,777892.0,1090140.0
2025-06-18 11:44:58.293899,333.2,778081.0,1090432.0
2025-06-18 11:44:58.310721,333.2,778081.0,1090432.0
2025-06-18 11:45:00.447001,333.2,776057.0,1093077.0
2025-06-18 11:45:00.447920,333.2,776057.0,1093077.0
2025-06-18 11:45:00.504256,333.25,768754.0,1093110.0
2025-06-18 11:45:00.505492,333.25,768754.0,1093110.0
2025-06-18 11:45:01.194525,333.25,777503.0,1091972.0
2025-06-18 11:45:01.312710,333.25,777503.0,1091972.0
2025-06-18 11:45:02.195797,333.25,777789.0,1091667.0
2025-06-18 11:45:02.311892,333.25,777789.0,1091667.0
2025-06-18 11:45:03.196700,333.25,771272.0,1091500.0
2025-06-18 11:45:03.315048,333.25,771272.0,1091500.0
2025-06-18 11:45:04.195643,333.2,774576.0,1086205.0
2025-06-18 11:45:04.312131,333.2,774576.0,1086205.0
2025-06-18 11:45:05.202185,333.2,774628.0,1087900.0
2025-06-18 11:45:05.312620,333.3,774628.0,1087900.0
2025-06-18 11:45:06.304429,333.2,774300.0,1084695.0
2025-06-18 11:45:06.315156,333.2,774300.0,1084695.0
2025-06-18 11:45:07.304275,333.35,776048.0,1084061.0
2025-06-18 11:45:07.314889,333.35,776048.0,1084061.0
2025-06-18 11:45:08.301773,333.45,784394.0,1076998.0
2025-06-18 11:45:08.312781,333.45,784394.0,1076998.0
2025-06-18 11:45:09.298015,333.45,792221.0,1072366.0
2025-06-18 11:45:09.306921,333.45,792221.0,1072366.0
2025-06-18 11:45:10.310237,333.5,792221.0,1072366.0
2025-06-18 11:45:10.398203,333.5,791154.0,1072129.0
2025-06-18 11:45:11.317621,333.7,791154.0,1072129.0
2025-06-18 11:45:11.508704,333.7,794070.0,1062321.0
2025-06-18 11:45:12.312661,333.7,794070.0,1062321.0
2025-06-18 11:45:12.600400,333.7,796018.0,1056345.0
2025-06-18 11:45:13.309532,333.55,796018.0,1056345.0
2025-06-18 11:45:13.702257,333.55,792434.0,1077489.0
2025-06-18 11:45:14.317139,333.55,792434.0,1077489.0
2025-06-18 11:45:14.812745,333.5,777774.0,1089925.0
2025-06-18 11:45:15.309367,333.45,777774.0,1089925.0
2025-06-18 11:45:15.809739,333.5,778986.0,1086216.0
2025-06-18 11:45:16.321484,333.5,778986.0,1086216.0
2025-06-18 11:45:16.811523,333.45,781661.0,1082563.0
2025-06-18 11:45:17.321236,333.45,781661.0,1082563.0
2025-06-18 11:45:17.905929,333.45,782223.0,1081343.0
2025-06-18 11:45:18.314170,333.5,782223.0,1081343.0
2025-06-18 11:45:18.818620,333.5,782935.0,1082379.0
2025-06-18 11:45:19.310295,333.5,782935.0,1082379.0
2025-06-18 11:45:19.811585,333.45,782662.0,1080825.0
2025-06-18 11:45:20.309385,333.45,782662.0,1080825.0
2025-06-18 11:45:20.813071,333.45,782787.0,1080299.0
2025-06-18 11:45:21.314316,333.5,782787.0,1080299.0
2025-06-18 11:45:21.806252,333.45,783617.0,1081584.0
2025-06-18 11:45:22.355371,333.5,783617.0,1081584.0
2025-06-18 11:45:22.812746,333.5,783776.0,1081411.0
2025-06-18 11:45:23.340038,333.5,783776.0,1081411.0
2025-06-18 11:45:23.716382,333.35,779356.0,1080822.0
2025-06-18 11:45:24.312223,333.45,779356.0,1080822.0
2025-06-18 11:45:24.707415,333.5,779384.0,1076627.0
2025-06-18 11:45:25.312118,333.5,779384.0,1076627.0
2025-06-18 11:45:25.706467,333.5,781263.0,1076942.0
2025-06-18 11:45:26.314417,333.5,781263.0,1076942.0
2025-06-18 11:45:26.709796,333.55,781294.0,1077291.0
2025-06-18 11:45:27.311417,333.55,781294.0,1077291.0
2025-06-18 11:45:27.709477,333.45,781132.0,1077710.0
2025-06-18 11:45:28.310516,333.35,781132.0,1077710.0
2025-06-18 11:45:28.711850,333.5,775096.0,1076968.0
2025-06-18 11:45:29.311690,333.5,775096.0,1076968.0
2025-06-18 11:45:29.712645,333.5,782131.0,1074018.0
2025-06-18 11:45:30.315659,333.6,782131.0,1074018.0
2025-06-18 11:45:30.712237,333.5,784008.0,1069396.0
2025-06-18 11:45:31.320752,333.6,784008.0,1069396.0
2025-06-18 11:45:31.713810,333.6,788422.0,1069224.0
2025-06-18 11:45:32.312691,333.65,788422.0,1069224.0
2025-06-18 11:45:32.715513,333.65,787085.0,1062886.0
2025-06-18 11:45:33.313845,333.7,787085.0,1062886.0
2025-06-18 11:45:33.615442,333.7,788760.0,1061931.0
2025-06-18 11:45:34.554066,333.7,788760.0,1061931.0
2025-06-18 11:45:34.615676,333.75,792441.0,1060900.0
2025-06-18 11:45:35.309946,333.75,792441.0,1060900.0
2025-06-18 11:45:35.616112,333.7,795828.0,1060592.0
2025-06-18 11:45:36.310468,333.7,795828.0,1060592.0
2025-06-18 11:45:36.616490,333.7,795468.0,1062197.0
2025-06-18 11:45:37.310177,333.7,795468.0,1062197.0
2025-06-18 11:45:37.616280,333.7,794013.0,1062320.0
2025-06-18 11:45:38.585579,333.7,794013.0,1062320.0
2025-06-18 11:45:38.621542,333.7,794061.0,1063238.0
2025-06-18 11:45:39.363671,333.7,794061.0,1063238.0
2025-06-18 11:45:39.617975,333.7,794265.0,1063490.0
2025-06-18 11:45:40.307406,333.7,794265.0,1063490.0
2025-06-18 11:45:40.617810,333.7,793178.0,1056734.0
2025-06-18 11:45:41.313053,333.7,793178.0,1056734.0
2025-06-18 11:45:41.619201,333.7,794133.0,1063324.0
2025-06-18 11:45:42.314922,333.7,794133.0,1063324.0
2025-06-18 11:45:43.019724,333.75,796267.0,1061111.0
2025-06-18 11:45:43.310424,333.75,796267.0,1061111.0
2025-06-18 11:45:44.220011,333.75,795420.0,1063214.0
2025-06-18 11:45:44.308770,333.75,795420.0,1063214.0
2025-06-18 11:45:45.219854,333.75,796339.0,1063170.0
2025-06-18 11:45:45.310369,333.7,796339.0,1063170.0
2025-06-18 11:45:46.307922,333.6,796339.0,1063170.0
2025-06-18 11:45:46.325901,333.6,792779.0,1074611.0
2025-06-18 11:45:47.310376,333.6,792779.0,1074611.0
2025-06-18 11:45:47.321913,333.6,791080.0,1072299.0
2025-06-18 11:45:48.312076,333.55,791080.0,1072299.0
2025-06-18 11:45:48.520891,333.55,788909.0,1074796.0
2025-06-18 11:45:49.313871,333.6,788909.0,1074796.0
2025-06-18 11:45:49.621297,333.6,789961.0,1076389.0
2025-06-18 11:45:50.315689,333.6,789961.0,1076389.0
2025-06-18 11:45:50.522485,333.6,789787.0,1075835.0
2025-06-18 11:45:51.311844,333.6,789787.0,1075835.0
2025-06-18 11:45:51.623041,333.6,789993.0,1077281.0
2025-06-18 11:45:52.310785,333.6,789993.0,1077281.0
2025-06-18 11:45:52.635992,333.6,790049.0,1078290.0
2025-06-18 11:45:52.727713,333.6,790049.0,1078290.0
2025-06-18 11:45:53.317361,333.6,790049.0,1078290.0
2025-06-18 11:45:53.628077,333.6,790256.0,1078330.0
2025-06-18 11:45:53.810504,333.6,790256.0,1078330.0
2025-06-18 11:45:54.315763,333.6,790256.0,1078330.0
2025-06-18 11:45:54.626231,333.6,789871.0,1076584.0
2025-06-18 11:45:54.724929,333.6,789871.0,1076584.0
2025-06-18 11:45:55.318404,333.6,789871.0,1076584.0
2025-06-18 11:45:55.626248,333.6,791105.0,1079022.0
2025-06-18 11:45:55.828356,333.6,791105.0,1079022.0
2025-06-18 11:45:56.309936,333.5,791105.0,1079022.0
2025-06-18 11:45:56.625397,333.5,786638.0,1078951.0
2025-06-18 11:45:56.704622,333.5,786638.0,1078951.0
2025-06-18 11:45:57.311724,333.6,786638.0,1078951.0
2025-06-18 11:45:57.518311,333.6,786638.0,1078951.0
2025-06-18 11:45:57.551849,333.6,775046.0,1089294.0
2025-06-18 11:45:58.313272,333.55,775046.0,1089294.0
2025-06-18 11:45:58.645825,333.55,775046.0,1089294.0
2025-06-18 11:45:58.646444,333.55,776224.0,1087769.0
2025-06-18 11:45:59.224230,333.55,776224.0,1087769.0
2025-06-18 11:45:59.628160,333.55,776418.0,1087769.0
2025-06-18 11:46:00.066632,333.55,776418.0,1087769.0
2025-06-18 11:46:00.311802,333.55,776418.0,1087769.0
2025-06-18 11:46:00.448604,333.55,776418.0,1087769.0
2025-06-18 11:46:00.628383,333.55,778626.0,1087665.0
2025-06-18 11:46:01.308542,333.4,778626.0,1087665.0
2025-06-18 11:46:01.332539,333.4,778626.0,1087665.0
2025-06-18 11:46:02.332787,333.4,771777.0,1087122.0
2025-06-18 11:46:02.594236,333.4,771777.0,1087122.0
2025-06-18 11:46:03.311722,333.55,771777.0,1087122.0
2025-06-18 11:46:03.429883,333.55,772647.0,1082483.0
2025-06-18 11:46:03.455550,333.55,772647.0,1082483.0
2025-06-18 11:46:04.317914,333.55,772647.0,1082483.0
2025-06-18 11:46:04.354736,333.55,772932.0,1080691.0
2025-06-18 11:46:04.852724,333.55,772932.0,1080691.0
2025-06-18 11:46:05.319332,333.5,772932.0,1080691.0
2025-06-18 11:46:05.340933,333.5,774003.0,1081127.0
2025-06-18 11:46:06.023726,333.5,774003.0,1081127.0
2025-06-18 11:46:06.316750,333.5,774003.0,1081127.0
2025-06-18 11:46:06.343118,333.5,772181.0,1081246.0
2025-06-18 11:46:07.140881,333.5,772181.0,1081246.0
2025-06-18 11:46:07.231558,333.4,775807.0,1083389.0
2025-06-18 11:46:07.309016,333.55,775807.0,1083389.0
2025-06-18 11:46:08.233698,333.55,775128.0,1080989.0
2025-06-18 11:46:08.313502,333.55,775128.0,1080989.0
2025-06-18 11:46:08.629845,333.55,775128.0,1080989.0
2025-06-18 11:46:09.313752,333.5,775128.0,1080989.0
2025-06-18 11:46:09.346398,333.5,777591.0,1079699.0
2025-06-18 11:46:10.312532,333.5,777591.0,1079699.0
2025-06-18 11:46:10.351301,333.5,778756.0,1078190.0
2025-06-18 11:46:11.308881,333.55,778756.0,1078190.0
2025-06-18 11:46:11.337385,333.55,778266.0,1076996.0
2025-06-18 11:46:12.312091,333.55,778266.0,1076996.0
2025-06-18 11:46:12.340931,333.55,776998.0,1077323.0
2025-06-18 11:46:13.313281,333.55,776998.0,1077323.0
2025-06-18 11:46:13.341876,333.55,776996.0,1077555.0
2025-06-18 11:46:14.312234,333.55,776996.0,1077555.0
2025-06-18 11:46:14.435941,333.5,776529.0,1077515.0
2025-06-18 11:46:15.311716,333.5,776529.0,1077515.0
2025-06-18 11:46:15.435144,333.5,776546.0,1077161.0
2025-06-18 11:46:16.313266,333.45,776546.0,1077161.0
2025-06-18 11:46:16.436561,333.45,776308.0,1080442.0
2025-06-18 11:46:17.310990,333.45,776308.0,1080442.0
2025-06-18 11:46:17.437675,333.45,776689.0,1080254.0
2025-06-18 11:46:18.311146,333.4,776689.0,1080254.0
2025-06-18 11:46:18.538690,333.4,777487.0,1083231.0
2025-06-18 11:46:19.541986,333.5,777648.0,1082790.0
2025-06-18 11:46:20.317163,333.4,777648.0,1082790.0
2025-06-18 11:46:20.539198,333.4,775745.0,1083016.0
2025-06-18 11:46:21.311669,333.5,775745.0,1083016.0
2025-06-18 11:46:21.540479,333.5,775998.0,1083314.0
2025-06-18 11:46:22.380912,333.55,775998.0,1083314.0
2025-06-18 11:46:22.642710,333.55,780088.0,1082525.0
2025-06-18 11:46:23.311826,333.55,780088.0,1082525.0
2025-06-18 11:46:23.643206,333.55,779021.0,1082395.0
2025-06-18 11:46:24.331376,333.55,779021.0,1082395.0
2025-06-18 11:46:24.543614,333.55,778761.0,1082758.0
2025-06-18 11:46:25.312374,333.45,778761.0,1082758.0
2025-06-18 11:46:25.544846,333.45,777878.0,1084818.0
2025-06-18 11:46:26.313001,333.45,777878.0,1084818.0
2025-06-18 11:46:26.647024,333.45,782717.0,1083364.0
2025-06-18 11:46:27.315075,333.45,782717.0,1083364.0
2025-06-18 11:46:27.758262,333.4,783640.0,1083422.0
2025-06-18 11:46:28.312427,333.4,783640.0,1083422.0
2025-06-18 11:46:28.747516,333.45,784315.0,1083115.0
2025-06-18 11:46:29.311992,333.4,784315.0,1083115.0
2025-06-18 11:46:29.848361,333.4,783865.0,1082940.0
2025-06-18 11:46:30.312541,333.45,783865.0,1082940.0
2025-06-18 11:46:30.950328,333.5,782001.0,1083613.0
2025-06-18 11:46:31.319139,333.4,782001.0,1083613.0
2025-06-18 11:46:33.139969,333.5,781031.0,1083675.0
2025-06-18 11:46:33.180554,333.5,781031.0,1083675.0
2025-06-18 11:46:33.218851,333.5,781066.0,1083671.0
2025-06-18 11:46:33.318239,333.4,781066.0,1083671.0
2025-06-18 11:46:34.252642,333.4,781204.0,1083558.0
2025-06-18 11:46:34.313214,333.5,781204.0,1083558.0
2025-06-18 11:46:35.367550,333.4,781204.0,1083558.0
2025-06-18 11:46:35.371416,333.4,778866.0,1084624.0
2025-06-18 11:46:36.314312,333.45,778866.0,1084624.0
2025-06-18 11:46:36.451462,333.45,777211.0,1083985.0
2025-06-18 11:46:37.316818,333.45,777211.0,1083985.0
2025-06-18 11:46:37.454269,333.5,775578.0,1083001.0
2025-06-18 11:46:38.313254,333.5,775578.0,1083001.0
2025-06-18 11:46:38.451140,333.5,778089.0,1083253.0
2025-06-18 11:46:39.312218,333.5,778089.0,1083253.0
2025-06-18 11:46:39.451457,333.5,775711.0,1083443.0
2025-06-18 11:46:40.312846,333.5,775711.0,1083443.0
2025-06-18 11:46:40.551447,333.5,779871.0,1083911.0
2025-06-18 11:46:41.663990,333.4,779382.0,1083670.0
2025-06-18 11:46:42.313483,333.4,779382.0,1083670.0
2025-06-18 11:46:42.662638,333.35,778375.0,1084222.0
2025-06-18 11:46:43.350610,333.4,778375.0,1084222.0
2025-06-18 11:46:43.754489,333.4,775151.0,1084496.0
2025-06-18 11:46:44.315646,333.4,775151.0,1084496.0
2025-06-18 11:46:44.759002,333.45,775644.0,1085208.0
2025-06-18 11:46:45.315761,333.35,775644.0,1085208.0
2025-06-18 11:46:45.858171,333.35,776694.0,1085359.0
2025-06-18 11:46:47.679931,333.35,776694.0,1085359.0
2025-06-18 11:46:47.731043,333.35,776694.0,1085359.0
2025-06-18 11:46:47.736474,333.4,776263.0,1086900.0
2025-06-18 11:46:48.316250,333.4,776263.0,1086900.0
2025-06-18 11:46:48.458165,333.4,775306.0,1086719.0
2025-06-18 11:46:49.312556,333.35,775306.0,1086719.0
2025-06-18 11:46:49.459786,333.4,776460.0,1086634.0
2025-06-18 11:46:50.338618,333.4,776460.0,1086634.0
2025-06-18 11:46:50.459728,333.4,776932.0,1085533.0
2025-06-18 11:46:51.313229,333.35,776932.0,1085533.0
2025-06-18 11:46:51.461387,333.4,776547.0,1086379.0
2025-06-18 11:46:52.316251,333.4,776547.0,1086379.0
2025-06-18 11:46:52.460992,333.4,776152.0,1086673.0
2025-06-18 11:46:53.325710,333.4,776152.0,1086673.0
2025-06-18 11:46:53.461906,333.35,776064.0,1085634.0
2025-06-18 11:46:54.315371,333.35,776064.0,1085634.0
2025-06-18 11:46:54.463347,333.4,776266.0,1085679.0
2025-06-18 11:46:55.314131,333.35,776266.0,1085679.0
2025-06-18 11:46:55.465039,333.4,776149.0,1086297.0
2025-06-18 11:46:56.313981,333.35,776149.0,1086297.0
2025-06-18 11:46:56.463760,333.4,775897.0,1086927.0
2025-06-18 11:46:57.322308,333.4,775897.0,1086927.0
2025-06-18 11:46:57.364811,333.45,777200.0,1086231.0
2025-06-18 11:46:58.317822,333.35,777200.0,1086231.0
2025-06-18 11:46:58.365694,333.5,777477.0,1086580.0
2025-06-18 11:46:59.316778,333.5,777477.0,1086580.0
2025-06-18 11:46:59.465804,333.35,779353.0,1086576.0
2025-06-18 11:47:00.313320,333.5,779353.0,1086576.0
2025-06-18 11:47:00.466199,333.35,779358.0,1086751.0
2025-06-18 11:47:01.320578,333.35,779358.0,1086751.0
2025-06-18 11:47:01.667115,333.5,779035.0,1086270.0
2025-06-18 11:47:02.317497,333.5,779035.0,1086270.0
2025-06-18 11:47:02.670168,333.5,779857.0,1086307.0
2025-06-18 11:47:03.355220,333.5,779857.0,1086307.0
2025-06-18 11:47:03.774332,333.45,775898.0,1092349.0
2025-06-18 11:47:04.321820,333.45,775898.0,1092349.0
2025-06-18 11:47:04.778261,333.45,776972.0,1092319.0
2025-06-18 11:47:05.322930,333.45,776972.0,1092319.0
2025-06-18 11:47:05.775409,333.4,774866.0,1086470.0
2025-06-18 11:47:06.318319,333.4,774866.0,1086470.0
2025-06-18 11:47:06.670343,333.4,774793.0,1086606.0
2025-06-18 11:47:07.318147,333.4,774793.0,1086606.0
2025-06-18 11:47:07.796027,333.4,774621.0,1088238.0
2025-06-18 11:47:08.316996,333.4,774621.0,1088238.0
2025-06-18 11:47:08.780789,333.4,774406.0,1087176.0
2025-06-18 11:47:09.320450,333.35,774406.0,1087176.0
2025-06-18 11:47:09.870735,333.4,774194.0,1087170.0
2025-06-18 11:47:10.322056,333.35,774194.0,1087170.0
2025-06-18 11:47:10.975368,333.4,764145.0,1091455.0
2025-06-18 11:47:11.330644,333.35,764145.0,1091455.0
2025-06-18 11:47:12.073897,333.4,758740.0,1088669.0
2025-06-18 11:47:12.318616,333.4,758740.0,1088669.0
2025-06-18 11:47:13.074786,333.35,773368.0,1087026.0
2025-06-18 11:47:13.320858,333.35,773368.0,1087026.0
2025-06-18 11:47:14.073952,333.5,773510.0,1079974.0
2025-06-18 11:47:14.319004,333.5,773510.0,1079974.0
2025-06-18 11:47:15.074208,333.45,775348.0,1083956.0
2025-06-18 11:47:15.319306,333.45,775348.0,1083956.0
2025-06-18 11:47:16.175027,333.45,778207.0,1082620.0
2025-06-18 11:47:16.326532,333.45,778207.0,1082620.0
2025-06-18 11:47:17.177703,333.45,781340.0,1079486.0
2025-06-18 11:47:17.319119,333.55,781340.0,1079486.0
2025-06-18 11:47:18.286242,333.55,781630.0,1080377.0
2025-06-18 11:47:18.318542,333.55,781630.0,1080377.0
2025-06-18 11:47:19.287880,333.55,781275.0,1079515.0
2025-06-18 11:47:19.318168,333.55,781275.0,1079515.0
2025-06-18 11:47:20.180239,333.55,781909.0,1080367.0
2025-06-18 11:47:20.328463,333.55,781909.0,1080367.0
2025-06-18 11:47:21.283364,333.55,783438.0,1079244.0
2025-06-18 11:47:21.320534,333.55,783438.0,1079244.0
2025-06-18 11:47:22.175939,333.55,782831.0,1079015.0
2025-06-18 11:47:22.322727,333.55,782831.0,1079015.0
2025-06-18 11:47:23.180672,333.5,779394.0,1078353.0
2025-06-18 11:47:23.321206,333.5,779394.0,1078353.0
2025-06-18 11:47:24.281121,333.5,780685.0,1077383.0
2025-06-18 11:47:24.315948,333.55,780685.0,1077383.0
2025-06-18 11:47:25.180308,333.45,780858.0,1077197.0
2025-06-18 11:47:25.324675,333.55,780858.0,1077197.0
2025-06-18 11:47:26.347213,333.55,781212.0,1076617.0
2025-06-18 11:47:26.347726,333.55,781212.0,1076617.0
2025-06-18 11:47:27.285190,333.55,782345.0,1076092.0
2025-06-18 11:47:27.321516,333.55,782345.0,1076092.0
2025-06-18 11:47:28.286971,333.5,780457.0,1072333.0
2025-06-18 11:47:28.332925,333.5,780457.0,1072333.0
2025-06-18 11:47:29.287785,333.55,781653.0,1070920.0
2025-06-18 11:47:29.322665,333.55,781653.0,1070920.0
2025-06-18 11:47:30.285378,333.6,778870.0,1070152.0
2025-06-18 11:47:30.321738,333.6,778870.0,1070152.0
2025-06-18 11:47:31.300843,333.6,777918.0,1071117.0
2025-06-18 11:47:31.334605,333.6,777918.0,1071117.0
2025-06-18 11:47:32.212412,333.6,780719.0,1070892.0
2025-06-18 11:47:32.322691,333.6,780719.0,1070892.0
2025-06-18 11:47:33.290984,333.6,781022.0,1069631.0
2025-06-18 11:47:33.322356,333.6,781022.0,1069631.0
2025-06-18 11:47:34.292660,333.6,779077.0,1071195.0
2025-06-18 11:47:34.321968,333.6,779077.0,1071195.0
2025-06-18 11:47:35.293663,333.6,781498.0,1071961.0
2025-06-18 11:47:35.323200,333.6,781498.0,1071961.0
2025-06-18 11:47:36.292300,333.55,781288.0,1072495.0
2025-06-18 11:47:36.336923,333.55,781288.0,1072495.0
2025-06-18 11:47:37.311687,333.6,781487.0,1072474.0
2025-06-18 11:47:37.324751,333.6,781487.0,1072474.0
2025-06-18 11:47:38.186383,333.6,781610.0,1070649.0
2025-06-18 11:47:38.319116,333.6,781610.0,1070649.0
2025-06-18 11:47:39.185933,333.65,781720.0,1070637.0
2025-06-18 11:47:39.328284,333.65,781720.0,1070637.0
2025-06-18 11:47:40.185257,333.65,781948.0,1068975.0
2025-06-18 11:47:40.319738,333.65,781948.0,1068975.0
2025-06-18 11:47:41.185311,333.65,781765.0,1068697.0
2025-06-18 11:47:41.322262,333.65,781765.0,1068697.0
2025-06-18 11:47:42.186064,333.65,781964.0,1067238.0
2025-06-18 11:47:42.384552,333.65,781964.0,1067238.0
2025-06-18 11:47:43.088733,333.55,782028.0,1068420.0
2025-06-18 11:47:43.341159,333.65,782028.0,1068420.0
2025-06-18 11:47:44.188443,333.65,782194.0,1068647.0
2025-06-18 11:47:44.319073,333.55,782194.0,1068647.0
2025-06-18 11:47:45.191290,333.65,781874.0,1067542.0
2025-06-18 11:47:45.366876,333.65,781874.0,1067542.0
2025-06-18 11:47:46.298424,333.55,782015.0,1068868.0
2025-06-18 11:47:46.319330,333.55,782015.0,1068868.0
2025-06-18 11:47:47.302895,333.6,782166.0,1069744.0
2025-06-18 11:47:47.326769,333.6,782166.0,1069744.0
2025-06-18 11:47:48.194310,333.6,782251.0,1069589.0
2025-06-18 11:47:48.325282,333.6,782251.0,1069589.0
2025-06-18 11:47:49.199070,333.65,781251.0,1066800.0
2025-06-18 11:47:49.324973,333.65,781251.0,1066800.0
2025-06-18 11:47:50.301963,333.65,781503.0,1068719.0
2025-06-18 11:47:50.321302,333.65,781503.0,1068719.0
2025-06-18 11:47:51.301801,333.65,781314.0,1069202.0
2025-06-18 11:47:51.319409,333.6,781314.0,1069202.0
2025-06-18 11:47:53.081338,333.65,781237.0,1069089.0
2025-06-18 11:47:53.083279,333.65,781237.0,1069089.0
2025-06-18 11:47:53.369541,333.6,780383.0,1066391.0
2025-06-18 11:47:53.372386,333.6,780383.0,1066391.0
2025-06-18 11:47:54.191704,333.65,778926.0,1067787.0
2025-06-18 11:47:54.327769,333.65,778926.0,1067787.0
2025-06-18 11:47:55.195595,333.6,778748.0,1067690.0
2025-06-18 11:47:55.328826,333.6,778748.0,1067690.0
2025-06-18 11:47:56.191118,333.55,780136.0,1067750.0
2025-06-18 11:47:56.330120,333.55,780136.0,1067750.0
2025-06-18 11:47:57.205749,333.6,780341.0,1068600.0
2025-06-18 11:47:57.338007,333.6,780341.0,1068600.0
2025-06-18 11:47:58.196594,333.55,778747.0,1069203.0
2025-06-18 11:47:58.345179,333.55,778747.0,1069203.0
2025-06-18 11:47:59.194994,333.55,779983.0,1069273.0
2025-06-18 11:47:59.326137,333.55,779983.0,1069273.0
2025-06-18 11:48:00.297970,333.55,780121.0,1070238.0
2025-06-18 11:48:00.319123,333.6,780121.0,1070238.0
2025-06-18 11:48:01.319040,333.6,780121.0,1070238.0
2025-06-18 11:48:01.807634,333.55,779868.0,1069584.0
2025-06-18 11:48:02.319156,333.6,779868.0,1069584.0
2025-06-18 11:48:02.695207,333.55,780254.0,1070137.0
2025-06-18 11:48:03.318093,333.55,780254.0,1070137.0
2025-06-18 11:48:03.596673,333.55,780859.0,1067936.0
2025-06-18 11:48:04.320549,333.6,780859.0,1067936.0
2025-06-18 11:48:04.595845,333.55,781199.0,1069376.0
2025-06-18 11:48:05.319457,333.6,781199.0,1069376.0
2025-06-18 11:48:05.495862,333.6,781962.0,1068561.0
2025-06-18 11:48:06.324007,333.55,781962.0,1068561.0
2025-06-18 11:48:06.496407,333.6,782305.0,1068047.0
2025-06-18 11:48:07.322200,333.55,782305.0,1068047.0
2025-06-18 11:48:07.498012,333.6,782271.0,1069495.0
2025-06-18 11:48:08.320812,333.6,782271.0,1069495.0
2025-06-18 11:48:08.503809,333.6,782155.0,1070066.0
2025-06-18 11:48:09.350935,333.6,782155.0,1070066.0
2025-06-18 11:48:09.498345,333.6,782447.0,1069149.0
2025-06-18 11:48:10.328550,333.55,782447.0,1069149.0
2025-06-18 11:48:10.599064,333.55,782199.0,1069445.0
2025-06-18 11:48:11.318892,333.55,782199.0,1069445.0
2025-06-18 11:48:11.698472,333.55,782690.0,1067645.0
2025-06-18 11:48:12.320398,333.55,782690.0,1067645.0
2025-06-18 11:48:12.808279,333.55,774624.0,1076081.0
2025-06-18 11:48:13.320951,333.55,774624.0,1076081.0
2025-06-18 11:48:13.809798,333.55,777265.0,1074948.0
2025-06-18 11:48:14.320075,333.55,777265.0,1074948.0
2025-06-18 11:48:14.906181,333.55,775761.0,1075172.0
2025-06-18 11:48:15.318802,333.6,775761.0,1075172.0
2025-06-18 11:48:15.903515,333.55,779234.0,1072915.0
2025-06-18 11:48:16.317127,333.55,779234.0,1072915.0
2025-06-18 11:48:16.904607,333.6,779306.0,1072010.0
2025-06-18 11:48:17.320170,333.6,779306.0,1072010.0
2025-06-18 11:48:17.904877,333.6,779264.0,1072216.0
2025-06-18 11:48:18.323360,333.6,779264.0,1072216.0
2025-06-18 11:48:18.906331,333.6,776614.0,1070959.0
2025-06-18 11:48:19.319465,333.6,776614.0,1070959.0
2025-06-18 11:48:20.319969,333.6,776614.0,1070959.0
2025-06-18 11:48:20.403086,333.55,778906.0,1071975.0
2025-06-18 11:48:21.319516,333.6,778906.0,1071975.0
2025-06-18 11:48:21.502971,333.6,779903.0,1072216.0
2025-06-18 11:48:22.326223,333.55,779903.0,1072216.0
2025-06-18 11:48:22.503336,333.55,777865.0,1073816.0
2025-06-18 11:48:23.351736,333.5,777865.0,1073816.0
2025-06-18 11:48:23.503317,333.5,778136.0,1079323.0
2025-06-18 11:48:24.324160,333.5,778136.0,1079323.0
2025-06-18 11:48:24.502801,333.5,776583.0,1075988.0
2025-06-18 11:48:25.323129,333.55,776583.0,1075988.0
2025-06-18 11:48:25.505264,333.55,776888.0,1076208.0
2025-06-18 11:48:26.319502,333.5,776888.0,1076208.0
2025-06-18 11:48:26.506849,333.55,776788.0,1074815.0
2025-06-18 11:48:27.381814,333.55,776788.0,1074815.0
2025-06-18 11:48:27.507291,333.55,777554.0,1074596.0
2025-06-18 11:48:28.323644,333.55,777554.0,1074596.0
2025-06-18 11:48:28.408168,333.55,775134.0,1074623.0
2025-06-18 11:48:29.323334,333.55,775134.0,1074623.0
2025-06-18 11:48:29.407246,333.55,774958.0,1074595.0
2025-06-18 11:48:30.321884,333.55,774958.0,1074595.0
2025-06-18 11:48:30.508538,333.55,774977.0,1074376.0
2025-06-18 11:48:31.319319,333.55,774977.0,1074376.0
2025-06-18 11:48:31.608816,333.55,775219.0,1074618.0
2025-06-18 11:48:32.320967,333.55,775219.0,1074618.0
2025-06-18 11:48:32.710909,333.55,773619.0,1074527.0
2025-06-18 11:48:33.326103,333.5,773619.0,1074527.0
2025-06-18 11:48:33.712241,333.55,775284.0,1074492.0
2025-06-18 11:48:34.324660,333.5,775284.0,1074492.0
2025-06-18 11:48:34.612817,333.5,775479.0,1074487.0
2025-06-18 11:48:35.319228,333.5,775479.0,1074487.0
2025-06-18 11:48:35.712351,333.5,775432.0,1075611.0
2025-06-18 11:48:36.323262,333.45,775432.0,1075611.0
2025-06-18 11:48:36.712429,333.45,775724.0,1075507.0
2025-06-18 11:48:37.320622,333.5,775724.0,1075507.0
2025-06-18 11:48:37.755313,333.45,776658.0,1075334.0
2025-06-18 11:48:38.321489,333.45,776658.0,1075334.0
2025-06-18 11:48:38.714154,333.45,779009.0,1075369.0
2025-06-18 11:48:39.327565,333.5,779009.0,1075369.0
2025-06-18 11:48:39.714922,333.5,779225.0,1074873.0
2025-06-18 11:48:40.323722,333.5,779225.0,1074873.0
2025-06-18 11:48:40.864272,333.5,776740.0,1075293.0
2025-06-18 11:48:41.342212,333.5,776740.0,1075293.0
2025-06-18 11:48:41.916476,333.5,777894.0,1075246.0
2025-06-18 11:48:42.328682,333.5,777894.0,1075246.0
2025-06-18 11:48:42.918197,333.5,777868.0,1073878.0
2025-06-18 11:48:43.323250,333.45,777868.0,1073878.0
2025-06-18 11:48:43.918215,333.45,776222.0,1074614.0
2025-06-18 11:48:44.327114,333.55,776222.0,1074614.0
2025-06-18 11:48:44.918812,333.55,777537.0,1074454.0
2025-06-18 11:48:45.335527,333.55,777537.0,1074454.0
2025-06-18 11:48:45.920102,333.5,777349.0,1076292.0
2025-06-18 11:48:46.323266,333.5,777349.0,1076292.0
2025-06-18 11:48:46.918986,333.5,778777.0,1076809.0
2025-06-18 11:48:47.324342,333.5,778777.0,1076809.0
2025-06-18 11:48:47.922122,333.45,778879.0,1075755.0
2025-06-18 11:48:48.324027,333.45,778879.0,1075755.0
2025-06-18 11:48:48.922844,333.45,778627.0,1075756.0
2025-06-18 11:48:49.327655,333.45,778627.0,1075756.0
2025-06-18 11:48:49.923102,333.5,778497.0,1075809.0
2025-06-18 11:48:50.324665,333.45,778497.0,1075809.0
2025-06-18 11:48:50.925128,333.5,778710.0,1076087.0
2025-06-18 11:48:51.326162,333.5,778710.0,1076087.0
2025-06-18 11:48:51.923624,333.45,777240.0,1076328.0
2025-06-18 11:48:52.321001,333.45,777240.0,1076328.0
2025-06-18 11:48:52.924141,333.5,778696.0,1076062.0
2025-06-18 11:48:53.234284,333.5,778696.0,1076062.0
2025-06-18 11:48:53.330174,333.45,778696.0,1076062.0
2025-06-18 11:48:54.024660,333.5,777411.0,1075899.0
2025-06-18 11:48:54.310842,333.5,777411.0,1075899.0
2025-06-18 11:48:54.356260,333.45,777411.0,1075899.0
2025-06-18 11:48:55.026208,333.45,777353.0,1074880.0
2025-06-18 11:48:55.233219,333.45,777353.0,1074880.0
2025-06-18 11:48:55.321152,333.5,777353.0,1074880.0
2025-06-18 11:48:56.125559,333.45,777503.0,1075925.0
2025-06-18 11:48:56.203411,333.45,777503.0,1075925.0
2025-06-18 11:48:56.332409,333.5,777503.0,1075925.0
2025-06-18 11:48:57.115178,333.5,777503.0,1075925.0
2025-06-18 11:48:57.157324,333.5,777375.0,1075965.0
2025-06-18 11:48:57.321351,333.5,777375.0,1075965.0
2025-06-18 11:48:57.942187,333.5,777375.0,1075965.0
2025-06-18 11:48:58.242489,333.5,775998.0,1076131.0
2025-06-18 11:48:58.325899,333.5,775998.0,1076131.0
2025-06-18 11:48:59.028810,333.5,775998.0,1076131.0
2025-06-18 11:48:59.323450,333.5,775998.0,1076131.0
2025-06-18 11:48:59.331296,333.5,776215.0,1075923.0
2025-06-18 11:48:59.600669,333.5,776215.0,1075923.0
2025-06-18 11:49:00.323607,333.5,776215.0,1075923.0
2025-06-18 11:49:00.333854,333.5,776358.0,1076066.0
2025-06-18 11:49:00.521811,333.5,776358.0,1076066.0
2025-06-18 11:49:01.331335,333.5,776358.0,1076066.0
2025-06-18 11:49:01.874397,333.5,776358.0,1076066.0
2025-06-18 11:49:01.929763,333.5,775897.0,1075339.0
2025-06-18 11:49:02.323641,333.5,775897.0,1075339.0
2025-06-18 11:49:02.929523,333.45,777504.0,1075951.0
2025-06-18 11:49:03.029879,333.45,777504.0,1075951.0
2025-06-18 11:49:03.325138,333.5,777504.0,1075951.0
2025-06-18 11:49:03.896907,333.5,777504.0,1075951.0
2025-06-18 11:49:03.933373,333.45,777613.0,1075941.0
2025-06-18 11:49:04.331305,333.5,777613.0,1075941.0
2025-06-18 11:49:05.142043,333.45,783647.0,1075938.0
2025-06-18 11:49:05.297210,333.45,783647.0,1075938.0
2025-06-18 11:49:05.346504,333.45,783647.0,1075938.0
2025-06-18 11:49:05.931710,333.5,783205.0,1076038.0
2025-06-18 11:49:06.327129,333.45,783205.0,1076038.0
2025-06-18 11:49:06.443269,333.45,783205.0,1076038.0
2025-06-18 11:49:06.834485,333.45,783689.0,1075759.0
2025-06-18 11:49:07.331868,333.5,783689.0,1075759.0
2025-06-18 11:49:07.569811,333.5,783689.0,1075759.0
2025-06-18 11:49:07.934000,333.5,783650.0,1075793.0
2025-06-18 11:49:08.326452,333.5,783650.0,1075793.0
2025-06-18 11:49:08.934457,333.5,783719.0,1075786.0
2025-06-18 11:49:09.060621,333.5,783719.0,1075786.0
2025-06-18 11:49:09.332850,333.45,783719.0,1075786.0
2025-06-18 11:49:09.938311,333.5,783472.0,1075780.0
2025-06-18 11:49:10.324625,333.45,783472.0,1075780.0
2025-06-18 11:49:10.938634,333.45,783132.0,1074865.0
2025-06-18 11:49:11.329227,333.5,783132.0,1074865.0
2025-06-18 11:49:11.939957,333.45,783250.0,1074810.0
2025-06-18 11:49:12.388646,333.45,783250.0,1074810.0
2025-06-18 11:49:12.840010,333.45,783293.0,1074687.0
2025-06-18 11:49:13.328776,333.5,783293.0,1074687.0
2025-06-18 11:49:13.937296,333.5,782334.0,1074245.0
2025-06-18 11:49:14.329915,333.55,782334.0,1074245.0
2025-06-18 11:49:14.938356,333.5,781052.0,1073197.0
2025-06-18 11:49:15.327442,333.5,781052.0,1073197.0
2025-06-18 11:49:15.953142,333.45,773412.0,1081132.0
2025-06-18 11:49:16.362267,333.45,773412.0,1081132.0
2025-06-18 11:49:16.937433,333.45,778984.0,1079043.0
2025-06-18 11:49:17.332895,333.45,778984.0,1079043.0
2025-06-18 11:49:18.047978,333.45,779053.0,1078381.0
2025-06-18 11:49:18.329033,333.45,779053.0,1078381.0
2025-06-18 11:49:18.940809,333.45,778807.0,1078425.0
2025-06-18 11:49:19.331155,333.45,778807.0,1078425.0
2025-06-18 11:49:20.127353,333.45,777421.0,1078000.0
2025-06-18 11:49:20.327863,333.45,777421.0,1078000.0
2025-06-18 11:49:20.846457,333.5,779211.0,1077330.0
2025-06-18 11:49:21.329949,333.5,779211.0,1077330.0
2025-06-18 11:49:21.843952,333.5,778889.0,1077533.0
2025-06-18 11:49:22.332640,333.5,778889.0,1077533.0
2025-06-18 11:49:22.746305,333.5,778800.0,1077627.0
2025-06-18 11:49:23.326831,333.5,778800.0,1077627.0
2025-06-18 11:49:23.844895,333.5,780077.0,1077135.0
2025-06-18 11:49:24.328062,333.5,780077.0,1077135.0
2025-06-18 11:49:24.746468,333.5,780136.0,1077557.0
2025-06-18 11:49:25.330880,333.45,780136.0,1077557.0
2025-06-18 11:49:25.845491,333.45,781163.0,1076903.0
2025-06-18 11:49:26.326096,333.45,781163.0,1076903.0
2025-06-18 11:49:26.946235,333.45,780632.0,1079426.0
2025-06-18 11:49:27.330012,333.45,780632.0,1079426.0
2025-06-18 11:49:28.100460,333.45,780144.0,1079721.0
2025-06-18 11:49:28.330913,333.45,780144.0,1079721.0
2025-06-18 11:49:29.049405,333.45,781572.0,1078176.0
2025-06-18 11:49:29.330385,333.45,781572.0,1078176.0
2025-06-18 11:49:30.057294,333.4,781795.0,1078173.0
2025-06-18 11:49:30.333624,333.4,781795.0,1078173.0
2025-06-18 11:49:31.050231,333.45,781297.0,1078483.0
2025-06-18 11:49:31.334739,333.45,781297.0,1078483.0
2025-06-18 11:49:32.049125,333.45,781302.0,1078118.0
2025-06-18 11:49:32.333742,333.45,781302.0,1078118.0
2025-06-18 11:49:33.049606,333.45,781594.0,1079074.0
2025-06-18 11:49:33.331853,333.45,781594.0,1079074.0
2025-06-18 11:49:33.950619,333.45,778474.0,1080512.0
2025-06-18 11:49:34.333540,333.4,778474.0,1080512.0
2025-06-18 11:49:34.955334,333.45,778201.0,1080495.0
2025-06-18 11:49:35.330129,333.45,778201.0,1080495.0
2025-06-18 11:49:36.054191,333.45,782053.0,1079655.0
2025-06-18 11:49:36.332959,333.45,782053.0,1079655.0
2025-06-18 11:49:37.055307,333.45,780905.0,1079581.0
2025-06-18 11:49:37.333251,333.45,780905.0,1079581.0
2025-06-18 11:49:38.055948,333.4,780860.0,1079718.0
2025-06-18 11:49:38.329520,333.45,780860.0,1079718.0
2025-06-18 11:49:39.058070,333.4,780782.0,1079843.0
2025-06-18 11:49:39.333815,333.4,780782.0,1079843.0
2025-06-18 11:49:40.056893,333.4,779697.0,1079690.0
2025-06-18 11:49:40.327892,333.4,779697.0,1079690.0
2025-06-18 11:49:41.058415,333.4,779063.0,1079570.0
2025-06-18 11:49:41.333778,333.45,779063.0,1079570.0
2025-06-18 11:49:42.058961,333.4,779009.0,1078909.0
2025-06-18 11:49:42.340064,333.4,779009.0,1078909.0
2025-06-18 11:49:43.059716,333.45,776438.0,1079174.0
2025-06-18 11:49:43.335157,333.4,776438.0,1079174.0
2025-06-18 11:49:44.062743,333.45,777045.0,1077996.0
2025-06-18 11:49:44.328463,333.45,777045.0,1077996.0
2025-06-18 11:49:45.063629,333.4,776942.0,1078243.0
2025-06-18 11:49:45.330795,333.4,776942.0,1078243.0
2025-06-18 11:49:46.063676,333.45,776683.0,1078749.0
2025-06-18 11:49:46.331486,333.4,776683.0,1078749.0
2025-06-18 11:49:47.064243,333.4,776968.0,1078812.0
2025-06-18 11:49:47.331337,333.45,776968.0,1078812.0
2025-06-18 11:49:48.064239,333.4,775890.0,1078726.0
2025-06-18 11:49:48.330140,333.4,775890.0,1078726.0
2025-06-18 11:49:48.964162,333.4,776135.0,1078411.0
2025-06-18 11:49:49.333385,333.45,776135.0,1078411.0
2025-06-18 11:49:49.870717,333.4,777314.0,1078440.0
2025-06-18 11:49:50.340584,333.45,777314.0,1078440.0
2025-06-18 11:49:50.872368,333.45,777691.0,1078414.0
2025-06-18 11:49:51.334945,333.45,777691.0,1078414.0
2025-06-18 11:49:51.869987,333.45,777579.0,1078356.0
2025-06-18 11:49:52.332625,333.45,777579.0,1078356.0
2025-06-18 11:49:52.868612,333.4,777011.0,1078369.0
2025-06-18 11:49:53.336981,333.4,777011.0,1078369.0
2025-06-18 11:49:53.768539,333.4,777240.0,1078339.0
2025-06-18 11:49:54.328093,333.4,777240.0,1078339.0
2025-06-18 11:49:54.870871,333.4,777663.0,1078313.0
2025-06-18 11:49:55.329723,333.45,777663.0,1078313.0
2025-06-18 11:49:55.870569,333.45,777092.0,1075998.0
2025-06-18 11:49:56.328138,333.4,777092.0,1075998.0
2025-06-18 11:49:56.871616,333.45,776944.0,1077241.0
2025-06-18 11:49:57.333312,333.45,776944.0,1077241.0
2025-06-18 11:49:57.871390,333.4,777531.0,1077052.0
2025-06-18 11:49:58.330639,333.45,777531.0,1077052.0
2025-06-18 11:49:58.773118,333.4,777439.0,1077070.0
2025-06-18 11:49:59.333125,333.45,777439.0,1077070.0
2025-06-18 11:49:59.771118,333.4,775934.0,1077487.0
2025-06-18 11:50:00.333661,333.45,775934.0,1077487.0
2025-06-18 11:50:00.770984,333.4,777300.0,1077581.0
2025-06-18 11:50:01.333246,333.4,777300.0,1077581.0
2025-06-18 11:50:01.969475,333.4,773745.0,1083539.0
2025-06-18 11:50:02.328654,333.4,773745.0,1083539.0
2025-06-18 11:50:02.970695,333.4,775537.0,1082785.0
2025-06-18 11:50:03.329181,333.35,775537.0,1082785.0
2025-06-18 11:50:03.972804,333.4,776915.0,1080529.0
2025-06-18 11:50:04.330143,333.4,776915.0,1080529.0
2025-06-18 11:50:05.075107,333.35,776788.0,1080458.0
2025-06-18 11:50:05.337370,333.35,776788.0,1080458.0
2025-06-18 11:50:06.177987,333.35,779624.0,1080610.0
2025-06-18 11:50:06.392717,333.35,779624.0,1080610.0
2025-06-18 11:50:07.180761,333.4,779634.0,1080521.0
2025-06-18 11:50:07.341524,333.4,779634.0,1080521.0
2025-06-18 11:50:08.072224,333.4,779657.0,1081356.0
2025-06-18 11:50:08.331132,333.4,779657.0,1081356.0
2025-06-18 11:50:09.072587,333.4,779655.0,1081426.0
2025-06-18 11:50:09.328240,333.4,779655.0,1081426.0
2025-06-18 11:50:10.452714,333.4,779581.0,1081404.0
2025-06-18 11:50:10.492619,333.4,779581.0,1081404.0
2025-06-18 11:50:11.075344,333.4,780444.0,1081187.0
2025-06-18 11:50:11.328567,333.4,780444.0,1081187.0
2025-06-18 11:50:12.184699,333.4,780526.0,1081182.0
2025-06-18 11:50:12.328375,333.4,780526.0,1081182.0
2025-06-18 11:50:13.275604,333.4,780445.0,1081152.0
2025-06-18 11:50:13.326849,333.4,780445.0,1081152.0
2025-06-18 11:50:14.327633,333.35,780445.0,1081152.0
2025-06-18 11:50:14.373543,333.35,780519.0,1081108.0
2025-06-18 11:50:15.326463,333.35,780519.0,1081108.0
2025-06-18 11:50:15.472722,333.35,776140.0,1080475.0
2025-06-18 11:50:17.760829,333.4,776140.0,1080475.0
2025-06-18 11:50:17.812358,333.35,772558.0,1085518.0
2025-06-18 11:50:17.818029,333.35,772558.0,1085518.0
2025-06-18 11:50:17.820379,333.3,773339.0,1080169.0
2025-06-18 11:50:18.337335,333.4,773339.0,1080169.0
2025-06-18 11:50:18.674907,333.4,775549.0,1076159.0
2025-06-18 11:50:19.337953,333.45,775549.0,1076159.0
2025-06-18 11:50:19.781786,333.45,774608.0,1076521.0
2025-06-18 11:50:20.333557,333.45,774608.0,1076521.0
2025-06-18 11:50:20.882003,333.5,779590.0,1074703.0
2025-06-18 11:50:21.337988,333.45,779590.0,1074703.0
2025-06-18 11:50:21.877446,333.45,775145.0,1076766.0
2025-06-18 11:50:22.329604,333.5,775145.0,1076766.0
2025-06-18 11:50:22.787171,333.45,773173.0,1076321.0
2025-06-18 11:50:23.329272,333.5,773173.0,1076321.0
2025-06-18 11:50:23.795762,333.5,774175.0,1074366.0
2025-06-18 11:50:24.333217,333.5,774175.0,1074366.0
2025-06-18 11:50:24.782699,333.45,777759.0,1075089.0
2025-06-18 11:50:25.334055,333.5,777759.0,1075089.0
2025-06-18 11:50:25.787819,333.45,777666.0,1075370.0
2025-06-18 11:50:26.329763,333.4,777666.0,1075370.0
2025-06-18 11:50:26.878324,333.45,777357.0,1076223.0
2025-06-18 11:50:27.329939,333.5,777357.0,1076223.0
2025-06-18 11:50:27.783618,333.4,777124.0,1076117.0
2025-06-18 11:50:28.323947,333.4,777124.0,1076117.0
2025-06-18 11:50:28.881207,333.4,777212.0,1076018.0
2025-06-18 11:50:29.328971,333.5,777212.0,1076018.0
2025-06-18 11:50:29.882819,333.45,776086.0,1075670.0
2025-06-18 11:50:30.336756,333.5,776086.0,1075670.0
2025-06-18 11:50:30.884303,333.5,775333.0,1075756.0
2025-06-18 11:50:31.329845,333.5,775333.0,1075756.0
2025-06-18 11:50:31.985853,333.5,776965.0,1075307.0
2025-06-18 11:50:32.326768,333.5,776965.0,1075307.0
2025-06-18 11:50:32.987518,333.45,779761.0,1075528.0
2025-06-18 11:50:33.330935,333.45,779761.0,1075528.0
2025-06-18 11:50:33.985396,333.5,779790.0,1075171.0
2025-06-18 11:50:34.330417,333.45,779790.0,1075171.0
2025-06-18 11:50:34.988228,333.45,777078.0,1074964.0
2025-06-18 11:50:35.344992,333.5,777078.0,1074964.0
2025-06-18 11:50:35.988292,333.45,776612.0,1071683.0
2025-06-18 11:50:36.332461,333.4,776612.0,1071683.0
2025-06-18 11:50:36.988952,333.4,778042.0,1071672.0
2025-06-18 11:50:37.330521,333.4,778042.0,1071672.0
2025-06-18 11:50:37.990411,333.4,778051.0,1073245.0
2025-06-18 11:50:38.334293,333.4,778051.0,1073245.0
2025-06-18 11:50:39.086847,333.4,777422.0,1074500.0
2025-06-18 11:50:39.326745,333.4,777422.0,1074500.0
2025-06-18 11:50:40.188096,333.4,778973.0,1074936.0
2025-06-18 11:50:40.340829,333.35,778973.0,1074936.0
2025-06-18 11:50:41.188031,333.35,779657.0,1074682.0
2025-06-18 11:50:41.330406,333.35,779657.0,1074682.0
2025-06-18 11:50:42.328179,333.35,779176.0,1074859.0
2025-06-18 11:50:42.329706,333.35,779176.0,1074859.0
2025-06-18 11:50:43.190393,333.4,780222.0,1074383.0
2025-06-18 11:50:43.336212,333.45,780222.0,1074383.0
2025-06-18 11:50:44.189543,333.45,779019.0,1073990.0
2025-06-18 11:50:44.326031,333.5,779019.0,1073990.0
2025-06-18 11:50:45.190031,333.45,778817.0,1074245.0
2025-06-18 11:50:45.325779,333.45,778817.0,1074245.0
2025-06-18 11:50:46.218320,333.35,782213.0,1073874.0
2025-06-18 11:50:46.327487,333.35,782213.0,1073874.0
2025-06-18 11:50:47.772358,333.45,776106.0,1073376.0
2025-06-18 11:50:47.779087,333.5,776106.0,1073376.0
2025-06-18 11:50:48.191952,333.5,778163.0,1073272.0
2025-06-18 11:50:48.327335,333.5,778163.0,1073272.0
2025-06-18 11:50:49.193840,333.5,779034.0,1073595.0
2025-06-18 11:50:49.336081,333.5,779034.0,1073595.0
2025-06-18 11:50:50.193457,333.5,779374.0,1070538.0
2025-06-18 11:50:50.333865,333.5,779374.0,1070538.0
2025-06-18 11:50:51.194021,333.55,779673.0,1070421.0
2025-06-18 11:50:51.353909,333.55,779673.0,1070421.0
2025-06-18 11:50:52.198284,333.5,779757.0,1070949.0
2025-06-18 11:50:52.328373,333.55,779757.0,1070949.0
2025-06-18 11:50:53.193396,333.5,782276.0,1069436.0
2025-06-18 11:50:53.325309,333.55,782276.0,1069436.0
2025-06-18 11:50:54.192084,333.6,783988.0,1069662.0
2025-06-18 11:50:54.328181,333.6,783988.0,1069662.0
2025-06-18 11:50:55.193177,333.6,783919.0,1070388.0
2025-06-18 11:50:55.324883,333.6,783919.0,1070388.0
2025-06-18 11:50:56.194257,333.5,782442.0,1069392.0
2025-06-18 11:50:56.332022,333.5,782442.0,1069392.0
2025-06-18 11:50:57.197646,333.55,779900.0,1069553.0
2025-06-18 11:50:57.329368,333.55,779900.0,1069553.0
2025-06-18 11:50:58.198518,333.55,779667.0,1071041.0
2025-06-18 11:50:58.328431,333.55,779667.0,1071041.0
2025-06-18 11:50:59.328706,333.5,779547.0,1072073.0
2025-06-18 11:50:59.346299,333.5,779547.0,1072073.0
2025-06-18 11:51:00.330075,333.5,779547.0,1072073.0
2025-06-18 11:51:00.397932,333.5,780157.0,1070520.0
2025-06-18 11:51:01.329955,333.55,780157.0,1070520.0
2025-06-18 11:51:01.698132,333.5,781434.0,1071698.0
2025-06-18 11:51:02.324629,333.55,781434.0,1071698.0
2025-06-18 11:51:02.811664,333.55,781796.0,1071683.0
2025-06-18 11:51:03.346077,333.55,781796.0,1071683.0
2025-06-18 11:51:03.901563,333.55,781776.0,1071891.0
2025-06-18 11:51:04.327045,333.55,781776.0,1071891.0
2025-06-18 11:51:04.905239,333.55,782934.0,1071561.0
2025-06-18 11:51:05.329275,333.5,782934.0,1071561.0
2025-06-18 11:51:05.907292,333.5,783010.0,1071809.0
2025-06-18 11:51:06.335649,333.45,783010.0,1071809.0
2025-06-18 11:51:07.002105,333.5,784473.0,1072810.0
2025-06-18 11:51:07.344484,333.5,784473.0,1072810.0
2025-06-18 11:51:08.101749,333.5,783350.0,1074733.0
2025-06-18 11:51:08.335349,333.5,783350.0,1074733.0
2025-06-18 11:51:09.333364,333.35,783350.0,1074733.0
2025-06-18 11:51:09.602890,333.35,783131.0,1074490.0
2025-06-18 11:51:10.333406,333.5,783131.0,1074490.0
2025-06-18 11:51:10.602721,333.5,784004.0,1074011.0
2025-06-18 11:51:11.332659,333.5,784004.0,1074011.0
2025-06-18 11:51:11.603246,333.5,784366.0,1074894.0
2025-06-18 11:51:12.357024,333.5,784366.0,1074894.0
2025-06-18 11:51:12.602617,333.5,783504.0,1074383.0
2025-06-18 11:51:13.333052,333.35,783504.0,1074383.0
2025-06-18 11:51:13.604746,333.45,781995.0,1075189.0
2025-06-18 11:51:14.334404,333.45,781995.0,1075189.0
2025-06-18 11:51:14.604700,333.45,782528.0,1075535.0
2025-06-18 11:51:15.337367,333.45,782528.0,1075535.0
2025-06-18 11:51:15.604461,333.45,782143.0,1075911.0
2025-06-18 11:51:16.329488,333.35,782143.0,1075911.0
2025-06-18 11:51:16.607469,333.35,781551.0,1076841.0
2025-06-18 11:51:17.337591,333.4,781551.0,1076841.0
2025-06-18 11:51:17.605167,333.4,783631.0,1076097.0
2025-06-18 11:51:18.339372,333.45,783631.0,1076097.0
2025-06-18 11:51:18.605932,333.45,784179.0,1076948.0
2025-06-18 11:51:19.335827,333.45,784179.0,1076948.0
2025-06-18 11:51:19.612498,333.45,779608.0,1076523.0
2025-06-18 11:51:20.339693,333.5,779608.0,1076523.0
2025-06-18 11:51:20.709127,333.5,779457.0,1077117.0
2025-06-18 11:51:21.361352,333.5,779457.0,1077117.0
2025-06-18 11:51:21.709809,333.5,781049.0,1076115.0
2025-06-18 11:51:22.336849,333.5,781049.0,1076115.0
2025-06-18 11:51:22.715224,333.5,783335.0,1073577.0
2025-06-18 11:51:23.332335,333.5,783335.0,1073577.0
2025-06-18 11:51:23.820309,333.5,786085.0,1071622.0
2025-06-18 11:51:24.365164,333.5,786085.0,1071622.0
2025-06-18 11:51:24.911569,333.55,782661.0,1073758.0
2025-06-18 11:51:25.328746,333.5,782661.0,1073758.0
2025-06-18 11:51:25.911365,333.5,784696.0,1074467.0
2025-06-18 11:51:26.339157,333.5,784696.0,1074467.0
2025-06-18 11:51:27.339379,333.5,784696.0,1074467.0
2025-06-18 11:51:27.413697,333.5,785520.0,1074444.0
2025-06-18 11:51:28.412526,333.5,785520.0,1074444.0
2025-06-18 11:51:28.512097,333.5,785643.0,1073074.0
2025-06-18 11:51:29.333537,333.55,785643.0,1073074.0
2025-06-18 11:51:29.613472,333.55,786159.0,1073786.0
2025-06-18 11:51:30.485366,333.55,786159.0,1073786.0
2025-06-18 11:51:30.713567,333.55,786829.0,1071831.0
2025-06-18 11:51:31.338371,333.55,786829.0,1071831.0
2025-06-18 11:51:31.713587,333.55,783436.0,1072031.0
2025-06-18 11:51:32.367160,333.55,783436.0,1072031.0
2025-06-18 11:51:32.822081,333.5,784265.0,1072697.0
2025-06-18 11:51:33.331985,333.55,784265.0,1072697.0
2025-06-18 11:51:33.917256,333.55,783984.0,1072433.0
2025-06-18 11:51:34.338838,333.5,783984.0,1072433.0
2025-06-18 11:51:35.022068,333.55,784695.0,1072440.0
2025-06-18 11:51:35.363094,333.5,784695.0,1072440.0
2025-06-18 11:51:36.016446,333.5,785555.0,1074485.0
2025-06-18 11:51:36.334739,333.4,785555.0,1074485.0
2025-06-18 11:51:37.016316,333.5,786989.0,1074387.0
2025-06-18 11:51:37.330419,333.5,786989.0,1074387.0
2025-06-18 11:51:38.016870,333.5,787006.0,1074339.0
2025-06-18 11:51:38.354764,333.5,787006.0,1074339.0
2025-06-18 11:51:39.018790,333.4,788995.0,1073791.0
2025-06-18 11:51:39.361218,333.5,788995.0,1073791.0
2025-06-18 11:51:40.018958,333.5,788917.0,1074633.0
2025-06-18 11:51:40.334047,333.5,788917.0,1074633.0
2025-06-18 11:51:41.020746,333.5,788868.0,1074531.0
2025-06-18 11:51:41.333681,333.5,788868.0,1074531.0
2025-06-18 11:51:42.020134,333.5,786570.0,1072176.0
2025-06-18 11:51:42.335179,333.5,786570.0,1072176.0
2025-06-18 11:51:43.019693,333.55,784443.0,1072310.0
2025-06-18 11:51:43.330326,333.55,784443.0,1072310.0
2025-06-18 11:51:44.033221,333.5,785445.0,1072182.0
2025-06-18 11:51:44.335395,333.5,785445.0,1072182.0
2025-06-18 11:51:45.021933,333.55,785712.0,1072173.0
2025-06-18 11:51:45.342183,333.55,785712.0,1072173.0
2025-06-18 11:51:46.122942,333.5,786699.0,1073950.0
2025-06-18 11:51:46.335517,333.5,786699.0,1073950.0
2025-06-18 11:51:47.124476,333.55,786036.0,1071826.0
2025-06-18 11:51:47.331738,333.55,786036.0,1071826.0
2025-06-18 11:51:48.124960,333.55,786054.0,1071671.0
2025-06-18 11:51:48.336433,333.55,786054.0,1071671.0
2025-06-18 11:51:49.125839,333.55,785382.0,1071287.0
2025-06-18 11:51:49.336256,333.55,785382.0,1071287.0
2025-06-18 11:51:50.128605,333.55,784294.0,1072415.0
2025-06-18 11:51:50.335868,333.55,784294.0,1072415.0
2025-06-18 11:51:51.128928,333.5,783213.0,1072425.0
2025-06-18 11:51:51.337388,333.5,783213.0,1072425.0
2025-06-18 11:51:52.130427,333.55,783491.0,1072616.0
2025-06-18 11:51:52.338356,333.5,783491.0,1072616.0
2025-06-18 11:51:53.130253,333.5,784820.0,1074932.0
2025-06-18 11:51:53.673631,333.5,784820.0,1074932.0
2025-06-18 11:51:54.130771,333.5,784904.0,1074885.0
2025-06-18 11:51:54.342009,333.4,784904.0,1074885.0
2025-06-18 11:51:54.754575,333.4,784904.0,1074885.0
2025-06-18 11:51:55.133967,333.5,784948.0,1075964.0
2025-06-18 11:51:55.417294,333.5,784948.0,1075964.0
2025-06-18 11:51:55.683366,333.5,784948.0,1075964.0
2025-06-18 11:51:56.134512,333.4,786364.0,1076499.0
2025-06-18 11:51:56.337557,333.45,786364.0,1076499.0
2025-06-18 11:51:56.655937,333.45,786364.0,1076499.0
2025-06-18 11:51:57.136699,333.45,786468.0,1076704.0
2025-06-18 11:51:57.336654,333.45,786468.0,1076704.0
2025-06-18 11:51:57.673614,333.45,786468.0,1076704.0
2025-06-18 11:51:58.135396,333.5,784478.0,1077319.0
2025-06-18 11:51:58.339906,333.5,784478.0,1077319.0
2025-06-18 11:51:58.502014,333.5,784478.0,1077319.0
2025-06-18 11:51:59.185478,333.5,785402.0,1077323.0
2025-06-18 11:51:59.337689,333.45,785402.0,1077323.0
2025-06-18 11:51:59.599766,333.45,785402.0,1077323.0
2025-06-18 11:52:00.136577,333.45,786074.0,1076970.0
2025-06-18 11:52:00.176150,333.45,786074.0,1076970.0
2025-06-18 11:52:00.336141,333.5,786074.0,1076970.0
2025-06-18 11:52:00.591188,333.5,786074.0,1076970.0
2025-06-18 11:52:01.089488,333.5,786074.0,1076970.0
2025-06-18 11:52:02.341739,333.5,786074.0,1076970.0
2025-06-18 11:52:02.354727,333.5,786074.0,1076970.0
2025-06-18 11:52:03.537286,333.5,782967.0,1077303.0
2025-06-18 11:52:03.639874,333.5,782967.0,1077303.0
2025-06-18 11:52:04.346954,333.5,782967.0,1077303.0
2025-06-18 11:52:04.489300,333.5,782967.0,1077303.0
2025-06-18 11:52:05.886761,333.5,782967.0,1077303.0
2025-06-18 11:52:06.344007,333.45,782967.0,1077303.0
2025-06-18 11:52:07.046218,333.45,782967.0,1077303.0
2025-06-18 11:52:08.179819,333.45,782967.0,1077303.0
2025-06-18 11:52:08.243757,333.45,782118.0,1077635.0
2025-06-18 11:52:08.352038,333.45,782118.0,1077635.0
2025-06-18 11:52:09.666616,333.45,782118.0,1077635.0
2025-06-18 11:52:10.350455,333.45,782118.0,1077635.0
2025-06-18 11:52:12.349466,333.45,782118.0,1077635.0
2025-06-18 11:52:12.946922,333.4,784425.0,1077519.0
2025-06-18 11:52:14.363001,333.5,784425.0,1077519.0
2025-06-18 11:52:16.344093,333.4,784425.0,1077519.0
2025-06-18 11:52:17.661506,333.5,785093.0,1077523.0
2025-06-18 11:52:18.344586,333.4,785093.0,1077523.0
2025-06-18 11:52:20.345174,333.5,785093.0,1077523.0
2025-06-18 11:52:22.354601,333.45,785093.0,1077523.0
2025-06-18 11:52:22.666710,333.5,778799.0,1076487.0
2025-06-18 11:52:24.352084,333.45,778799.0,1076487.0
2025-06-18 11:52:26.377214,333.4,778799.0,1076487.0
2025-06-18 11:52:27.669120,333.45,779161.0,1075487.0
2025-06-18 11:52:28.344562,333.45,779161.0,1075487.0
2025-06-18 11:52:30.347712,333.45,779161.0,1075487.0
2025-06-18 11:52:32.356784,333.5,779161.0,1075487.0
2025-06-18 11:52:32.371852,333.5,776462.0,1075166.0
2025-06-18 11:52:34.421536,333.5,776462.0,1075166.0
2025-06-18 11:52:36.343149,333.4,776462.0,1075166.0
2025-06-18 11:52:36.766035,333.45,777878.0,1075605.0
2025-06-18 11:52:38.367113,333.45,777878.0,1075605.0
2025-06-18 11:52:40.359127,333.45,777878.0,1075605.0
2025-06-18 11:52:41.565595,333.5,778595.0,1075117.0
2025-06-18 11:52:42.346854,333.5,778595.0,1075117.0
2025-06-18 11:52:44.347025,333.5,778595.0,1075117.0
2025-06-18 11:52:46.395479,333.45,778595.0,1075117.0
2025-06-18 11:52:46.396550,333.45,774984.0,1074823.0
2025-06-18 11:52:48.349142,333.45,774984.0,1074823.0
2025-06-18 11:52:50.359182,333.45,774984.0,1074823.0
2025-06-18 11:52:51.075109,333.45,776712.0,1074807.0
2025-06-18 11:52:52.347129,333.45,776712.0,1074807.0
2025-06-18 11:52:54.409727,333.45,776712.0,1074807.0
2025-06-18 11:52:55.777894,333.45,774662.0,1074601.0
2025-06-18 11:52:56.347736,333.45,774662.0,1074601.0
2025-06-18 11:52:58.347490,333.45,774662.0,1074601.0
2025-06-18 11:53:00.348208,333.45,774662.0,1074601.0
2025-06-18 11:53:00.484612,333.45,772255.0,1074936.0
2025-06-18 11:53:01.368024,333.45,772255.0,1074936.0
2025-06-18 11:53:01.886069,333.45,773708.0,1074697.0
2025-06-18 11:53:02.351371,333.45,773708.0,1074697.0
2025-06-18 11:53:02.785830,333.45,774678.0,1074615.0
2025-06-18 11:53:03.351007,333.45,774678.0,1074615.0
2025-06-18 11:53:03.786043,333.45,774947.0,1074407.0
2025-06-18 11:53:04.346248,333.4,774947.0,1074407.0
2025-06-18 11:53:04.787926,333.4,763914.0,1079696.0
2025-06-18 11:53:05.347123,333.35,763914.0,1079696.0
2025-06-18 11:53:05.788835,333.4,768373.0,1078692.0
2025-06-18 11:53:06.345900,333.35,768373.0,1078692.0
2025-06-18 11:53:06.786300,333.4,765837.0,1078685.0
2025-06-18 11:53:07.345403,333.45,765837.0,1078685.0
2025-06-18 11:53:07.787355,333.45,765788.0,1077538.0
2025-06-18 11:53:08.345577,333.45,765788.0,1077538.0
2025-06-18 11:53:08.689107,333.45,770332.0,1077681.0
2025-06-18 11:53:09.344101,333.4,770332.0,1077681.0
2025-06-18 11:53:09.687641,333.4,770390.0,1076857.0
2025-06-18 11:53:10.350531,333.5,770390.0,1076857.0
2025-06-18 11:53:10.690886,333.5,771458.0,1073368.0
2025-06-18 11:53:11.348699,333.5,771458.0,1073368.0
2025-06-18 11:53:11.792374,333.5,773594.0,1073791.0
2025-06-18 11:53:12.355455,333.5,773594.0,1073791.0
2025-06-18 11:53:12.788279,333.5,772380.0,1072851.0
2025-06-18 11:53:13.389741,333.5,772380.0,1072851.0
2025-06-18 11:53:13.794906,333.5,770914.0,1073262.0
2025-06-18 11:53:14.341929,333.5,770914.0,1073262.0
2025-06-18 11:53:14.796828,333.5,774585.0,1074058.0
2025-06-18 11:53:15.353282,333.45,774585.0,1074058.0
2025-06-18 11:53:15.798645,333.45,773021.0,1073949.0
2025-06-18 11:53:17.879370,333.45,773021.0,1073949.0
2025-06-18 11:53:17.888633,333.5,771671.0,1074357.0
2025-06-18 11:53:17.917239,333.5,771671.0,1074357.0
2025-06-18 11:53:17.921779,333.5,773158.0,1074327.0
2025-06-18 11:53:18.346322,333.5,773158.0,1074327.0
2025-06-18 11:53:18.897183,333.5,773114.0,1074303.0
2025-06-18 11:53:19.339060,333.5,773114.0,1074303.0
2025-06-18 11:53:19.995753,333.45,771979.0,1073607.0
2025-06-18 11:53:20.347663,333.45,771979.0,1073607.0
2025-06-18 11:53:21.097527,333.4,772977.0,1076681.0
2025-06-18 11:53:21.353777,333.4,772977.0,1076681.0
2025-06-18 11:53:22.014456,333.45,773298.0,1075110.0
2025-06-18 11:53:22.394042,333.45,773298.0,1075110.0
2025-06-18 11:53:23.100013,333.5,770051.0,1074993.0
2025-06-18 11:53:23.347171,333.45,770051.0,1074993.0
2025-06-18 11:53:24.103100,333.5,770265.0,1075772.0
2025-06-18 11:53:24.349753,333.5,770265.0,1075772.0
2025-06-18 11:53:25.306662,333.45,771242.0,1076106.0
2025-06-18 11:53:25.345778,333.45,771242.0,1076106.0
2025-06-18 11:53:26.355519,333.45,771242.0,1076106.0
2025-06-18 11:53:26.397961,333.45,771009.0,1075211.0
2025-06-18 11:53:27.368268,333.5,771009.0,1075211.0
2025-06-18 11:53:27.404509,333.5,769919.0,1074545.0
2025-06-18 11:53:28.313764,333.5,769702.0,1074302.0
2025-06-18 11:53:28.354116,333.5,769702.0,1074302.0
2025-06-18 11:53:29.341100,333.5,769702.0,1074302.0
2025-06-18 11:53:29.404003,333.5,769540.0,1075556.0
2025-06-18 11:53:30.361092,333.5,769540.0,1075556.0
2025-06-18 11:53:30.405368,333.5,769943.0,1073839.0
2025-06-18 11:53:31.400526,333.5,769943.0,1073839.0
2025-06-18 11:53:31.442652,333.5,771030.0,1073327.0
2025-06-18 11:53:32.378497,333.5,771030.0,1073327.0
2025-06-18 11:53:32.411591,333.5,765300.0,1073821.0
2025-06-18 11:53:33.324163,333.5,764021.0,1075436.0
2025-06-18 11:53:33.345087,333.5,764021.0,1075436.0
2025-06-18 11:53:34.350162,333.5,764021.0,1075436.0
2025-06-18 11:53:34.409125,333.5,765049.0,1075419.0
2025-06-18 11:53:35.341363,333.45,765049.0,1075419.0
2025-06-18 11:53:35.511282,333.45,765446.0,1077504.0
2025-06-18 11:53:36.347110,333.45,765446.0,1077504.0
2025-06-18 11:53:36.610265,333.45,765755.0,1078194.0
2025-06-18 11:53:37.344148,333.45,765755.0,1078194.0
2025-06-18 11:53:37.510756,333.45,765107.0,1082187.0
2025-06-18 11:53:38.348143,333.45,765107.0,1082187.0
2025-06-18 11:53:38.619744,333.45,763884.0,1081986.0
2025-06-18 11:53:39.349085,333.45,763884.0,1081986.0
2025-06-18 11:53:40.210622,333.45,765898.0,1078705.0
2025-06-18 11:53:40.363063,333.45,765898.0,1078705.0
2025-06-18 11:53:41.213124,333.45,765699.0,1079039.0
2025-06-18 11:53:41.357279,333.45,765699.0,1079039.0
2025-06-18 11:53:42.363626,333.45,765699.0,1079039.0
2025-06-18 11:53:42.410064,333.45,769978.0,1078358.0
2025-06-18 11:53:43.360282,333.45,769978.0,1078358.0
2025-06-18 11:53:43.511295,333.45,771621.0,1078116.0
2025-06-18 11:53:44.347504,333.45,771621.0,1078116.0
2025-06-18 11:53:44.511983,333.45,771621.0,1078146.0
2025-06-18 11:53:45.362257,333.45,771621.0,1078146.0
2025-06-18 11:53:45.413922,333.45,771718.0,1079756.0
2025-06-18 11:53:46.398751,333.45,771718.0,1079756.0
2025-06-18 11:53:46.613431,333.45,771183.0,1079747.0
2025-06-18 11:53:47.361353,333.45,771183.0,1079747.0
2025-06-18 11:53:47.614073,333.45,771199.0,1079579.0
2025-06-18 11:53:48.347541,333.45,771199.0,1079579.0
2025-06-18 11:53:48.616818,333.45,771214.0,1079447.0
2025-06-18 11:53:49.351038,333.45,771214.0,1079447.0
2025-06-18 11:53:49.616080,333.45,771122.0,1078603.0
2025-06-18 11:53:50.354055,333.45,771122.0,1078603.0
2025-06-18 11:53:50.618525,333.45,771120.0,1079462.0
2025-06-18 11:53:51.354236,333.45,771120.0,1079462.0
2025-06-18 11:53:51.617320,333.45,770998.0,1077751.0
2025-06-18 11:53:52.354358,333.45,770998.0,1077751.0
2025-06-18 11:53:52.618388,333.45,771096.0,1079127.0
2025-06-18 11:53:53.343887,333.45,771096.0,1079127.0
2025-06-18 11:53:53.616644,333.45,770080.0,1079114.0
2025-06-18 11:53:54.351343,333.45,770080.0,1079114.0
2025-06-18 11:53:54.518901,333.45,770001.0,1079122.0
2025-06-18 11:53:55.380564,333.45,770001.0,1079122.0
2025-06-18 11:53:55.619238,333.45,769799.0,1078463.0
2025-06-18 11:53:56.357754,333.35,769799.0,1078463.0
2025-06-18 11:53:56.720600,333.35,770891.0,1079827.0
2025-06-18 11:53:57.383984,333.4,770891.0,1079827.0
2025-06-18 11:53:57.726564,333.4,771533.0,1079632.0
2025-06-18 11:53:58.358220,333.4,771533.0,1079632.0
2025-06-18 11:53:58.722757,333.4,772173.0,1079589.0
2025-06-18 11:53:59.346957,333.4,772173.0,1079589.0
2025-06-18 11:53:59.723600,333.4,772012.0,1079483.0
2025-06-18 11:54:00.351251,333.4,772012.0,1079483.0
2025-06-18 11:54:00.726216,333.4,772008.0,1080943.0
2025-06-18 11:54:01.347637,333.4,772008.0,1080943.0
2025-06-18 11:54:01.827208,333.4,772017.0,1080302.0
2025-06-18 11:54:02.353218,333.4,772017.0,1080302.0
2025-06-18 11:54:02.924838,333.4,772030.0,1080415.0
2025-06-18 11:54:03.389085,333.4,772030.0,1080415.0
2025-06-18 11:54:03.926762,333.4,772493.0,1080263.0
2025-06-18 11:54:04.436057,333.4,772493.0,1080263.0
2025-06-18 11:54:04.927390,333.4,772496.0,1079851.0
2025-06-18 11:54:05.356969,333.35,772496.0,1079851.0
2025-06-18 11:54:06.029275,333.45,771350.0,1079313.0
2025-06-18 11:54:06.413253,333.45,771350.0,1079313.0
2025-06-18 11:54:07.034856,333.45,770175.0,1077365.0
2025-06-18 11:54:07.354807,333.45,770175.0,1077365.0
2025-06-18 11:54:08.134367,333.45,772468.0,1077125.0
2025-06-18 11:54:08.358593,333.45,772468.0,1077125.0
2025-06-18 11:54:09.136738,333.45,767541.0,1078609.0
2025-06-18 11:54:09.370906,333.45,767541.0,1078609.0
2025-06-18 11:54:10.354238,333.45,767541.0,1078609.0
2025-06-18 11:54:10.531486,333.45,767919.0,1078473.0
2025-06-18 11:54:11.354693,333.45,767919.0,1078473.0
2025-06-18 11:54:11.534332,333.45,769416.0,1078620.0
2025-06-18 11:54:12.353808,333.45,769416.0,1078620.0
2025-06-18 11:54:12.533669,333.45,769469.0,1078675.0
2025-06-18 11:54:13.349985,333.45,769469.0,1078675.0
2025-06-18 11:54:13.433332,333.45,769457.0,1078669.0
2025-06-18 11:54:14.358526,333.45,769457.0,1078669.0
2025-06-18 11:54:14.539233,333.45,769513.0,1078514.0
2025-06-18 11:54:15.381288,333.4,769513.0,1078514.0
2025-06-18 11:54:15.541496,333.4,768184.0,1077950.0
2025-06-18 11:54:16.356728,333.35,768184.0,1077950.0
2025-06-18 11:54:16.537788,333.35,770628.0,1078948.0
2025-06-18 11:54:17.380798,333.4,770628.0,1078948.0
2025-06-18 11:54:17.434215,333.4,766633.0,1082697.0
2025-06-18 11:54:18.383939,333.4,766633.0,1082697.0
2025-06-18 11:54:18.434579,333.35,769044.0,1081979.0
2025-06-18 11:54:19.351481,333.4,769044.0,1081979.0
2025-06-18 11:54:19.434712,333.4,771139.0,1078277.0
2025-06-18 11:54:20.348017,333.5,771315.0,1076705.0
2025-06-18 11:54:20.358133,333.5,771315.0,1076705.0
2025-06-18 11:54:21.347988,333.5,771274.0,1076470.0
2025-06-18 11:54:21.354819,333.5,771274.0,1076470.0
2025-06-18 11:54:22.347970,333.5,771359.0,1076463.0
2025-06-18 11:54:22.353621,333.5,771359.0,1076463.0
2025-06-18 11:54:23.345264,333.5,771274.0,1076395.0
2025-06-18 11:54:23.351000,333.5,771274.0,1076395.0
2025-06-18 11:54:24.345385,333.5,771374.0,1076330.0
2025-06-18 11:54:24.352233,333.5,771374.0,1076330.0
2025-06-18 11:54:25.239367,333.5,771126.0,1076603.0
2025-06-18 11:54:25.349871,333.5,771126.0,1076603.0
2025-06-18 11:54:26.239469,333.4,771812.0,1076995.0
2025-06-18 11:54:26.347757,333.4,771812.0,1076995.0
2025-06-18 11:54:27.238933,333.4,772969.0,1076949.0
2025-06-18 11:54:27.360914,333.4,772969.0,1076949.0
2025-06-18 11:54:28.140337,333.4,771510.0,1076421.0
2025-06-18 11:54:28.347936,333.4,771510.0,1076421.0
2025-06-18 11:54:29.039373,333.35,772298.0,1077252.0
2025-06-18 11:54:29.347465,333.4,772298.0,1077252.0
2025-06-18 11:54:30.040070,333.4,771168.0,1076635.0
2025-06-18 11:54:30.362371,333.45,771168.0,1076635.0
2025-06-18 11:54:31.142815,333.45,767685.0,1076764.0
2025-06-18 11:54:31.346938,333.45,767685.0,1076764.0
2025-06-18 11:54:32.144135,333.45,767619.0,1076489.0
2025-06-18 11:54:32.356788,333.45,767619.0,1076489.0
2025-06-18 11:54:33.044511,333.4,767560.0,1076679.0
2025-06-18 11:54:33.347703,333.4,767560.0,1076679.0
2025-06-18 11:54:34.052495,333.4,771319.0,1076522.0
2025-06-18 11:54:34.345285,333.4,771319.0,1076522.0
2025-06-18 11:54:35.349865,333.35,771319.0,1076522.0
2025-06-18 11:54:35.550084,333.35,770051.0,1076749.0
2025-06-18 11:54:36.349296,333.35,770051.0,1076749.0
2025-06-18 11:54:36.447207,333.35,768739.0,1077084.0
2025-06-18 11:54:37.356375,333.4,768739.0,1077084.0
2025-06-18 11:54:37.551946,333.45,770770.0,1076004.0
2025-06-18 11:54:38.351394,333.45,770770.0,1076004.0
2025-06-18 11:54:38.551388,333.45,766947.0,1076586.0
2025-06-18 11:54:39.350679,333.35,766947.0,1076586.0
2025-06-18 11:54:39.550677,333.3,748580.0,1090485.0
2025-06-18 11:54:40.352609,333.3,748580.0,1090485.0
2025-06-18 11:54:40.552314,333.3,744296.0,1089465.0
2025-06-18 11:54:41.346633,333.3,744296.0,1089465.0
2025-06-18 11:54:41.675203,333.25,750560.0,1087602.0
2025-06-18 11:54:42.352825,333.3,750560.0,1087602.0
2025-06-18 11:54:42.659151,333.3,753188.0,1087707.0
2025-06-18 11:54:43.351538,333.3,753188.0,1087707.0
2025-06-18 11:54:43.758061,333.3,753245.0,1087517.0
2025-06-18 11:54:44.359055,333.3,753245.0,1087517.0
2025-06-18 11:54:44.856372,333.3,754832.0,1086817.0
2025-06-18 11:54:45.348823,333.25,754832.0,1086817.0
2025-06-18 11:54:45.764954,333.25,753702.0,1093333.0
2025-06-18 11:54:46.354172,333.2,753702.0,1093333.0
2025-06-18 11:54:46.756675,333.2,756242.0,1097034.0
2025-06-18 11:54:47.352679,333.25,756242.0,1097034.0
2025-06-18 11:54:47.757633,333.25,754729.0,1096372.0
2025-06-18 11:54:48.350582,333.25,754729.0,1096372.0
2025-06-18 11:54:48.664424,333.25,754802.0,1096142.0
2025-06-18 11:54:49.354781,333.15,754802.0,1096142.0
2025-06-18 11:54:49.663636,333.15,752932.0,1094566.0
2025-06-18 11:54:50.351333,333.25,752932.0,1094566.0
2025-06-18 11:54:50.663136,333.25,758045.0,1094872.0
2025-06-18 11:54:51.352220,333.25,758045.0,1094872.0
2025-06-18 11:54:51.561486,333.25,758766.0,1096256.0
2025-06-18 11:54:52.346583,333.2,758766.0,1096256.0
2025-06-18 11:54:52.561555,333.2,759370.0,1095354.0
2025-06-18 11:54:53.354148,333.2,759370.0,1095354.0
2025-06-18 11:54:53.565596,333.2,757172.0,1095124.0
2025-06-18 11:54:54.389581,333.2,757172.0,1095124.0
2025-06-18 11:54:54.392921,333.1,757172.0,1095124.0
2025-06-18 11:54:54.561719,333.2,754143.0,1095147.0
2025-06-18 11:54:55.358933,333.15,754143.0,1095147.0
2025-06-18 11:54:55.407129,333.15,754143.0,1095147.0
2025-06-18 11:54:55.563863,333.2,756984.0,1093299.0
2025-06-18 11:54:56.391543,333.2,756984.0,1093299.0
2025-06-18 11:54:56.412652,333.2,756984.0,1093299.0
2025-06-18 11:54:56.462392,333.2,757616.0,1092591.0
2025-06-18 11:54:57.299159,333.2,757616.0,1092591.0
2025-06-18 11:54:57.358857,333.2,757616.0,1092591.0
2025-06-18 11:54:57.563321,333.2,758412.0,1092272.0
2025-06-18 11:54:58.205587,333.2,758412.0,1092272.0
2025-06-18 11:54:58.352426,333.2,758412.0,1092272.0
2025-06-18 11:54:58.564535,333.2,758807.0,1091802.0
2025-06-18 11:54:59.172665,333.2,758807.0,1091802.0
2025-06-18 11:54:59.353765,333.2,758807.0,1091802.0
2025-06-18 11:54:59.564780,333.3,758553.0,1092069.0
2025-06-18 11:55:00.272438,333.3,758553.0,1092069.0
2025-06-18 11:55:00.354494,333.3,758553.0,1092069.0
2025-06-18 11:55:00.567629,333.3,758862.0,1092134.0
2025-06-18 11:55:00.848872,333.3,758862.0,1092134.0
2025-06-18 11:55:01.257806,333.3,758862.0,1092134.0
2025-06-18 11:55:01.347725,333.3,758862.0,1092134.0
2025-06-18 11:55:01.565785,333.3,759362.0,1091892.0
2025-06-18 11:55:01.747507,333.3,759362.0,1091892.0
2025-06-18 11:55:02.146668,333.3,759362.0,1091892.0
2025-06-18 11:55:02.355693,333.35,759362.0,1091892.0
2025-06-18 11:55:02.667900,333.35,764874.0,1090954.0
2025-06-18 11:55:03.016043,333.35,764874.0,1090954.0
2025-06-18 11:55:03.346721,333.25,764874.0,1090954.0
2025-06-18 11:55:05.138104,333.25,761781.0,1092068.0
2025-06-18 11:55:05.140757,333.25,761781.0,1092068.0
2025-06-18 11:55:05.186976,333.25,761781.0,1092068.0
2025-06-18 11:55:05.259527,333.25,761781.0,1092068.0
2025-06-18 11:55:05.267844,333.25,760234.0,1091804.0
2025-06-18 11:55:05.356136,333.25,760234.0,1091804.0
2025-06-18 11:55:06.170410,333.25,759989.0,1092219.0
2025-06-18 11:55:06.355424,333.25,759989.0,1092219.0
2025-06-18 11:55:06.556002,333.25,759989.0,1092219.0
2025-06-18 11:55:07.176549,333.25,764425.0,1089436.0
2025-06-18 11:55:07.363709,333.2,764425.0,1089436.0
2025-06-18 11:55:07.679641,333.2,764425.0,1089436.0
2025-06-18 11:55:08.174499,333.25,764624.0,1089445.0
2025-06-18 11:55:08.355599,333.25,764624.0,1089445.0
2025-06-18 11:55:08.874003,333.25,764624.0,1089445.0
2025-06-18 11:55:09.271031,333.3,763081.0,1088105.0
2025-06-18 11:55:09.353019,333.3,763081.0,1088105.0
2025-06-18 11:55:10.396327,333.3,763081.0,1088105.0
2025-06-18 11:55:10.443045,333.3,763081.0,1088105.0
2025-06-18 11:55:10.448795,333.3,758854.0,1089491.0
2025-06-18 11:55:11.272773,333.3,760318.0,1089725.0
2025-06-18 11:55:11.351604,333.3,760318.0,1089725.0
2025-06-18 11:55:12.273434,333.3,758422.0,1090464.0
2025-06-18 11:55:12.356785,333.3,758422.0,1090464.0
2025-06-18 11:55:13.357315,333.3,758422.0,1090464.0
2025-06-18 11:55:13.379456,333.3,758291.0,1090674.0
2025-06-18 11:55:14.272595,333.3,756462.0,1090892.0
2025-06-18 11:55:14.358693,333.3,756462.0,1090892.0
2025-06-18 11:55:15.357831,333.2,756462.0,1090892.0
2025-06-18 11:55:15.381290,333.2,758106.0,1093633.0
2025-06-18 11:55:16.277355,333.2,759035.0,1092582.0
2025-06-18 11:55:16.360612,333.15,759035.0,1092582.0
2025-06-18 11:55:17.282880,333.2,755466.0,1092661.0
2025-06-18 11:55:17.362284,333.3,755466.0,1092661.0
2025-06-18 11:55:18.275537,333.3,759049.0,1090749.0
2025-06-18 11:55:18.354315,333.3,759049.0,1090749.0
2025-06-18 11:55:20.486647,333.2,760905.0,1090721.0
2025-06-18 11:55:20.488562,333.2,760905.0,1090721.0
2025-06-18 11:55:20.497075,333.3,760866.0,1091184.0
2025-06-18 11:55:20.498083,333.3,760866.0,1091184.0
2025-06-18 11:55:21.284310,333.2,760284.0,1091240.0
2025-06-18 11:55:21.406276,333.2,760284.0,1091240.0
2025-06-18 11:55:22.355964,333.3,760284.0,1091240.0
2025-06-18 11:55:22.391881,333.3,757693.0,1091183.0
2025-06-18 11:55:23.356270,333.2,757693.0,1091183.0
2025-06-18 11:55:23.490270,333.25,756016.0,1093597.0
2025-06-18 11:55:24.348251,333.25,756016.0,1093597.0
2025-06-18 11:55:24.478720,333.2,759616.0,1093059.0
2025-06-18 11:55:25.359103,333.2,759616.0,1093059.0
2025-06-18 11:55:25.478776,333.2,756908.0,1095432.0
2025-06-18 11:55:26.354780,333.15,756908.0,1095432.0
2025-06-18 11:55:26.479956,333.15,755582.0,1094685.0
2025-06-18 11:55:27.360980,333.2,755582.0,1094685.0
2025-06-18 11:55:27.390091,333.2,757082.0,1093533.0
2025-06-18 11:55:28.355902,333.25,757082.0,1093533.0
2025-06-18 11:55:28.481654,333.25,756734.0,1091733.0
2025-06-18 11:55:29.357058,333.25,756734.0,1091733.0
2025-06-18 11:55:29.579986,333.25,758640.0,1090826.0
2025-06-18 11:55:30.382433,333.25,758640.0,1090826.0
2025-06-18 11:55:30.680095,333.25,753186.0,1092965.0
2025-06-18 11:55:31.355034,333.2,753186.0,1092965.0
2025-06-18 11:55:31.658835,333.2,756973.0,1091649.0
2025-06-18 11:55:32.548328,333.2,756973.0,1091649.0
2025-06-18 11:55:32.581239,333.2,758226.0,1091480.0
2025-06-18 11:55:33.374297,333.2,758226.0,1091480.0
2025-06-18 11:55:33.481871,333.2,759023.0,1092214.0
2025-06-18 11:55:34.354003,333.2,759023.0,1092214.0
2025-06-18 11:55:34.481858,333.2,757795.0,1091656.0
2025-06-18 11:55:35.360198,333.2,757795.0,1091656.0
2025-06-18 11:55:35.582510,333.2,756914.0,1092084.0
2025-06-18 11:55:36.359571,333.15,756914.0,1092084.0
2025-06-18 11:55:36.481831,333.15,757842.0,1093983.0
2025-06-18 11:55:37.356203,333.2,757842.0,1093983.0
2025-06-18 11:55:37.657716,333.2,752480.0,1093363.0
2025-06-18 11:55:38.375950,333.1,752480.0,1093363.0
2025-06-18 11:55:38.693288,333.2,752317.0,1093158.0
2025-06-18 11:55:39.359840,333.2,752317.0,1093158.0
2025-06-18 11:55:39.586625,333.2,751407.0,1092499.0
2025-06-18 11:55:40.379531,333.2,751407.0,1092499.0
2025-06-18 11:55:40.586950,333.2,752852.0,1094562.0
2025-06-18 11:55:41.354632,333.2,752852.0,1094562.0
2025-06-18 11:55:41.485262,333.2,754178.0,1094449.0
2025-06-18 11:55:42.351591,333.2,754178.0,1094449.0
2025-06-18 11:55:42.388153,333.2,754278.0,1094377.0
2025-06-18 11:55:43.351414,333.2,754278.0,1094377.0
2025-06-18 11:55:43.391377,333.2,754208.0,1094358.0
2025-06-18 11:55:44.352156,333.2,754208.0,1094358.0
2025-06-18 11:55:44.393418,333.2,752813.0,1094019.0
2025-06-18 11:55:45.376212,333.15,752813.0,1094019.0
2025-06-18 11:55:45.389306,333.15,753925.0,1095744.0
2025-06-18 11:55:46.352822,333.1,753925.0,1095744.0
2025-06-18 11:55:46.388647,333.1,754336.0,1095956.0
2025-06-18 11:55:47.289998,333.2,756159.0,1095532.0
2025-06-18 11:55:47.376256,333.2,756159.0,1095532.0
2025-06-18 11:55:48.192542,333.1,756738.0,1094838.0
2025-06-18 11:55:48.356999,333.1,756738.0,1094838.0
2025-06-18 11:55:49.191659,333.2,755566.0,1094788.0
2025-06-18 11:55:49.347444,333.2,755566.0,1094788.0
2025-06-18 11:55:50.094158,333.2,757246.0,1095627.0
2025-06-18 11:55:50.406992,333.2,757246.0,1095627.0
2025-06-18 11:55:50.996298,333.25,752959.0,1092398.0
2025-06-18 11:55:51.373907,333.25,752959.0,1092398.0
2025-06-18 11:55:51.996337,333.25,753101.0,1095781.0
2025-06-18 11:55:52.350705,333.25,753101.0,1095781.0
2025-06-18 11:55:52.994056,333.25,752977.0,1093646.0
2025-06-18 11:55:53.357214,333.25,752977.0,1093646.0
2025-06-18 11:55:53.903828,333.25,751138.0,1094316.0
2025-06-18 11:55:54.358374,333.25,751138.0,1094316.0
2025-06-18 11:55:55.093524,333.15,752427.0,1094363.0
2025-06-18 11:55:55.360261,333.15,752427.0,1094363.0
2025-06-18 11:55:55.996216,333.2,752274.0,1095368.0
2025-06-18 11:55:56.355708,333.2,752274.0,1095368.0
2025-06-18 11:55:57.096013,333.2,755004.0,1093827.0
2025-06-18 11:55:57.390819,333.2,755004.0,1093827.0
2025-06-18 11:55:58.096139,333.2,753337.0,1089670.0
2025-06-18 11:55:58.355972,333.3,753337.0,1089670.0
2025-06-18 11:55:58.994730,333.3,752978.0,1090695.0
2025-06-18 11:55:59.355808,333.2,752978.0,1090695.0
2025-06-18 11:56:00.096899,333.3,752789.0,1090581.0
2025-06-18 11:56:00.354311,333.3,752789.0,1090581.0
2025-06-18 11:56:01.355197,333.3,752789.0,1090581.0
2025-06-18 11:56:01.496859,333.3,753876.0,1090420.0
2025-06-18 11:56:02.354841,333.3,753876.0,1090420.0
2025-06-18 11:56:02.495635,333.2,754789.0,1090324.0
2025-06-18 11:56:03.352245,333.3,754789.0,1090324.0
2025-06-18 11:56:03.596008,333.3,754997.0,1090287.0
2025-06-18 11:56:04.348907,333.3,754997.0,1090287.0
2025-06-18 11:56:05.137406,333.3,754993.0,1090251.0
2025-06-18 11:56:05.352872,333.25,754993.0,1090251.0
2025-06-18 11:56:05.701016,333.25,756474.0,1090143.0
2025-06-18 11:56:06.351476,333.2,756474.0,1090143.0
2025-06-18 11:56:06.600953,333.2,756544.0,1090710.0
2025-06-18 11:56:07.346920,333.2,756544.0,1090710.0
2025-06-18 11:56:07.601001,333.2,756562.0,1090509.0
2025-06-18 11:56:08.356186,333.2,756562.0,1090509.0
2025-06-18 11:56:09.793428,333.2,758413.0,1090501.0
2025-06-18 11:56:09.848529,333.2,758413.0,1090501.0
2025-06-18 11:56:09.850058,333.15,759354.0,1090807.0
2025-06-18 11:56:10.351754,333.2,759354.0,1090807.0
2025-06-18 11:56:10.606263,333.2,759358.0,1090730.0
2025-06-18 11:56:11.363858,333.2,759358.0,1090730.0
2025-06-18 11:56:12.106248,333.25,753108.0,1090413.0
2025-06-18 11:56:12.354702,333.25,753108.0,1090413.0
2025-06-18 11:56:13.106151,333.2,757325.0,1089832.0
2025-06-18 11:56:13.358488,333.2,757325.0,1089832.0
2025-06-18 11:56:14.106652,333.2,757576.0,1089647.0
2025-06-18 11:56:14.389180,333.2,757576.0,1089647.0
2025-06-18 11:56:15.108685,333.15,757272.0,1089913.0
2025-06-18 11:56:15.356778,333.15,757272.0,1089913.0
2025-06-18 11:56:16.010160,333.15,755971.0,1090021.0
2025-06-18 11:56:16.422438,333.15,755971.0,1090021.0
2025-06-18 11:56:17.107245,333.25,759006.0,1089959.0
2025-06-18 11:56:17.354521,333.25,759006.0,1089959.0
2025-06-18 11:56:18.210133,333.15,758908.0,1089838.0
2025-06-18 11:56:18.359318,333.25,758908.0,1089838.0
2025-06-18 11:56:19.318260,333.25,758907.0,1089815.0
2025-06-18 11:56:19.356948,333.25,758907.0,1089815.0
2025-06-18 11:56:20.319011,333.25,758904.0,1089811.0
2025-06-18 11:56:20.365463,333.25,758904.0,1089811.0
2025-06-18 11:56:21.319128,333.25,758885.0,1089785.0
2025-06-18 11:56:21.350711,333.25,758885.0,1089785.0
2025-06-18 11:56:22.319202,333.25,757516.0,1090379.0
2025-06-18 11:56:22.362827,333.25,757516.0,1090379.0
2025-06-18 11:56:23.321211,333.25,757615.0,1090224.0
2025-06-18 11:56:23.357131,333.25,757615.0,1090224.0
2025-06-18 11:56:24.323959,333.25,758904.0,1090213.0
2025-06-18 11:56:24.356914,333.25,758904.0,1090213.0
2025-06-18 11:56:25.321301,333.15,757445.0,1090464.0
2025-06-18 11:56:25.356088,333.15,757445.0,1090464.0
2025-06-18 11:56:26.216571,333.15,757541.0,1090501.0
2025-06-18 11:56:26.354488,333.15,757541.0,1090501.0
2025-06-18 11:56:27.216506,333.2,757874.0,1090215.0
2025-06-18 11:56:27.360637,333.2,757874.0,1090215.0
2025-06-18 11:56:28.218088,333.2,756612.0,1089823.0
2025-06-18 11:56:28.354975,333.2,756612.0,1089823.0
2025-06-18 11:56:29.216899,333.2,756809.0,1090416.0
2025-06-18 11:56:29.353019,333.2,756809.0,1090416.0
2025-06-18 11:56:30.226258,333.25,757200.0,1090192.0
2025-06-18 11:56:30.374020,333.25,757200.0,1090192.0
2025-06-18 11:56:31.219383,333.2,760896.0,1090888.0
2025-06-18 11:56:31.359601,333.2,760896.0,1090888.0
2025-06-18 11:56:32.219694,333.2,760908.0,1089806.0
2025-06-18 11:56:32.364878,333.2,760908.0,1089806.0
2025-06-18 11:56:33.220188,333.2,761570.0,1090162.0
2025-06-18 11:56:33.373507,333.2,761570.0,1090162.0
2025-06-18 11:56:34.220960,333.2,760147.0,1091250.0
2025-06-18 11:56:34.366495,333.2,760147.0,1091250.0
2025-06-18 11:56:35.121787,333.15,759967.0,1091296.0
2025-06-18 11:56:35.379815,333.15,759967.0,1091296.0
2025-06-18 11:56:36.123365,333.15,759771.0,1091253.0
2025-06-18 11:56:36.576905,333.2,759771.0,1091253.0
2025-06-18 11:56:37.123421,333.2,759634.0,1090005.0
2025-06-18 11:56:37.393201,333.2,759634.0,1090005.0
2025-06-18 11:56:38.223731,333.2,761017.0,1090802.0
2025-06-18 11:56:38.374003,333.2,761017.0,1090802.0
2025-06-18 11:56:39.336248,333.2,761016.0,1090656.0
2025-06-18 11:56:39.360319,333.2,761016.0,1090656.0
2025-06-18 11:56:40.330001,333.2,760692.0,1090787.0
2025-06-18 11:56:40.351079,333.2,760692.0,1090787.0
2025-06-18 11:56:41.338311,333.2,760826.0,1090849.0
2025-06-18 11:56:41.361806,333.2,760826.0,1090849.0
2025-06-18 11:56:42.331794,333.2,760829.0,1090923.0
2025-06-18 11:56:42.360283,333.2,760829.0,1090923.0
2025-06-18 11:56:43.358460,333.2,760829.0,1090972.0
2025-06-18 11:56:43.374548,333.2,760829.0,1090972.0
2025-06-18 11:56:44.338822,333.2,760517.0,1090918.0
2025-06-18 11:56:44.372787,333.2,760517.0,1090918.0
2025-06-18 11:56:45.229457,333.15,760760.0,1091070.0
2025-06-18 11:56:45.372428,333.2,760760.0,1091070.0
2025-06-18 11:56:46.228589,333.2,760239.0,1090179.0
2025-06-18 11:56:46.416159,333.2,760239.0,1090179.0
2025-06-18 11:56:47.127187,333.25,763072.0,1089798.0
2025-06-18 11:56:47.353182,333.25,763072.0,1089798.0
2025-06-18 11:56:48.228151,333.25,763301.0,1089636.0
2025-06-18 11:56:48.358979,333.25,763301.0,1089636.0
2025-06-18 11:56:49.229324,333.25,763480.0,1090137.0
2025-06-18 11:56:49.364327,333.25,763480.0,1090137.0
2025-06-18 11:56:50.129563,333.25,760646.0,1090122.0
2025-06-18 11:56:50.355982,333.25,760646.0,1090122.0
2025-06-18 11:56:51.229179,333.25,763674.0,1090003.0
2025-06-18 11:56:51.360212,333.25,763674.0,1090003.0
2025-06-18 11:56:52.335266,333.25,761845.0,1089354.0
2025-06-18 11:56:52.349915,333.25,761845.0,1089354.0
2025-06-18 11:56:53.341985,333.25,761528.0,1089684.0
2025-06-18 11:56:53.358665,333.25,761528.0,1089684.0
2025-06-18 11:56:54.342030,333.25,761978.0,1090898.0
2025-06-18 11:56:54.354320,333.25,761978.0,1090898.0
2025-06-18 11:56:55.337240,333.2,764226.0,1091369.0
2025-06-18 11:56:55.348687,333.2,764226.0,1091369.0
2025-06-18 11:56:56.345171,333.2,760610.0,1091307.0
2025-06-18 11:56:56.358852,333.2,760610.0,1091307.0
2025-06-18 11:56:57.427855,333.25,760724.0,1090161.0
2025-06-18 11:56:57.430360,333.25,760724.0,1090161.0
2025-06-18 11:56:58.394936,333.25,760503.0,1090716.0
2025-06-18 11:56:58.398325,333.25,760503.0,1090716.0
2025-06-18 11:56:59.237242,333.2,758673.0,1092490.0
2025-06-18 11:56:59.357342,333.2,758673.0,1092490.0
2025-06-18 11:57:00.237199,333.2,758707.0,1092301.0
2025-06-18 11:57:00.355129,333.2,758707.0,1092301.0
2025-06-18 11:57:01.355204,333.25,758707.0,1092301.0
2025-06-18 11:57:01.739163,333.25,757665.0,1090781.0
2025-06-18 11:57:02.360077,333.25,757665.0,1090781.0
2025-06-18 11:57:02.847000,333.25,757619.0,1090976.0
2025-06-18 11:57:03.354981,333.25,757619.0,1090976.0
2025-06-18 11:57:03.854333,333.25,757831.0,1090917.0
2025-06-18 11:57:04.358159,333.25,757831.0,1090917.0
2025-06-18 11:57:04.742052,333.25,758090.0,1090883.0
2025-06-18 11:57:05.365147,333.25,758090.0,1090883.0
2025-06-18 11:57:05.857829,333.2,758093.0,1091681.0
2025-06-18 11:57:06.366466,333.15,758093.0,1091681.0
2025-06-18 11:57:06.941680,333.2,760751.0,1091237.0
2025-06-18 11:57:07.353838,333.2,760751.0,1091237.0
2025-06-18 11:57:07.849417,333.2,758164.0,1090998.0
2025-06-18 11:57:09.619800,333.2,758164.0,1090998.0
2025-06-18 11:57:09.665223,333.25,759637.0,1090326.0
2025-06-18 11:57:09.669255,333.25,759637.0,1090326.0
2025-06-18 11:57:10.149053,333.25,757649.0,1093531.0
2025-06-18 11:57:10.361520,333.25,757649.0,1093531.0
2025-06-18 11:57:11.149082,333.25,754834.0,1093842.0
2025-06-18 11:57:11.361961,333.25,754834.0,1093842.0
2025-06-18 11:57:12.147349,333.25,757321.0,1093904.0
2025-06-18 11:57:12.355774,333.2,757321.0,1093904.0
2025-06-18 11:57:13.150962,333.25,756446.0,1093640.0
2025-06-18 11:57:13.364607,333.25,756446.0,1093640.0
2025-06-18 11:57:14.149864,333.25,754670.0,1093389.0
2025-06-18 11:57:14.360775,333.25,754670.0,1093389.0
2025-06-18 11:57:15.191875,333.25,750173.0,1094848.0
2025-06-18 11:57:15.357455,333.1,750173.0,1094848.0
2025-06-18 11:57:16.148075,333.05,748947.0,1101156.0
2025-06-18 11:57:16.357175,333.05,748947.0,1101156.0
2025-06-18 11:57:17.149406,333.15,753026.0,1100942.0
2025-06-18 11:57:17.366144,333.15,753026.0,1100942.0
2025-06-18 11:57:18.151698,333.15,754080.0,1098992.0
2025-06-18 11:57:18.365361,333.15,754080.0,1098992.0
2025-06-18 11:57:19.156373,333.15,757566.0,1095737.0
2025-06-18 11:57:19.357184,333.15,757566.0,1095737.0
2025-06-18 11:57:20.157515,333.2,756500.0,1095999.0
2025-06-18 11:57:20.354476,333.2,756500.0,1095999.0
2025-06-18 11:57:21.157941,333.2,756160.0,1098225.0
2025-06-18 11:57:21.405668,333.2,756160.0,1098225.0
2025-06-18 11:57:22.150827,333.2,755013.0,1097121.0
2025-06-18 11:57:22.364405,333.2,755013.0,1097121.0
2025-06-18 11:57:23.051874,333.15,758601.0,1096350.0
2025-06-18 11:57:23.358857,333.15,758601.0,1096350.0
2025-06-18 11:57:23.953044,333.15,755335.0,1099617.0
2025-06-18 11:57:24.362812,333.15,755335.0,1099617.0
2025-06-18 11:57:24.952780,333.15,755553.0,1098692.0
2025-06-18 11:57:25.358424,333.1,755553.0,1098692.0
2025-06-18 11:57:26.052876,333.15,755796.0,1098590.0
2025-06-18 11:57:26.357770,333.15,755796.0,1098590.0
2025-06-18 11:57:27.161018,333.15,758133.0,1097701.0
2025-06-18 11:57:27.357856,333.15,758133.0,1097701.0
2025-06-18 11:57:28.166711,333.2,759646.0,1098847.0
2025-06-18 11:57:28.357973,333.2,759646.0,1098847.0
2025-06-18 11:57:29.876695,333.2,762008.0,1098367.0
2025-06-18 11:57:29.916830,333.2,762008.0,1098367.0
2025-06-18 11:57:30.256120,333.2,762008.0,1098144.0
2025-06-18 11:57:30.361708,333.2,762008.0,1098144.0
2025-06-18 11:57:31.256523,333.2,760417.0,1098649.0
2025-06-18 11:57:31.366021,333.2,760417.0,1098649.0
2025-06-18 11:57:32.255932,333.1,757683.0,1096662.0
2025-06-18 11:57:32.360484,333.2,757683.0,1096662.0
2025-06-18 11:57:33.258440,333.2,758421.0,1096116.0
2025-06-18 11:57:33.412499,333.2,758421.0,1096116.0
2025-06-18 11:57:34.258507,333.2,761628.0,1095284.0
2025-06-18 11:57:34.364541,333.2,761628.0,1095284.0
2025-06-18 11:57:35.256691,333.2,759099.0,1084120.0
2025-06-18 11:57:35.360652,333.2,759099.0,1084120.0
2025-06-18 11:57:36.256694,333.2,764061.0,1093675.0
2025-06-18 11:57:36.354897,333.2,764061.0,1093675.0
2025-06-18 11:57:37.257932,333.25,764295.0,1092576.0
2025-06-18 11:57:37.363776,333.25,764295.0,1092576.0
2025-06-18 11:57:38.262225,333.25,764098.0,1091450.0
2025-06-18 11:57:38.358467,333.25,764098.0,1091450.0
2025-06-18 11:57:39.163085,333.2,763129.0,1091552.0
2025-06-18 11:57:39.355684,333.25,763129.0,1091552.0
2025-06-18 11:57:40.171442,333.25,762936.0,1091782.0
2025-06-18 11:57:40.364601,333.25,762936.0,1091782.0
2025-06-18 11:57:41.172470,333.25,759877.0,1092984.0
2025-06-18 11:57:41.357950,333.2,759877.0,1092984.0
2025-06-18 11:57:42.196112,333.25,761456.0,1092915.0
2025-06-18 11:57:42.364775,333.25,761456.0,1092915.0
2025-06-18 11:57:43.060899,333.2,755691.0,1098258.0
2025-06-18 11:57:43.362866,333.2,755691.0,1098258.0
2025-06-18 11:57:44.176210,333.2,757978.0,1094841.0
2025-06-18 11:57:44.355837,333.2,757978.0,1094841.0
2025-06-18 11:57:45.174086,333.15,760624.0,1097262.0
2025-06-18 11:57:45.363377,333.15,760624.0,1097262.0
2025-06-18 11:57:46.199049,333.1,762544.0,1097540.0
2025-06-18 11:57:46.439569,333.1,762544.0,1097540.0
2025-06-18 11:57:47.175944,333.15,759386.0,1097510.0
2025-06-18 11:57:47.355885,333.15,759386.0,1097510.0
2025-06-18 11:57:48.265941,333.2,757044.0,1098147.0
2025-06-18 11:57:48.356595,333.2,757044.0,1098147.0
2025-06-18 11:57:49.265685,333.2,758698.0,1097785.0
2025-06-18 11:57:49.356185,333.2,758698.0,1097785.0
2025-06-18 11:57:50.360412,333.2,758698.0,1097785.0
2025-06-18 11:57:50.395463,333.2,758997.0,1097214.0
2025-06-18 11:57:51.271360,333.2,760617.0,1098026.0
2025-06-18 11:57:51.365979,333.2,760617.0,1098026.0
2025-06-18 11:57:52.270900,333.1,762607.0,1097762.0
2025-06-18 11:57:52.371322,333.1,762607.0,1097762.0
2025-06-18 11:57:53.364001,333.2,762607.0,1097762.0
2025-06-18 11:57:53.380513,333.2,763046.0,1098029.0
2025-06-18 11:57:54.368640,333.1,763046.0,1098029.0
2025-06-18 11:57:54.570344,333.1,762941.0,1098587.0
2025-06-18 11:57:54.993869,333.1,762941.0,1098587.0
2025-06-18 11:57:55.364269,333.1,762941.0,1098587.0
2025-06-18 11:57:55.574276,333.15,760312.0,1099060.0
2025-06-18 11:57:56.075529,333.15,760312.0,1099060.0
2025-06-18 11:57:56.365179,333.1,760312.0,1099060.0
2025-06-18 11:57:56.471656,333.15,757926.0,1099869.0
2025-06-18 11:57:56.997193,333.15,757926.0,1099869.0
2025-06-18 11:57:57.360873,333.15,757926.0,1099869.0
2025-06-18 11:57:57.571271,333.15,758983.0,1101234.0
2025-06-18 11:57:57.972622,333.15,758983.0,1101234.0
2025-06-18 11:57:58.359260,333.15,758983.0,1101234.0
2025-06-18 11:57:58.570878,333.15,757775.0,1100991.0
2025-06-18 11:57:58.874684,333.15,757775.0,1100991.0
2025-06-18 11:57:59.365327,333.2,757775.0,1100991.0
2025-06-18 11:57:59.670945,333.2,758208.0,1101273.0
2025-06-18 11:57:59.702165,333.2,758208.0,1101273.0
2025-06-18 11:58:00.358016,333.2,758208.0,1101273.0
2025-06-18 11:58:00.772424,333.2,759777.0,1102179.0
2025-06-18 11:58:01.223041,333.2,759777.0,1102179.0
2025-06-18 11:58:01.353586,333.2,759777.0,1102179.0
2025-06-18 11:58:01.792438,333.2,759777.0,1102179.0
2025-06-18 11:58:01.973319,333.2,758849.0,1101298.0
2025-06-18 11:58:02.217028,333.2,758849.0,1101298.0
2025-06-18 11:58:02.354493,333.2,758849.0,1101298.0
2025-06-18 11:58:02.695241,333.2,758849.0,1101298.0
2025-06-18 11:58:02.973488,333.2,759637.0,1101976.0
2025-06-18 11:58:03.079146,333.2,759637.0,1101976.0
2025-06-18 11:58:03.359714,333.2,759637.0,1101976.0
2025-06-18 11:58:03.965788,333.2,759637.0,1101976.0
2025-06-18 11:58:03.973659,333.2,758297.0,1100523.0
2025-06-18 11:58:04.360832,333.2,758297.0,1100523.0
2025-06-18 11:58:05.074568,333.1,758434.0,1100357.0
2025-06-18 11:58:05.249089,333.1,758434.0,1100357.0
2025-06-18 11:58:05.360049,333.25,758434.0,1100357.0
2025-06-18 11:58:06.107922,333.25,758434.0,1100357.0
2025-06-18 11:58:06.276547,333.15,762452.0,1097614.0
2025-06-18 11:58:06.354675,333.15,762452.0,1097614.0
2025-06-18 11:58:07.182505,333.15,762863.0,1096580.0
2025-06-18 11:58:07.367176,333.15,762863.0,1096580.0
2025-06-18 11:58:07.535291,333.15,762863.0,1096580.0
2025-06-18 11:58:08.367606,333.15,762863.0,1096580.0
2025-06-18 11:58:08.476852,333.15,765200.0,1099171.0
2025-06-18 11:58:08.674329,333.15,765200.0,1099171.0
2025-06-18 11:58:09.355558,333.15,765200.0,1099171.0
2025-06-18 11:58:09.478777,333.15,769211.0,1098699.0
2025-06-18 11:58:09.805563,333.15,769211.0,1098699.0
2025-06-18 11:58:10.357356,333.25,769211.0,1098699.0
2025-06-18 11:58:10.580863,333.25,769969.0,1093910.0
2025-06-18 11:58:11.287744,333.25,769969.0,1093910.0
2025-06-18 11:58:11.380834,333.25,769969.0,1093910.0
2025-06-18 11:58:11.579906,333.25,766565.0,1093314.0
2025-06-18 11:58:12.364658,333.25,766565.0,1093314.0
2025-06-18 11:58:12.581198,333.25,770830.0,1093446.0
2025-06-18 11:58:13.365995,333.25,770830.0,1093446.0
2025-06-18 11:58:13.582200,333.25,767715.0,1093938.0
2025-06-18 11:58:14.365381,333.2,767715.0,1093938.0
2025-06-18 11:58:14.583187,333.25,770729.0,1094652.0
2025-06-18 11:58:15.361499,333.2,770729.0,1094652.0
2025-06-18 11:58:15.581749,333.2,768738.0,1095568.0
2025-06-18 11:58:16.365274,333.2,768738.0,1095568.0
2025-06-18 11:58:16.688649,333.2,771011.0,1095403.0
2025-06-18 11:58:17.361963,333.25,771011.0,1095403.0
2025-06-18 11:58:17.783586,333.25,770379.0,1095203.0
2025-06-18 11:58:18.784287,333.15,770428.0,1096569.0
2025-06-18 11:58:19.366567,333.2,770428.0,1096569.0
2025-06-18 11:58:19.787009,333.15,770833.0,1095482.0
2025-06-18 11:58:20.365199,333.1,770833.0,1095482.0
2025-06-18 11:58:20.784903,333.1,763775.0,1105037.0
2025-06-18 11:58:21.358461,333.15,763775.0,1105037.0
2025-06-18 11:58:21.785565,333.15,766805.0,1103503.0
2025-06-18 11:58:22.362843,333.15,766805.0,1103503.0
2025-06-18 11:58:22.785831,333.15,766774.0,1103690.0
2025-06-18 11:58:23.361383,333.15,766774.0,1103690.0
2025-06-18 11:58:23.791774,333.1,766903.0,1102576.0
2025-06-18 11:58:24.364656,333.1,766903.0,1102576.0
2025-06-18 11:58:24.788521,333.15,766383.0,1102804.0
2025-06-18 11:58:25.359214,333.15,766383.0,1102804.0
2025-06-18 11:58:25.690265,333.15,766973.0,1102745.0
2025-06-18 11:58:26.355661,333.15,766973.0,1102745.0
2025-06-18 11:58:26.691414,333.15,762071.0,1101912.0
2025-06-18 11:58:27.365678,333.15,762071.0,1101912.0
2025-06-18 11:58:27.693731,333.15,759616.0,1100232.0
2025-06-18 11:58:28.361729,333.15,759616.0,1100232.0
2025-06-18 11:58:28.694365,333.15,759791.0,1099821.0
2025-06-18 11:58:29.367318,333.15,759791.0,1099821.0
2025-06-18 11:58:29.596709,333.1,761068.0,1099750.0
2025-06-18 11:58:30.360820,333.2,761068.0,1099750.0
2025-06-18 11:58:30.600363,333.2,763689.0,1092783.0
2025-06-18 11:58:31.361325,333.2,763689.0,1092783.0
2025-06-18 11:58:31.594605,333.3,764047.0,1088173.0
2025-06-18 11:58:32.360333,333.25,764047.0,1088173.0
2025-06-18 11:58:32.595365,333.25,764083.0,1089940.0
2025-06-18 11:58:33.366704,333.25,764083.0,1089940.0
2025-06-18 11:58:33.595135,333.25,764917.0,1089413.0
2025-06-18 11:58:34.358148,333.25,764917.0,1089413.0
2025-06-18 11:58:34.496045,333.25,765298.0,1088308.0
2025-06-18 11:58:35.358032,333.15,765298.0,1088308.0
2025-06-18 11:58:35.596485,333.15,763695.0,1090560.0
2025-06-18 11:58:36.363063,333.1,763695.0,1090560.0
2025-06-18 11:58:36.498053,333.1,768133.0,1091909.0
2025-06-18 11:58:37.362724,333.1,768133.0,1091909.0
2025-06-18 11:58:37.499248,333.15,767142.0,1090871.0
2025-06-18 11:58:38.362213,333.15,767142.0,1090871.0
2025-06-18 11:58:38.499005,333.15,766800.0,1092134.0
2025-06-18 11:58:39.361437,333.15,766800.0,1092134.0
2025-06-18 11:58:39.500268,333.2,768190.0,1090793.0
2025-06-18 11:58:40.362421,333.2,768190.0,1090793.0
2025-06-18 11:58:40.399065,333.2,767492.0,1091363.0
2025-06-18 11:58:41.361492,333.2,767492.0,1091363.0
2025-06-18 11:58:41.408319,333.2,762700.0,1089684.0
2025-06-18 11:58:42.363827,333.2,762700.0,1089684.0
2025-06-18 11:58:42.404270,333.15,760827.0,1092645.0
2025-06-18 11:58:43.363990,333.2,760827.0,1092645.0
2025-06-18 11:58:43.400148,333.2,768518.0,1086292.0
2025-06-18 11:58:44.364018,333.25,768518.0,1086292.0
2025-06-18 11:58:44.402780,333.25,764546.0,1087390.0
2025-06-18 11:58:45.399066,333.3,764546.0,1087390.0
2025-06-18 11:58:45.412236,333.3,766211.0,1087194.0
2025-06-18 11:58:46.360237,333.2,766211.0,1087194.0
2025-06-18 11:58:46.503409,333.2,763055.0,1091727.0
2025-06-18 11:58:47.366164,333.2,763055.0,1091727.0
2025-06-18 11:58:47.604564,333.2,769479.0,1090523.0
2025-06-18 11:58:48.364413,333.2,769479.0,1090523.0
2025-06-18 11:58:48.606609,333.2,771239.0,1090609.0
2025-06-18 11:58:49.362779,333.2,771239.0,1090609.0
2025-06-18 11:58:49.505360,333.2,766722.0,1091048.0
2025-06-18 11:58:50.361027,333.25,766722.0,1091048.0
2025-06-18 11:58:50.506981,333.25,768840.0,1089922.0
2025-06-18 11:58:51.365702,333.25,768840.0,1089922.0
2025-06-18 11:58:51.509300,333.25,770503.0,1089190.0
2025-06-18 11:58:52.361764,333.25,770503.0,1089190.0
2025-06-18 11:58:52.607721,333.25,768652.0,1089207.0
2025-06-18 11:58:53.363371,333.25,768652.0,1089207.0
2025-06-18 11:58:53.512160,333.25,770719.0,1090070.0
2025-06-18 11:58:54.360917,333.2,770719.0,1090070.0
2025-06-18 11:58:54.610643,333.2,767139.0,1090110.0
2025-06-18 11:58:55.368765,333.2,767139.0,1090110.0
2025-06-18 11:58:55.610686,333.2,765793.0,1090352.0
2025-06-18 11:58:56.359865,333.15,765793.0,1090352.0
2025-06-18 11:58:56.611454,333.15,765784.0,1091258.0
2025-06-18 11:58:57.364883,333.2,765784.0,1091258.0
2025-06-18 11:58:57.514349,333.2,766840.0,1090037.0
2025-06-18 11:58:58.383215,333.25,766840.0,1090037.0
2025-06-18 11:58:58.421751,333.25,763022.0,1090519.0
2025-06-18 11:58:59.371094,333.2,763022.0,1090519.0
2025-06-18 11:58:59.517878,333.25,769959.0,1086781.0
2025-06-18 11:59:00.385706,333.35,769959.0,1086781.0
2025-06-18 11:59:00.414059,333.25,767406.0,1085989.0
2025-06-18 11:59:01.392559,333.25,767406.0,1085989.0
2025-06-18 11:59:01.415977,333.25,768139.0,1087389.0
2025-06-18 11:59:02.366485,333.25,768139.0,1087389.0
2025-06-18 11:59:02.418238,333.25,768177.0,1087848.0
2025-06-18 11:59:03.365595,333.25,768177.0,1087848.0
2025-06-18 11:59:03.417980,333.25,769020.0,1088614.0
2025-06-18 11:59:04.368344,333.2,769020.0,1088614.0
2025-06-18 11:59:04.417894,333.2,759642.0,1087716.0
2025-06-18 11:59:05.363995,333.2,759642.0,1087716.0
2025-06-18 11:59:05.518005,333.2,765655.0,1090024.0
2025-06-18 11:59:06.365193,333.15,765655.0,1090024.0
2025-06-18 11:59:06.520927,333.15,765067.0,1093298.0
2025-06-18 11:59:07.360950,333.2,765067.0,1093298.0
2025-06-18 11:59:07.520012,333.2,765204.0,1091173.0
2025-06-18 11:59:08.363921,333.2,765204.0,1091173.0
2025-06-18 11:59:08.620189,333.2,763837.0,1090993.0
2025-06-18 11:59:09.422060,333.2,763837.0,1090993.0
2025-06-18 11:59:09.620889,333.15,766055.0,1090827.0
2025-06-18 11:59:10.367629,333.2,766055.0,1090827.0
2025-06-18 11:59:10.622826,333.2,766574.0,1090908.0
2025-06-18 11:59:11.364740,333.2,766574.0,1090908.0
2025-06-18 11:59:11.722310,333.2,766843.0,1090465.0
2025-06-18 11:59:12.363420,333.2,766843.0,1090465.0
2025-06-18 11:59:12.621095,333.2,766818.0,1090449.0
2025-06-18 11:59:13.381397,333.15,766818.0,1090449.0
2025-06-18 11:59:13.723247,333.15,765794.0,1091448.0
2025-06-18 11:59:14.365200,333.15,765794.0,1091448.0
2025-06-18 11:59:14.725126,333.15,765690.0,1090789.0
2025-06-18 11:59:15.364639,333.2,765690.0,1090789.0
2025-06-18 11:59:15.726633,333.2,766233.0,1090133.0
2025-06-18 11:59:16.366760,333.15,766233.0,1090133.0
2025-06-18 11:59:16.726189,333.2,765945.0,1089729.0
2025-06-18 11:59:17.379018,333.15,765945.0,1089729.0
2025-06-18 11:59:17.726451,333.25,768418.0,1084734.0
2025-06-18 11:59:18.367677,333.3,768418.0,1084734.0
2025-06-18 11:59:18.725723,333.3,767792.0,1090123.0
2025-06-18 11:59:19.370544,333.3,767792.0,1090123.0
2025-06-18 11:59:19.730244,333.3,768055.0,1087796.0
2025-06-18 11:59:20.362671,333.3,768055.0,1087796.0
2025-06-18 11:59:20.831876,333.3,762752.0,1081278.0
2025-06-18 11:59:21.363639,333.35,762752.0,1081278.0
2025-06-18 11:59:21.833021,333.35,759374.0,1080776.0
2025-06-18 11:59:22.368126,333.35,759374.0,1080776.0
2025-06-18 11:59:22.837862,333.25,757737.0,1082115.0
2025-06-18 11:59:23.366715,333.25,757737.0,1082115.0
2025-06-18 11:59:23.928545,333.25,760817.0,1080309.0
2025-06-18 11:59:24.391325,333.25,760817.0,1080309.0
2025-06-18 11:59:24.931009,333.25,761003.0,1081387.0
2025-06-18 11:59:25.381598,333.2,761003.0,1081387.0
2025-06-18 11:59:25.931805,333.2,762860.0,1084510.0
2025-06-18 11:59:26.363399,333.15,762860.0,1084510.0
2025-06-18 11:59:26.933687,333.15,765389.0,1084035.0
2025-06-18 11:59:27.390435,333.2,765389.0,1084035.0
2025-06-18 11:59:27.932769,333.2,765245.0,1085404.0
2025-06-18 11:59:28.413849,333.2,765245.0,1085404.0
2025-06-18 11:59:28.935479,333.15,764669.0,1085279.0
2025-06-18 11:59:29.363451,333.25,764669.0,1085279.0
2025-06-18 11:59:29.843875,333.25,764755.0,1085275.0
2025-06-18 11:59:30.414414,333.25,764755.0,1085275.0
2025-06-18 11:59:30.937416,333.25,764866.0,1085124.0
2025-06-18 11:59:31.359108,333.25,764866.0,1085124.0
2025-06-18 11:59:32.038138,333.25,765102.0,1084929.0
2025-06-18 11:59:32.441112,333.25,765102.0,1084929.0
2025-06-18 11:59:33.040849,333.25,765094.0,1084393.0
2025-06-18 11:59:33.443863,333.25,765094.0,1084393.0
2025-06-18 11:59:34.039736,333.25,765127.0,1084090.0
2025-06-18 11:59:34.370097,333.25,765127.0,1084090.0
2025-06-18 11:59:35.141346,333.25,765247.0,1084227.0
2025-06-18 11:59:35.358150,333.25,765247.0,1084227.0
2025-06-18 11:59:36.145950,333.2,764869.0,1084154.0
2025-06-18 11:59:36.406270,333.2,764869.0,1084154.0
2025-06-18 11:59:37.146664,333.25,764705.0,1083958.0
2025-06-18 11:59:37.365390,333.25,764705.0,1083958.0
2025-06-18 11:59:38.243941,333.2,763172.0,1087016.0
2025-06-18 11:59:38.368280,333.2,763172.0,1087016.0
2025-06-18 11:59:39.354999,333.2,763540.0,1085547.0
2025-06-18 11:59:39.366797,333.2,763540.0,1085547.0
2025-06-18 11:59:40.356108,333.15,762035.0,1086953.0
2025-06-18 11:59:40.367794,333.15,762035.0,1086953.0
2025-06-18 11:59:41.363109,333.15,762035.0,1086953.0
2025-06-18 11:59:41.443859,333.15,765382.0,1085850.0
2025-06-18 11:59:42.370566,333.2,765382.0,1085850.0
2025-06-18 11:59:42.544394,333.2,763946.0,1085904.0
2025-06-18 11:59:43.374712,333.25,763946.0,1085904.0
2025-06-18 11:59:43.646771,333.25,761534.0,1085741.0
2025-06-18 11:59:44.369078,333.25,761534.0,1085741.0
2025-06-18 11:59:44.746323,333.25,761846.0,1085558.0
2025-06-18 11:59:45.366091,333.2,761846.0,1085558.0
2025-06-18 11:59:45.855545,333.15,762858.0,1085787.0
2025-06-18 11:59:46.370595,333.2,762858.0,1085787.0
2025-06-18 11:59:47.988849,333.2,761077.0,1085788.0
2025-06-18 11:59:48.033975,333.2,761077.0,1085788.0
2025-06-18 11:59:48.047734,333.2,760163.0,1085725.0
2025-06-18 11:59:48.375486,333.25,760163.0,1085725.0
2025-06-18 11:59:49.151346,333.25,761042.0,1085842.0
2025-06-18 11:59:49.393531,333.25,761042.0,1085842.0
2025-06-18 11:59:50.154078,333.25,762728.0,1085699.0
2025-06-18 11:59:50.371395,333.25,762728.0,1085699.0
2025-06-18 11:59:51.152038,333.25,764304.0,1085671.0
2025-06-18 11:59:51.368740,333.25,764304.0,1085671.0
2025-06-18 11:59:52.249414,333.15,763833.0,1086214.0
2025-06-18 11:59:52.370210,333.25,763833.0,1086214.0
2025-06-18 11:59:53.364241,333.25,762446.0,1085600.0
2025-06-18 11:59:53.367915,333.25,762446.0,1085600.0
2025-06-18 11:59:54.362665,333.25,760546.0,1085771.0
2025-06-18 11:59:54.368094,333.25,760546.0,1085771.0
2025-06-18 11:59:55.362912,333.2,761325.0,1084872.0
2025-06-18 11:59:55.372447,333.2,761325.0,1084872.0
2025-06-18 11:59:56.371176,333.2,761325.0,1084872.0
2025-06-18 11:59:56.453690,333.2,759976.0,1084903.0
2025-06-18 11:59:57.372883,333.25,759976.0,1084903.0
2025-06-18 11:59:57.455302,333.25,761691.0,1084468.0
2025-06-18 11:59:58.368620,333.25,761691.0,1084468.0
2025-06-18 11:59:58.461028,333.25,762004.0,1084917.0
2025-06-18 11:59:59.365270,333.25,761943.0,1084886.0
2025-06-18 11:59:59.366925,333.25,761943.0,1084886.0
2025-06-18 12:00:00.370929,333.25,761943.0,1084886.0
2025-06-18 12:00:00.463523,333.2,761421.0,1085367.0
2025-06-18 12:00:01.370610,333.25,761421.0,1085367.0
2025-06-18 12:00:01.460724,333.25,761493.0,1086809.0
2025-06-18 12:00:02.368628,333.25,761493.0,1086809.0
2025-06-18 12:00:02.562448,333.25,762904.0,1086478.0
2025-06-18 12:00:03.370450,333.25,762904.0,1086478.0
2025-06-18 12:00:04.164524,333.25,762814.0,1086619.0
2025-06-18 12:00:04.375708,333.25,762814.0,1086619.0
2025-06-18 12:00:05.163326,333.2,762054.0,1087760.0
2025-06-18 12:00:05.374457,333.2,762054.0,1087760.0
2025-06-18 12:00:06.164966,333.2,763633.0,1087815.0
2025-06-18 12:00:06.373164,333.2,763633.0,1087815.0
2025-06-18 12:00:07.264685,333.2,764252.0,1086517.0
2025-06-18 12:00:07.372898,333.25,764252.0,1086517.0
2025-06-18 12:00:08.266009,333.25,764254.0,1086362.0
2025-06-18 12:00:08.373796,333.25,764254.0,1086362.0
2025-06-18 12:00:09.267262,333.25,764264.0,1086308.0
2025-06-18 12:00:09.375866,333.25,764264.0,1086308.0
2025-06-18 12:00:10.268823,333.2,764632.0,1086295.0
2025-06-18 12:00:10.382571,333.2,764632.0,1086295.0
2025-06-18 12:00:11.272636,333.25,764834.0,1086276.0
2025-06-18 12:00:11.401202,333.25,764834.0,1086276.0
2025-06-18 12:00:12.272717,333.25,764837.0,1086263.0
2025-06-18 12:00:12.460931,333.25,764837.0,1086263.0
2025-06-18 12:00:13.366874,333.25,764837.0,1086263.0
2025-06-18 12:00:13.378516,333.25,764553.0,1086472.0
2025-06-18 12:00:14.371902,333.25,764553.0,1086472.0
2025-06-18 12:00:14.380505,333.25,764778.0,1086150.0
2025-06-18 12:00:15.374879,333.2,764778.0,1086150.0
2025-06-18 12:00:15.392274,333.2,764148.0,1086167.0
2025-06-18 12:00:16.375261,333.25,764148.0,1086167.0
2025-06-18 12:00:16.404262,333.25,764082.0,1084745.0
2025-06-18 12:00:17.399304,333.3,764082.0,1084745.0
2025-06-18 12:00:17.449011,333.3,761187.0,1084655.0
2025-06-18 12:00:18.276300,333.3,761392.0,1084081.0
2025-06-18 12:00:18.412914,333.3,761392.0,1084081.0
2025-06-18 12:00:19.273151,333.2,762471.0,1085130.0
2025-06-18 12:00:19.382032,333.2,762471.0,1085130.0
2025-06-18 12:00:20.271826,333.2,761854.0,1084459.0
2025-06-18 12:00:20.373694,333.2,761854.0,1084459.0
2025-06-18 12:00:21.273158,333.3,765159.0,1084033.0
2025-06-18 12:00:21.371062,333.3,765159.0,1084033.0
2025-06-18 12:00:22.272959,333.3,764987.0,1083962.0
2025-06-18 12:00:22.373508,333.3,764987.0,1083962.0
2025-06-18 12:00:23.174844,333.3,765272.0,1083016.0
2025-06-18 12:00:23.372894,333.3,765272.0,1083016.0
2025-06-18 12:00:24.272789,333.35,761106.0,1084753.0
2025-06-18 12:00:24.393181,333.35,761106.0,1084753.0
2025-06-18 12:00:25.275375,333.3,762399.0,1084524.0
2025-06-18 12:00:25.372687,333.3,762399.0,1084524.0
2025-06-18 12:00:26.275676,333.3,764732.0,1086209.0
2025-06-18 12:00:26.424773,333.3,764732.0,1086209.0
2025-06-18 12:00:27.276524,333.3,765301.0,1086083.0
2025-06-18 12:00:27.433575,333.3,765301.0,1086083.0
2025-06-18 12:00:28.274641,333.3,765034.0,1085810.0
2025-06-18 12:00:28.374709,333.3,765034.0,1085810.0
2025-06-18 12:00:29.275805,333.3,764800.0,1085706.0
2025-06-18 12:00:29.400486,333.3,764800.0,1085706.0
2025-06-18 12:00:30.274174,333.35,766797.0,1085613.0
2025-06-18 12:00:30.374010,333.35,766797.0,1085613.0
2025-06-18 12:00:31.372026,333.3,766797.0,1085613.0
2025-06-18 12:00:31.392052,333.3,765948.0,1084600.0
2025-06-18 12:00:32.369484,333.3,765948.0,1084600.0
2025-06-18 12:00:32.381083,333.3,767543.0,1085309.0
2025-06-18 12:00:33.276802,333.3,767757.0,1084459.0
2025-06-18 12:00:33.395068,333.3,767757.0,1084459.0
2025-06-18 12:00:34.279062,333.3,767099.0,1084392.0
2025-06-18 12:00:34.374828,333.3,767099.0,1084392.0
2025-06-18 12:00:35.372993,333.25,767099.0,1084392.0
2025-06-18 12:00:35.388046,333.25,766044.0,1084709.0
2025-06-18 12:00:36.370817,333.2,766044.0,1084709.0
2025-06-18 12:00:36.383567,333.2,764815.0,1085177.0
2025-06-18 12:00:37.379321,333.25,764815.0,1085177.0
2025-06-18 12:00:37.400638,333.25,762755.0,1085063.0
2025-06-18 12:00:38.374067,333.2,762755.0,1085063.0
2025-06-18 12:00:38.388369,333.2,766970.0,1085209.0
2025-06-18 12:00:39.375621,333.3,766970.0,1085209.0
2025-06-18 12:00:39.391676,333.3,767012.0,1085111.0
2025-06-18 12:00:40.375098,333.3,767012.0,1085111.0
2025-06-18 12:00:40.390283,333.3,765633.0,1085079.0
2025-06-18 12:00:41.283445,333.3,767080.0,1084810.0
2025-06-18 12:00:41.375232,333.3,767080.0,1084810.0
2025-06-18 12:00:42.184189,333.3,767001.0,1084695.0
2025-06-18 12:00:42.370189,333.3,767001.0,1084695.0
2025-06-18 12:00:43.085578,333.3,767236.0,1084693.0
2025-06-18 12:00:43.376428,333.3,767236.0,1084693.0
2025-06-18 12:00:44.185010,333.3,766444.0,1084405.0
2025-06-18 12:00:44.393192,333.3,766444.0,1084405.0
2025-06-18 12:00:45.186205,333.3,765733.0,1084952.0
2025-06-18 12:00:45.395657,333.3,765733.0,1084952.0
2025-06-18 12:00:46.376484,333.2,765733.0,1084952.0
2025-06-18 12:00:46.787661,333.25,765520.0,1084648.0
2025-06-18 12:00:47.373258,333.25,765520.0,1084648.0
2025-06-18 12:00:47.788696,333.25,762080.0,1084406.0
2025-06-18 12:00:48.376560,333.25,762080.0,1084406.0
2025-06-18 12:00:48.786171,333.3,762291.0,1084613.0
2025-06-18 12:00:49.381004,333.3,762291.0,1084613.0
2025-06-18 12:00:49.688028,333.3,765484.0,1083468.0
2025-06-18 12:00:50.397429,333.3,765484.0,1083468.0
2025-06-18 12:00:50.785617,333.3,765415.0,1084853.0
2025-06-18 12:00:51.376347,333.3,765415.0,1084853.0
2025-06-18 12:00:51.690482,333.3,765704.0,1085132.0
2025-06-18 12:00:52.375497,333.3,765704.0,1085132.0
2025-06-18 12:00:52.687240,333.3,763703.0,1085545.0
2025-06-18 12:00:53.374110,333.3,763703.0,1085545.0
2025-06-18 12:00:53.688244,333.3,766478.0,1083515.0
2025-06-18 12:00:54.373948,333.3,766478.0,1083515.0
2025-06-18 12:00:54.688461,333.3,766491.0,1083513.0
2025-06-18 12:00:55.312195,333.3,766491.0,1083513.0
2025-06-18 12:00:55.375470,333.3,766491.0,1083513.0
2025-06-18 12:00:56.189760,333.2,767035.0,1083378.0
2025-06-18 12:00:56.373278,333.2,767035.0,1083378.0
2025-06-18 12:00:56.398361,333.2,767035.0,1083378.0
2025-06-18 12:00:57.093129,333.3,766010.0,1081221.0
2025-06-18 12:00:57.318424,333.3,766010.0,1081221.0
2025-06-18 12:00:57.375112,333.3,766010.0,1081221.0
2025-06-18 12:00:58.091557,333.3,764795.0,1082114.0
2025-06-18 12:00:58.282353,333.3,764795.0,1082114.0
2025-06-18 12:00:58.372797,333.3,764795.0,1082114.0
2025-06-18 12:00:59.092928,333.3,766361.0,1081934.0
2025-06-18 12:00:59.187191,333.3,766361.0,1081934.0
2025-06-18 12:00:59.376666,333.3,766361.0,1081934.0
2025-06-18 12:00:59.994794,333.3,767092.0,1083143.0
2025-06-18 12:01:00.015339,333.3,767092.0,1083143.0
2025-06-18 12:01:00.377943,333.3,767092.0,1083143.0
2025-06-18 12:01:01.106475,333.3,767092.0,1083143.0
2025-06-18 12:01:01.378794,333.3,767092.0,1083143.0
2025-06-18 12:01:01.697453,333.3,767030.0,1083212.0
2025-06-18 12:01:01.746891,333.3,767030.0,1083212.0
2025-06-18 12:01:02.220952,333.3,767030.0,1083212.0
2025-06-18 12:01:02.374780,333.3,767030.0,1083212.0
2025-06-18 12:01:02.660049,333.3,767030.0,1083212.0
2025-06-18 12:01:02.799610,333.3,766204.0,1083197.0
2025-06-18 12:01:03.019225,333.3,766204.0,1083197.0
2025-06-18 12:01:03.396389,333.3,766204.0,1083197.0
2025-06-18 12:01:03.800182,333.3,766400.0,1082750.0
2025-06-18 12:01:03.904170,333.3,766400.0,1082750.0
2025-06-18 12:01:04.376276,333.3,766400.0,1082750.0
2025-06-18 12:01:04.800940,333.3,766313.0,1083479.0
2025-06-18 12:01:05.194951,333.3,766313.0,1083479.0
2025-06-18 12:01:05.381239,333.25,766313.0,1083479.0
2025-06-18 12:01:05.708565,333.25,766040.0,1081299.0
2025-06-18 12:01:06.012985,333.25,766040.0,1081299.0
2025-06-18 12:01:06.372815,333.2,766040.0,1081299.0
2025-06-18 12:01:06.708121,333.25,767890.0,1083516.0
2025-06-18 12:01:07.376681,333.2,767890.0,1083516.0
2025-06-18 12:01:07.416666,333.2,767890.0,1083516.0
2025-06-18 12:01:07.805628,333.25,767827.0,1083344.0
2025-06-18 12:01:08.375041,333.25,767827.0,1083344.0
2025-06-18 12:01:08.539813,333.25,767827.0,1083344.0
2025-06-18 12:01:08.906884,333.25,767869.0,1083253.0
2025-06-18 12:01:09.370350,333.25,767869.0,1083253.0
2025-06-18 12:01:09.685076,333.25,767869.0,1083253.0
2025-06-18 12:01:10.005716,333.25,767890.0,1082994.0
2025-06-18 12:01:10.376585,333.25,767890.0,1082994.0
2025-06-18 12:01:11.007407,333.25,769535.0,1082960.0
2025-06-18 12:01:11.125020,333.25,769535.0,1082960.0
2025-06-18 12:01:11.392827,333.25,769535.0,1082960.0
2025-06-18 12:01:12.009148,333.25,765990.0,1082336.0
2025-06-18 12:01:12.377907,333.25,765990.0,1082336.0
2025-06-18 12:01:12.912290,333.25,766005.0,1082326.0
2025-06-18 12:01:13.399758,333.25,766005.0,1082326.0
2025-06-18 12:01:13.915080,333.25,766005.0,1082321.0
2025-06-18 12:01:14.375641,333.25,766005.0,1082321.0
2025-06-18 12:01:14.926127,333.25,766330.0,1082318.0
2025-06-18 12:01:15.374583,333.2,766330.0,1082318.0
2025-06-18 12:01:15.925662,333.2,767534.0,1082403.0
2025-06-18 12:01:16.416029,333.2,767534.0,1082403.0
2025-06-18 12:01:16.913305,333.25,767465.0,1082913.0
2025-06-18 12:01:17.375771,333.25,767465.0,1082913.0
2025-06-18 12:01:17.915896,333.25,767675.0,1082746.0
2025-06-18 12:01:18.372378,333.2,767675.0,1082746.0
2025-06-18 12:01:18.915788,333.2,768869.0,1082823.0
2025-06-18 12:01:19.602327,333.2,768869.0,1082823.0
2025-06-18 12:01:19.916814,333.2,764303.0,1082751.0
2025-06-18 12:01:20.409327,333.25,764303.0,1082751.0
2025-06-18 12:01:20.918631,333.25,764795.0,1082365.0
2025-06-18 12:01:21.438190,333.25,764795.0,1082365.0
2025-06-18 12:01:21.917632,333.25,764497.0,1082120.0
2025-06-18 12:01:22.392904,333.25,764497.0,1082120.0
2025-06-18 12:01:22.917776,333.25,765923.0,1083338.0
2025-06-18 12:01:23.400384,333.25,765923.0,1083338.0
2025-06-18 12:01:24.017356,333.25,765909.0,1082016.0
2025-06-18 12:01:24.387516,333.25,765909.0,1082016.0
2025-06-18 12:01:24.923927,333.25,766273.0,1082095.0
2025-06-18 12:01:25.380551,333.2,766273.0,1082095.0
2025-06-18 12:01:26.019230,333.2,764747.0,1082057.0
2025-06-18 12:01:26.385069,333.3,764747.0,1082057.0
2025-06-18 12:01:27.020849,333.3,764864.0,1081611.0
2025-06-18 12:01:27.385482,333.3,764864.0,1081611.0
2025-06-18 12:01:28.021689,333.3,764844.0,1082040.0
2025-06-18 12:01:28.405047,333.3,764844.0,1082040.0
2025-06-18 12:01:29.121269,333.3,764190.0,1081926.0
2025-06-18 12:01:29.387799,333.3,764190.0,1081926.0
2025-06-18 12:01:30.020626,333.3,764839.0,1082131.0
2025-06-18 12:01:30.586237,333.3,764839.0,1082131.0
2025-06-18 12:01:30.930787,333.3,763284.0,1082231.0
2025-06-18 12:01:31.386282,333.3,763284.0,1082231.0
2025-06-18 12:01:31.923585,333.3,764901.0,1080737.0
2025-06-18 12:01:32.375775,333.3,764901.0,1080737.0
2025-06-18 12:01:33.379483,333.3,764901.0,1080737.0
2025-06-18 12:01:33.423963,333.3,761952.0,1082130.0
2025-06-18 12:01:34.382749,333.25,761952.0,1082130.0
2025-06-18 12:01:34.429021,333.25,765955.0,1081335.0
2025-06-18 12:01:35.381194,333.25,765955.0,1081335.0
2025-06-18 12:01:35.428017,333.25,765850.0,1081559.0
2025-06-18 12:01:36.404604,333.25,765850.0,1081559.0
2025-06-18 12:01:36.434517,333.25,765468.0,1082423.0
2025-06-18 12:01:37.377789,333.25,765468.0,1082423.0
2025-06-18 12:01:37.430460,333.25,765545.0,1082177.0
2025-06-18 12:01:38.378141,333.25,765545.0,1082177.0
2025-06-18 12:01:38.431482,333.25,767000.0,1080576.0
2025-06-18 12:01:39.377523,333.25,767000.0,1080576.0
2025-06-18 12:01:39.431748,333.25,766220.0,1080160.0
2025-06-18 12:01:40.378748,333.3,766220.0,1080160.0
2025-06-18 12:01:40.429308,333.3,763162.0,1081695.0
2025-06-18 12:01:41.382862,333.3,763162.0,1081695.0
2025-06-18 12:01:41.431742,333.3,763960.0,1081588.0
2025-06-18 12:01:42.396905,333.3,763960.0,1081588.0
2025-06-18 12:01:42.432545,333.3,765315.0,1080405.0
2025-06-18 12:01:43.386281,333.25,765315.0,1080405.0
2025-06-18 12:01:43.432150,333.3,764839.0,1079281.0
2025-06-18 12:01:44.332140,333.25,763561.0,1087852.0
2025-06-18 12:01:44.376362,333.25,763561.0,1087852.0
2025-06-18 12:01:45.332344,333.25,763921.0,1081022.0
2025-06-18 12:01:45.415990,333.25,763921.0,1081022.0
2025-06-18 12:01:46.333048,333.35,770234.0,1078554.0
2025-06-18 12:01:46.384292,333.35,770234.0,1078554.0
2025-06-18 12:01:47.332836,333.4,764138.0,1076599.0
2025-06-18 12:01:47.384215,333.4,764138.0,1076599.0
2025-06-18 12:01:48.332987,333.4,768758.0,1079082.0
2025-06-18 12:01:48.383419,333.4,768758.0,1079082.0
2025-06-18 12:01:49.233274,333.25,763458.0,1088589.0
2025-06-18 12:01:49.385304,333.25,763458.0,1088589.0
2025-06-18 12:01:50.242943,333.25,769212.0,1086600.0
2025-06-18 12:01:50.377089,333.25,769212.0,1086600.0
2025-06-18 12:01:51.234608,333.3,768807.0,1085891.0
2025-06-18 12:01:51.381999,333.3,768807.0,1085891.0
2025-06-18 12:01:52.239135,333.2,768680.0,1086677.0
2025-06-18 12:01:52.386082,333.2,768680.0,1086677.0
2025-06-18 12:01:53.241150,333.3,770409.0,1085689.0
2025-06-18 12:01:53.381764,333.3,770409.0,1085689.0
2025-06-18 12:01:54.239951,333.4,767112.0,1078376.0
2025-06-18 12:01:54.385489,333.35,767112.0,1078376.0
2025-06-18 12:01:55.241039,333.4,760371.0,1083192.0
2025-06-18 12:01:55.384362,333.4,760371.0,1083192.0
2025-06-18 12:01:56.264094,333.35,762979.0,1084230.0
2025-06-18 12:01:56.384219,333.35,762979.0,1084230.0
2025-06-18 12:01:57.245422,333.45,764775.0,1079614.0
2025-06-18 12:01:57.379932,333.45,764775.0,1079614.0
2025-06-18 12:01:58.241332,333.3,765864.0,1080764.0
2025-06-18 12:01:58.384103,333.25,765864.0,1080764.0
2025-06-18 12:01:59.241882,333.3,761261.0,1081380.0
2025-06-18 12:01:59.381554,333.3,761261.0,1081380.0
2025-06-18 12:02:00.245959,333.4,762741.0,1077139.0
2025-06-18 12:02:00.404913,333.4,762741.0,1077139.0
2025-06-18 12:02:01.347906,333.4,763399.0,1080748.0
2025-06-18 12:02:01.376005,333.4,763399.0,1080748.0
2025-06-18 12:02:02.348474,333.4,762507.0,1082448.0
2025-06-18 12:02:02.374349,333.4,762507.0,1082448.0
2025-06-18 12:02:03.376756,333.3,762507.0,1082448.0
2025-06-18 12:02:03.445863,333.35,765514.0,1079615.0
2025-06-18 12:02:04.377945,333.35,765514.0,1079615.0
2025-06-18 12:02:04.446285,333.35,761405.0,1084102.0
2025-06-18 12:02:05.442148,333.35,761405.0,1084102.0
2025-06-18 12:02:05.448316,333.35,764706.0,1079415.0
2025-06-18 12:02:06.381387,333.3,764706.0,1079415.0
2025-06-18 12:02:06.447213,333.3,763034.0,1080282.0
2025-06-18 12:02:07.379720,333.35,763034.0,1080282.0
2025-06-18 12:02:07.449195,333.35,764529.0,1078021.0
2025-06-18 12:02:08.378756,333.3,764529.0,1078021.0
2025-06-18 12:02:08.448494,333.3,767075.0,1076651.0
2025-06-18 12:02:09.376409,333.3,767075.0,1076651.0
2025-06-18 12:02:09.449389,333.3,762824.0,1085255.0
2025-06-18 12:02:10.376072,333.3,762824.0,1085255.0
2025-06-18 12:02:10.549522,333.3,759018.0,1080644.0
2025-06-18 12:02:11.381415,333.3,759018.0,1080644.0
2025-06-18 12:02:11.449171,333.3,762227.0,1082391.0
2025-06-18 12:02:12.375846,333.3,762227.0,1082391.0
2025-06-18 12:02:12.553860,333.3,762575.0,1082893.0
2025-06-18 12:02:13.388390,333.3,762575.0,1082893.0
2025-06-18 12:02:13.655459,333.3,763967.0,1082918.0
2025-06-18 12:02:14.379978,333.3,763967.0,1082918.0
2025-06-18 12:02:14.752056,333.3,764045.0,1080897.0
2025-06-18 12:02:15.383116,333.25,764045.0,1080897.0
2025-06-18 12:02:15.754186,333.25,763760.0,1080943.0
2025-06-18 12:02:16.382442,333.25,763760.0,1080943.0
2025-06-18 12:02:16.657899,333.25,763617.0,1081338.0
2025-06-18 12:02:17.371194,333.3,763617.0,1081338.0
2025-06-18 12:02:17.660866,333.3,764273.0,1080634.0
2025-06-18 12:02:18.382745,333.3,764273.0,1080634.0
2025-06-18 12:02:18.658315,333.3,763378.0,1080862.0
2025-06-18 12:02:19.373025,333.3,763378.0,1080862.0
2025-06-18 12:02:19.656030,333.3,764006.0,1080754.0
2025-06-18 12:02:20.378074,333.2,764006.0,1080754.0
2025-06-18 12:02:20.657335,333.2,764903.0,1081114.0
2025-06-18 12:02:21.379103,333.25,764903.0,1081114.0
2025-06-18 12:02:21.658578,333.2,765550.0,1080652.0
2025-06-18 12:02:22.377405,333.25,765550.0,1080652.0
2025-06-18 12:02:22.658118,333.25,764061.0,1084278.0
2025-06-18 12:02:23.379089,333.25,764061.0,1084278.0
2025-06-18 12:02:23.657833,333.25,768643.0,1078573.0
2025-06-18 12:02:24.381430,333.3,768643.0,1078573.0
2025-06-18 12:02:24.658299,333.3,762696.0,1084911.0
2025-06-18 12:02:25.379787,333.3,762696.0,1084911.0
2025-06-18 12:02:25.555863,333.3,761799.0,1080128.0
2025-06-18 12:02:26.382257,333.25,761799.0,1080128.0
2025-06-18 12:02:26.658489,333.3,765571.0,1078783.0
2025-06-18 12:02:27.385927,333.3,765571.0,1078783.0
2025-06-18 12:02:27.659146,333.3,762900.0,1079153.0
2025-06-18 12:02:28.381364,333.25,762900.0,1079153.0
2025-06-18 12:02:28.757771,333.3,763199.0,1078274.0
2025-06-18 12:02:29.379105,333.3,763199.0,1078274.0
2025-06-18 12:02:29.663518,333.25,761228.0,1079251.0
2025-06-18 12:02:30.382700,333.3,761228.0,1079251.0
2025-06-18 12:02:30.759895,333.3,762447.0,1079528.0
2025-06-18 12:02:31.389139,333.3,762447.0,1079528.0
2025-06-18 12:02:31.760122,333.3,764265.0,1078997.0
2025-06-18 12:02:32.392832,333.3,764265.0,1078997.0
2025-06-18 12:02:32.760494,333.3,765217.0,1080162.0
2025-06-18 12:02:33.376812,333.3,765217.0,1080162.0
2025-06-18 12:02:33.758875,333.3,767611.0,1078907.0
2025-06-18 12:02:34.397175,333.25,767611.0,1078907.0
2025-06-18 12:02:34.759991,333.3,767666.0,1078729.0
2025-06-18 12:02:35.389497,333.25,767666.0,1078729.0
2025-06-18 12:02:35.870602,333.25,764308.0,1079295.0
2025-06-18 12:02:36.446037,333.25,764308.0,1079295.0
2025-06-18 12:02:36.872844,333.3,764363.0,1080526.0
2025-06-18 12:02:37.393258,333.3,764363.0,1080526.0
2025-06-18 12:02:37.868160,333.3,767459.0,1079167.0
2025-06-18 12:02:38.397333,333.3,767459.0,1079167.0
2025-06-18 12:02:38.878473,333.3,766363.0,1079498.0
2025-06-18 12:02:39.377781,333.3,766363.0,1079498.0
2025-06-18 12:02:39.868702,333.3,768798.0,1079378.0
2025-06-18 12:02:40.381762,333.3,768798.0,1079378.0
2025-06-18 12:02:40.871297,333.3,769685.0,1079262.0
2025-06-18 12:02:41.382820,333.3,769685.0,1079262.0
2025-06-18 12:02:41.873156,333.3,768624.0,1079249.0
2025-06-18 12:02:42.387380,333.3,768624.0,1079249.0
2025-06-18 12:02:42.877554,333.3,768648.0,1079168.0
2025-06-18 12:02:43.383162,333.3,768648.0,1079168.0
2025-06-18 12:02:43.769828,333.3,768769.0,1079155.0
2025-06-18 12:02:44.383039,333.3,768769.0,1079155.0
2025-06-18 12:02:44.879536,333.3,768741.0,1079177.0
2025-06-18 12:02:45.382144,333.25,768741.0,1079177.0
2025-06-18 12:02:45.871317,333.25,767824.0,1079082.0
2025-06-18 12:02:46.373840,333.3,767824.0,1079082.0
2025-06-18 12:02:46.877090,333.3,768650.0,1079255.0
2025-06-18 12:02:47.384420,333.3,768650.0,1079255.0
2025-06-18 12:02:47.878354,333.2,768421.0,1079651.0
2025-06-18 12:02:48.383805,333.2,768421.0,1079651.0
2025-06-18 12:02:48.770842,333.2,769061.0,1079701.0
2025-06-18 12:02:49.407688,333.3,769061.0,1079701.0
2025-06-18 12:02:49.770735,333.3,770376.0,1080534.0
2025-06-18 12:02:50.771251,333.3,768715.0,1080315.0
2025-06-18 12:02:51.409888,333.3,768715.0,1080315.0
2025-06-18 12:02:51.670357,333.3,768476.0,1079662.0
2025-06-18 12:02:52.380734,333.2,768476.0,1079662.0
2025-06-18 12:02:52.675711,333.3,767395.0,1080135.0
2025-06-18 12:02:53.406582,333.35,767395.0,1080135.0
2025-06-18 12:02:53.670748,333.35,766664.0,1079292.0
2025-06-18 12:02:54.399618,333.35,766664.0,1079292.0
2025-06-18 12:02:54.572934,333.3,767377.0,1078895.0
2025-06-18 12:02:55.405290,333.25,767377.0,1078895.0
2025-06-18 12:02:55.675131,333.3,767395.0,1078516.0
2025-06-18 12:02:56.383062,333.25,767395.0,1078516.0
2025-06-18 12:02:56.675371,333.25,769035.0,1078597.0
2025-06-18 12:02:57.382211,333.35,769035.0,1078597.0
2025-06-18 12:02:57.774704,333.35,769185.0,1079308.0
2025-06-18 12:02:58.382145,333.3,769185.0,1079308.0
2025-06-18 12:02:58.773561,333.3,769077.0,1079572.0
2025-06-18 12:02:59.376848,333.25,769077.0,1079572.0
2025-06-18 12:02:59.773851,333.25,770157.0,1079503.0
2025-06-18 12:03:00.379344,333.3,770157.0,1079503.0
2025-06-18 12:03:00.775563,333.3,769756.0,1079648.0
2025-06-18 12:03:01.403932,333.25,769756.0,1079648.0
2025-06-18 12:03:02.075810,333.3,769662.0,1079621.0
2025-06-18 12:03:02.407234,333.3,769662.0,1079621.0
2025-06-18 12:03:03.079157,333.3,769685.0,1079694.0
2025-06-18 12:03:03.402149,333.3,769685.0,1079694.0
2025-06-18 12:03:04.253288,333.3,769685.0,1079935.0
2025-06-18 12:03:04.380482,333.3,769685.0,1079935.0
2025-06-18 12:03:05.178615,333.25,769864.0,1078929.0
2025-06-18 12:03:05.380608,333.35,769864.0,1078929.0
2025-06-18 12:03:06.179793,333.3,772082.0,1078047.0
2025-06-18 12:03:06.384373,333.3,772082.0,1078047.0
2025-06-18 12:03:07.281629,333.3,763750.0,1075526.0
2025-06-18 12:03:07.386266,333.35,763750.0,1075526.0
2025-06-18 12:03:08.381594,333.3,763750.0,1075526.0
2025-06-18 12:03:08.403234,333.3,765548.0,1075215.0
2025-06-18 12:03:09.382673,333.35,765548.0,1075215.0
2025-06-18 12:03:09.423404,333.35,761768.0,1077964.0
2025-06-18 12:03:10.457214,333.3,761768.0,1077964.0
2025-06-18 12:03:10.464459,333.3,763127.0,1077470.0
2025-06-18 12:03:11.399878,333.3,763127.0,1077470.0
2025-06-18 12:03:11.481763,333.3,765583.0,1077224.0
2025-06-18 12:03:12.384374,333.3,765583.0,1077224.0
2025-06-18 12:03:12.586203,333.3,764164.0,1077176.0
2025-06-18 12:03:13.388261,333.3,764164.0,1077176.0
2025-06-18 12:03:13.584338,333.3,765118.0,1077518.0
2025-06-18 12:03:14.381482,333.3,765118.0,1077518.0
2025-06-18 12:03:14.585106,333.3,766075.0,1077120.0
2025-06-18 12:03:15.386573,333.35,766075.0,1077120.0
2025-06-18 12:03:15.585483,333.35,765063.0,1077246.0
2025-06-18 12:03:16.383974,333.3,765063.0,1077246.0
2025-06-18 12:03:16.585900,333.3,764582.0,1076173.0
2025-06-18 12:03:17.381642,333.35,764582.0,1076173.0
2025-06-18 12:03:17.587681,333.35,764778.0,1076620.0
2025-06-18 12:03:18.377752,333.35,764778.0,1076620.0
2025-06-18 12:03:18.587092,333.3,764011.0,1076073.0
2025-06-18 12:03:19.383285,333.35,764011.0,1076073.0
2025-06-18 12:03:19.588489,333.3,764256.0,1076514.0
2025-06-18 12:03:20.383978,333.25,764256.0,1076514.0
2025-06-18 12:03:20.689205,333.35,766040.0,1075534.0
2025-06-18 12:03:21.384782,333.35,766040.0,1075534.0
2025-06-18 12:03:21.789055,333.35,766644.0,1076497.0
2025-06-18 12:03:22.386064,333.35,766644.0,1076497.0
2025-06-18 12:03:22.889912,333.35,767177.0,1076126.0
2025-06-18 12:03:23.380668,333.35,767177.0,1076126.0
2025-06-18 12:03:23.989655,333.35,767502.0,1077135.0
2025-06-18 12:03:24.398600,333.35,767502.0,1077135.0
2025-06-18 12:03:24.900853,333.35,770806.0,1076952.0
2025-06-18 12:03:25.383569,333.35,770806.0,1076952.0
2025-06-18 12:03:25.925697,333.3,770362.0,1076562.0
2025-06-18 12:03:26.407098,333.3,770362.0,1076562.0
2025-06-18 12:03:26.904278,333.3,768810.0,1076353.0
2025-06-18 12:03:27.449606,333.35,768810.0,1076353.0
2025-06-18 12:03:27.906102,333.35,767923.0,1077809.0
2025-06-18 12:03:28.388268,333.35,767923.0,1077809.0
2025-06-18 12:03:28.795238,333.35,767916.0,1077767.0
2025-06-18 12:03:29.384156,333.35,767916.0,1077767.0
2025-06-18 12:03:29.796178,333.35,767921.0,1077814.0
2025-06-18 12:03:30.386720,333.35,767921.0,1077814.0
2025-06-18 12:03:30.798297,333.35,767920.0,1077917.0
2025-06-18 12:03:31.395339,333.35,767920.0,1077917.0
2025-06-18 12:03:31.795824,333.35,768207.0,1077912.0
2025-06-18 12:03:32.398906,333.35,768207.0,1077912.0
2025-06-18 12:03:32.796829,333.35,768005.0,1077426.0
2025-06-18 12:03:33.381027,333.35,768005.0,1077426.0
2025-06-18 12:03:33.799234,333.35,768197.0,1077371.0
2025-06-18 12:03:34.384078,333.35,768197.0,1077371.0
2025-06-18 12:03:34.801528,333.35,766927.0,1077407.0
2025-06-18 12:03:35.382935,333.35,766927.0,1077407.0
2025-06-18 12:03:35.905112,333.3,766306.0,1077004.0
2025-06-18 12:03:36.384093,333.3,766306.0,1077004.0
2025-06-18 12:03:36.999677,333.35,768246.0,1077137.0
2025-06-18 12:03:37.382277,333.35,768246.0,1077137.0
2025-06-18 12:03:38.001814,333.35,770041.0,1077217.0
2025-06-18 12:03:38.383832,333.35,770041.0,1077217.0
2025-06-18 12:03:39.000804,333.35,770076.0,1077179.0
2025-06-18 12:03:39.481856,333.35,770076.0,1077179.0
2025-06-18 12:03:40.006862,333.35,769694.0,1077075.0
2025-06-18 12:03:40.385958,333.35,769694.0,1077075.0
2025-06-18 12:03:41.003398,333.35,770084.0,1076912.0
2025-06-18 12:03:41.385346,333.35,770084.0,1076912.0
2025-06-18 12:03:42.105656,333.35,769886.0,1076879.0
2025-06-18 12:03:42.400639,333.35,769886.0,1076879.0
2025-06-18 12:03:43.216239,333.35,770077.0,1077395.0
2025-06-18 12:03:43.386446,333.35,770077.0,1077395.0
2025-06-18 12:03:44.207928,333.35,769822.0,1076724.0
2025-06-18 12:03:44.384581,333.35,769822.0,1076724.0
2025-06-18 12:03:45.305504,333.3,768950.0,1076510.0
2025-06-18 12:03:45.398895,333.3,768950.0,1076510.0
2025-06-18 12:03:46.395867,333.3,768950.0,1076510.0
2025-06-18 12:03:46.413217,333.3,768939.0,1076924.0
2025-06-18 12:03:47.463029,333.35,768939.0,1076924.0
2025-06-18 12:03:47.470837,333.35,768958.0,1076949.0
2025-06-18 12:03:48.384111,333.35,768958.0,1076949.0
2025-06-18 12:03:48.415778,333.35,768928.0,1076992.0
2025-06-18 12:03:49.401606,333.35,768928.0,1076992.0
2025-06-18 12:03:49.422928,333.35,767741.0,1076939.0
2025-06-18 12:03:50.386358,333.35,767741.0,1076939.0
2025-06-18 12:03:50.415913,333.35,767862.0,1076882.0
2025-06-18 12:03:51.385117,333.35,767862.0,1076882.0
2025-06-18 12:03:51.431406,333.35,767827.0,1075777.0
2025-06-18 12:03:52.405955,333.35,767827.0,1075777.0
2025-06-18 12:03:52.429891,333.35,765650.0,1075824.0
2025-06-18 12:03:53.387516,333.35,765650.0,1075824.0
2025-06-18 12:03:53.432152,333.35,767320.0,1075587.0
2025-06-18 12:03:54.389655,333.35,767320.0,1075587.0
2025-06-18 12:03:54.418129,333.35,767294.0,1074379.0
2025-06-18 12:03:55.388491,333.3,767294.0,1074379.0
2025-06-18 12:03:55.420556,333.3,769772.0,1073025.0
2025-06-18 12:03:55.905929,333.3,769772.0,1073025.0
2025-06-18 12:03:56.398901,333.3,769772.0,1073025.0
2025-06-18 12:03:56.418343,333.3,774956.0,1074572.0
2025-06-18 12:03:57.086820,333.3,774956.0,1074572.0
2025-06-18 12:03:57.391521,333.4,774956.0,1074572.0
2025-06-18 12:03:57.419917,333.4,774137.0,1074527.0
2025-06-18 12:03:58.016628,333.4,774137.0,1074527.0
2025-06-18 12:03:58.388286,333.4,774137.0,1074527.0
2025-06-18 12:03:58.415319,333.4,774350.0,1074647.0
2025-06-18 12:03:58.995441,333.4,774350.0,1074647.0
2025-06-18 12:03:59.383517,333.4,774350.0,1074647.0
2025-06-18 12:03:59.419461,333.4,774434.0,1074626.0
2025-06-18 12:03:59.898631,333.4,774434.0,1074626.0
2025-06-18 12:04:00.389757,333.4,774434.0,1074626.0
2025-06-18 12:04:00.423940,333.4,774689.0,1074739.0
2025-06-18 12:04:00.797987,333.4,774689.0,1074739.0
2025-06-18 12:04:01.389704,333.4,774689.0,1074739.0
2025-06-18 12:04:01.719461,333.4,774948.0,1074725.0
2025-06-18 12:04:01.964534,333.4,774948.0,1074725.0
2025-06-18 12:04:02.390259,333.4,774948.0,1074725.0
2025-06-18 12:04:02.542725,333.4,774948.0,1074725.0
2025-06-18 12:04:02.819224,333.4,774762.0,1074719.0
2025-06-18 12:04:02.979778,333.4,774762.0,1074719.0
2025-06-18 12:04:03.411264,333.4,774762.0,1074719.0
2025-06-18 12:04:03.490260,333.4,774762.0,1074719.0
2025-06-18 12:04:03.720766,333.4,775070.0,1074624.0
2025-06-18 12:04:03.873658,333.4,775070.0,1074624.0
2025-06-18 12:04:04.389278,333.3,775070.0,1074624.0
2025-06-18 12:04:04.765262,333.3,775070.0,1074624.0
2025-06-18 12:04:04.821027,333.4,777219.0,1074632.0
2025-06-18 12:04:05.402871,333.4,777219.0,1074632.0
2025-06-18 12:04:05.822400,333.35,778946.0,1074039.0
2025-06-18 12:04:06.035037,333.35,778946.0,1074039.0
2025-06-18 12:04:06.438113,333.35,778946.0,1074039.0
2025-06-18 12:04:06.822154,333.4,780304.0,1073987.0
2025-06-18 12:04:06.917751,333.4,780304.0,1073987.0
2025-06-18 12:04:07.388495,333.4,780304.0,1073987.0
2025-06-18 12:04:07.724992,333.4,780414.0,1073870.0
2025-06-18 12:04:08.339027,333.4,780414.0,1073870.0
2025-06-18 12:04:08.388788,333.4,780414.0,1073870.0
2025-06-18 12:04:08.726990,333.4,779906.0,1074168.0
2025-06-18 12:04:09.389095,333.4,779906.0,1074168.0
2025-06-18 12:04:09.485096,333.4,779906.0,1074168.0
2025-06-18 12:04:09.826526,333.35,780347.0,1074018.0
2025-06-18 12:04:10.388657,333.4,780347.0,1074018.0
2025-06-18 12:04:10.621179,333.4,780347.0,1074018.0
2025-06-18 12:04:10.927691,333.4,780388.0,1074009.0
2025-06-18 12:04:11.392306,333.4,780388.0,1074009.0
2025-06-18 12:04:12.028307,333.4,780342.0,1074101.0
2025-06-18 12:04:12.075746,333.4,780342.0,1074101.0
2025-06-18 12:04:12.389815,333.4,780342.0,1074101.0
2025-06-18 12:04:12.928647,333.4,779006.0,1074177.0
2025-06-18 12:04:13.385001,333.4,779006.0,1074177.0
2025-06-18 12:04:14.032765,333.4,779005.0,1074180.0
2025-06-18 12:04:14.391378,333.4,779005.0,1074180.0
2025-06-18 12:04:15.030322,333.4,778601.0,1072731.0
2025-06-18 12:04:15.601511,333.35,778601.0,1072731.0
2025-06-18 12:04:16.040664,333.35,779588.0,1073616.0
2025-06-18 12:04:16.387721,333.35,779588.0,1073616.0
2025-06-18 12:04:16.932000,333.4,778295.0,1073574.0
2025-06-18 12:04:17.401038,333.4,778295.0,1073574.0
2025-06-18 12:04:18.034194,333.4,779620.0,1073863.0
2025-06-18 12:04:18.429480,333.4,779620.0,1073863.0
2025-06-18 12:04:19.038389,333.35,779625.0,1073177.0
2025-06-18 12:04:19.392666,333.4,779625.0,1073177.0
2025-06-18 12:04:20.138062,333.4,783464.0,1073950.0
2025-06-18 12:04:20.389017,333.4,783464.0,1073950.0
2025-06-18 12:04:21.241749,333.4,780991.0,1073235.0
2025-06-18 12:04:21.387935,333.35,780991.0,1073235.0
2025-06-18 12:04:22.238478,333.4,782669.0,1073196.0
2025-06-18 12:04:22.390643,333.4,782669.0,1073196.0
2025-06-18 12:04:23.608830,333.35,781676.0,1072918.0
2025-06-18 12:04:23.611074,333.35,781676.0,1072918.0
2025-06-18 12:04:24.414065,333.4,781676.0,1072918.0
2025-06-18 12:04:24.440416,333.4,782336.0,1072880.0
2025-06-18 12:04:25.392801,333.4,782336.0,1072880.0
2025-06-18 12:04:25.441112,333.4,781774.0,1072294.0
2025-06-18 12:04:26.340089,333.4,784266.0,1071056.0
2025-06-18 12:04:26.417402,333.4,784266.0,1071056.0
2025-06-18 12:04:27.413832,333.45,784266.0,1071056.0
2025-06-18 12:04:27.541716,333.45,785489.0,1069857.0
2025-06-18 12:04:28.407184,333.45,785489.0,1069857.0
2025-06-18 12:04:28.642319,333.45,785824.0,1068908.0
2025-06-18 12:04:29.396511,333.45,785824.0,1068908.0
2025-06-18 12:04:29.743745,333.45,785576.0,1068616.0
2025-06-18 12:04:30.398365,333.45,785576.0,1068616.0
2025-06-18 12:04:30.845798,333.45,787705.0,1067882.0
2025-06-18 12:04:31.392680,333.5,787705.0,1067882.0
2025-06-18 12:04:31.744731,333.5,786925.0,1067976.0
2025-06-18 12:04:32.429238,333.5,786925.0,1067976.0
2025-06-18 12:04:32.845522,333.5,784375.0,1068002.0
2025-06-18 12:04:33.391282,333.5,784375.0,1068002.0
2025-06-18 12:04:33.944779,333.5,784979.0,1067950.0
2025-06-18 12:04:34.414492,333.5,784979.0,1067950.0
2025-06-18 12:04:35.057618,333.45,786401.0,1067583.0
2025-06-18 12:04:35.394971,333.45,786401.0,1067583.0
2025-06-18 12:04:36.055732,333.45,784975.0,1067290.0
2025-06-18 12:04:36.419986,333.5,784975.0,1067290.0
2025-06-18 12:04:37.152797,333.5,784712.0,1067194.0
2025-06-18 12:04:37.403576,333.5,784712.0,1067194.0
2025-06-18 12:04:38.249594,333.5,787679.0,1067303.0
2025-06-18 12:04:38.391853,333.5,787679.0,1067303.0
2025-06-18 12:04:39.351661,333.5,787233.0,1067270.0
2025-06-18 12:04:39.443247,333.5,787233.0,1067270.0
2025-06-18 12:04:40.437709,333.5,787233.0,1067270.0
2025-06-18 12:04:40.481659,333.5,787479.0,1067265.0
2025-06-18 12:04:41.389087,333.45,787479.0,1067265.0
2025-06-18 12:04:41.558678,333.45,787394.0,1066597.0
2025-06-18 12:04:42.397838,333.5,787394.0,1066597.0
2025-06-18 12:04:42.552685,333.5,789446.0,1066083.0
2025-06-18 12:04:43.419001,333.55,789446.0,1066083.0
2025-06-18 12:04:43.705118,333.6,791752.0,1062177.0
2025-06-18 12:04:44.411226,333.6,791752.0,1062177.0
2025-06-18 12:04:44.752578,333.6,790442.0,1063046.0
2025-06-18 12:04:45.417264,333.55,790442.0,1063046.0
2025-06-18 12:04:45.754645,333.55,790328.0,1068104.0
2025-06-18 12:04:46.448939,333.5,790328.0,1068104.0
2025-06-18 12:04:46.754667,333.5,790768.0,1068596.0
2025-06-18 12:04:47.396558,333.5,790768.0,1068596.0
2025-06-18 12:04:47.756281,333.5,788959.0,1064582.0
2025-06-18 12:04:48.864031,333.45,788701.0,1064837.0
2025-06-18 12:04:49.392323,333.5,788701.0,1064837.0
2025-06-18 12:04:49.861504,333.5,788956.0,1065412.0
2025-06-18 12:04:50.412094,333.5,788956.0,1065412.0
2025-06-18 12:04:50.867693,333.5,792351.0,1065827.0
2025-06-18 12:04:51.409492,333.45,792351.0,1065827.0
2025-06-18 12:04:51.961147,333.6,793582.0,1066813.0
2025-06-18 12:04:52.392615,333.45,793582.0,1066813.0
2025-06-18 12:04:53.060723,333.6,792499.0,1066605.0
2025-06-18 12:04:53.427784,333.6,792499.0,1066605.0
2025-06-18 12:04:54.173358,333.6,793458.0,1065146.0
2025-06-18 12:04:54.394359,333.6,793458.0,1065146.0
2025-06-18 12:04:55.167537,333.6,793834.0,1065760.0
2025-06-18 12:04:55.388112,333.55,793834.0,1065760.0
2025-06-18 12:04:56.262132,333.45,795745.0,1057226.0
2025-06-18 12:04:56.395865,333.45,795745.0,1057226.0
2025-06-18 12:04:57.373400,333.6,794467.0,1063112.0
2025-06-18 12:04:57.393356,333.6,794467.0,1063112.0
2025-06-18 12:04:58.370440,333.65,797548.0,1061618.0
2025-06-18 12:04:58.391486,333.65,797548.0,1061618.0
2025-06-18 12:04:59.396634,333.65,797548.0,1061618.0
2025-06-18 12:04:59.462751,333.65,797368.0,1059893.0
2025-06-18 12:05:00.422070,333.6,797368.0,1059893.0
2025-06-18 12:05:00.564874,333.55,795448.0,1059705.0
2025-06-18 12:05:01.406983,333.6,795448.0,1059705.0
2025-06-18 12:05:01.871968,333.6,795393.0,1058648.0
2025-06-18 12:05:02.430262,333.6,795393.0,1058648.0
2025-06-18 12:05:03.374531,333.6,795025.0,1059715.0
2025-06-18 12:05:03.422459,333.6,795025.0,1059715.0
2025-06-18 12:05:04.472258,333.6,795025.0,1059715.0
2025-06-18 12:05:04.478431,333.6,794865.0,1058990.0
2025-06-18 12:05:05.404792,333.6,794865.0,1058990.0
2025-06-18 12:05:05.469396,333.55,791786.0,1058557.0
2025-06-18 12:05:06.610611,333.5,791786.0,1058557.0
2025-06-18 12:05:06.612149,333.5,793235.0,1060061.0
2025-06-18 12:05:07.404381,333.55,793235.0,1060061.0
2025-06-18 12:05:07.472220,333.55,793782.0,1058762.0
2025-06-18 12:05:08.474113,333.55,793816.0,1060002.0
2025-06-18 12:05:09.401993,333.55,793816.0,1060002.0
2025-06-18 12:05:09.672064,333.6,792804.0,1058287.0
2025-06-18 12:05:10.429123,333.6,792804.0,1058287.0
2025-06-18 12:05:10.672968,333.6,791818.0,1058544.0
2025-06-18 12:05:11.416204,333.6,791818.0,1058544.0
2025-06-18 12:05:11.771732,333.6,794186.0,1058156.0
2025-06-18 12:05:12.398029,333.6,794186.0,1058156.0
2025-06-18 12:05:12.776608,333.6,792853.0,1058147.0
2025-06-18 12:05:13.446832,333.6,792853.0,1058147.0
2025-06-18 12:05:13.976426,333.55,792931.0,1060356.0
2025-06-18 12:05:14.430462,333.55,792931.0,1060356.0
2025-06-18 12:05:15.075027,333.6,793181.0,1061056.0
2025-06-18 12:05:15.432053,333.6,793181.0,1061056.0
2025-06-18 12:05:15.981457,333.5,790434.0,1065980.0
2025-06-18 12:05:16.438374,333.5,790434.0,1065980.0
2025-06-18 12:05:17.076501,333.55,791397.0,1066968.0
2025-06-18 12:05:18.125694,333.55,791397.0,1066968.0
2025-06-18 12:05:18.183106,333.55,791955.0,1066948.0
2025-06-18 12:05:19.279733,333.55,790765.0,1065862.0
2025-06-18 12:05:19.415207,333.55,790765.0,1065862.0
2025-06-18 12:05:20.079440,333.55,790922.0,1066104.0
2025-06-18 12:05:20.442273,333.5,790922.0,1066104.0
2025-06-18 12:05:21.080355,333.55,790924.0,1065905.0
2025-06-18 12:05:21.439500,333.55,790924.0,1065905.0
2025-06-18 12:05:22.079235,333.55,790447.0,1066692.0
2025-06-18 12:05:22.438427,333.5,790447.0,1066692.0
2025-06-18 12:05:23.185304,333.55,790357.0,1066672.0
2025-06-18 12:05:23.411395,333.55,790357.0,1066672.0
2025-06-18 12:05:24.188898,333.55,792042.0,1065735.0
2025-06-18 12:05:24.398003,333.55,792042.0,1065735.0
2025-06-18 12:05:25.184748,333.55,791847.0,1066553.0
2025-06-18 12:05:25.432626,333.55,791847.0,1066553.0
2025-06-18 12:05:26.188952,333.45,790242.0,1066113.0
2025-06-18 12:05:26.603266,333.45,790242.0,1066113.0
2025-06-18 12:05:27.192405,333.5,790858.0,1065524.0
2025-06-18 12:05:27.445039,333.5,790858.0,1065524.0
2025-06-18 12:05:28.282571,333.5,789514.0,1066140.0
2025-06-18 12:05:28.417255,333.5,789514.0,1066140.0
2025-06-18 12:05:29.626889,333.45,791411.0,1066267.0
2025-06-18 12:05:29.627902,333.45,791411.0,1066267.0
2025-06-18 12:05:30.430646,333.5,791411.0,1066267.0
2025-06-18 12:05:30.482767,333.5,791412.0,1065270.0
2025-06-18 12:05:31.439206,333.5,791412.0,1065270.0
2025-06-18 12:05:31.483562,333.5,788476.0,1066644.0
2025-06-18 12:05:32.408010,333.5,788476.0,1066644.0
2025-06-18 12:05:32.485989,333.5,788465.0,1066624.0
2025-06-18 12:05:33.438213,333.5,788465.0,1066624.0
2025-06-18 12:05:33.491282,333.5,790836.0,1066617.0
2025-06-18 12:05:34.429559,333.5,790836.0,1066617.0
2025-06-18 12:05:34.487713,333.5,789433.0,1066511.0
2025-06-18 12:05:35.449312,333.45,789433.0,1066511.0
2025-06-18 12:05:35.488633,333.45,788582.0,1066557.0
2025-06-18 12:05:36.431086,333.55,788582.0,1066557.0
2025-06-18 12:05:36.489802,333.55,789181.0,1065196.0
2025-06-18 12:05:37.491285,333.55,789181.0,1065196.0
2025-06-18 12:05:37.493061,333.55,788534.0,1066265.0
2025-06-18 12:05:38.451314,333.55,788534.0,1066265.0
2025-06-18 12:05:38.491696,333.55,789862.0,1065265.0
2025-06-18 12:05:39.421498,333.55,789862.0,1065265.0
2025-06-18 12:05:39.493183,333.55,788994.0,1066581.0
2025-06-18 12:05:40.399686,333.55,788994.0,1066581.0
2025-06-18 12:05:40.592328,333.55,789403.0,1066580.0
2025-06-18 12:05:41.397838,333.55,789403.0,1066580.0
2025-06-18 12:05:41.592917,333.55,788918.0,1066516.0
2025-06-18 12:05:42.437267,333.55,788918.0,1066516.0
2025-06-18 12:05:42.592459,333.55,788844.0,1066551.0
2025-06-18 12:05:43.450594,333.55,788844.0,1066551.0
2025-06-18 12:05:43.593148,333.55,786567.0,1066068.0
2025-06-18 12:05:44.403990,333.55,786567.0,1066068.0
2025-06-18 12:05:44.692913,333.55,786683.0,1065877.0
2025-06-18 12:05:45.404041,333.55,786683.0,1065877.0
2025-06-18 12:05:45.692906,333.55,786726.0,1065307.0
2025-06-18 12:05:46.627265,333.5,786726.0,1065307.0
2025-06-18 12:05:46.693190,333.55,786439.0,1066237.0
2025-06-18 12:05:47.436351,333.55,786439.0,1066237.0
2025-06-18 12:05:47.693054,333.55,789804.0,1066202.0
2025-06-18 12:05:48.406862,333.55,789804.0,1066202.0
2025-06-18 12:05:48.695096,333.5,788250.0,1068629.0
2025-06-18 12:05:49.402691,333.55,788250.0,1068629.0
2025-06-18 12:05:49.694934,333.55,788569.0,1068586.0
2025-06-18 12:05:50.440768,333.55,788569.0,1068586.0
2025-06-18 12:05:50.797938,333.55,788249.0,1071486.0
2025-06-18 12:05:51.426947,333.55,788249.0,1071486.0
2025-06-18 12:05:51.796798,333.55,790136.0,1071537.0
2025-06-18 12:05:52.425042,333.55,790136.0,1071537.0
2025-06-18 12:05:52.740181,333.55,789697.0,1072058.0
2025-06-18 12:05:53.800944,333.55,790254.0,1071855.0
2025-06-18 12:05:54.411476,333.55,790254.0,1071855.0
2025-06-18 12:05:54.699865,333.55,790261.0,1072637.0
2025-06-18 12:05:55.408596,333.55,790261.0,1072637.0
2025-06-18 12:05:55.801301,333.45,788359.0,1069099.0
2025-06-18 12:05:56.398958,333.45,788359.0,1069099.0
2025-06-18 12:05:56.801002,333.5,787639.0,1076609.0
2025-06-18 12:05:57.414135,333.5,787639.0,1076609.0
2025-06-18 12:05:57.699662,333.5,787948.0,1076465.0
2025-06-18 12:05:58.406299,333.5,787948.0,1076465.0
2025-06-18 12:05:58.700454,333.5,789740.0,1068921.0
2025-06-18 12:05:59.405942,333.55,789740.0,1068921.0
2025-06-18 12:05:59.704706,333.55,790053.0,1070069.0
2025-06-18 12:06:00.420558,333.55,790053.0,1070069.0
2025-06-18 12:06:00.702209,333.55,789081.0,1070459.0
2025-06-18 12:06:01.412556,333.55,789081.0,1070459.0
2025-06-18 12:06:01.916339,333.55,789557.0,1069616.0
2025-06-18 12:06:02.423444,333.55,789557.0,1069616.0
2025-06-18 12:06:03.007332,333.55,790751.0,1070236.0
2025-06-18 12:06:03.423976,333.55,790751.0,1070236.0
2025-06-18 12:06:04.004795,333.55,790565.0,1070228.0
2025-06-18 12:06:04.417456,333.55,790565.0,1070228.0
2025-06-18 12:06:04.916518,333.55,790566.0,1070505.0
2025-06-18 12:06:05.607802,333.5,790566.0,1070505.0
2025-06-18 12:06:05.913141,333.45,789274.0,1069515.0
2025-06-18 12:06:06.399266,333.5,789274.0,1069515.0
2025-06-18 12:06:06.906541,333.5,789165.0,1069556.0
2025-06-18 12:06:07.423418,333.5,789165.0,1069556.0
2025-06-18 12:06:07.913595,333.5,790736.0,1069744.0
2025-06-18 12:06:08.414165,333.55,790736.0,1069744.0
2025-06-18 12:06:08.919306,333.55,791499.0,1069766.0
2025-06-18 12:06:09.424575,333.55,791499.0,1069766.0
2025-06-18 12:06:09.919121,333.55,790648.0,1069722.0
2025-06-18 12:06:10.481202,333.45,790648.0,1069722.0
2025-06-18 12:06:10.919463,333.55,790901.0,1069395.0
2025-06-18 12:06:11.435469,333.45,790901.0,1069395.0
2025-06-18 12:06:11.920493,333.55,790759.0,1069324.0
2025-06-18 12:06:12.434659,333.55,790759.0,1069324.0
2025-06-18 12:06:12.812007,333.5,789823.0,1069696.0
2025-06-18 12:06:13.419398,333.5,789823.0,1069696.0
2025-06-18 12:06:13.811810,333.5,790548.0,1069164.0
2025-06-18 12:06:14.415452,333.5,790548.0,1069164.0
2025-06-18 12:06:14.712750,333.55,790538.0,1070086.0
2025-06-18 12:06:15.407052,333.5,790538.0,1070086.0
2025-06-18 12:06:15.715218,333.5,789791.0,1069021.0
2025-06-18 12:06:16.412726,333.5,789791.0,1069021.0
2025-06-18 12:06:16.713061,333.5,789480.0,1069305.0
2025-06-18 12:06:17.443023,333.5,789480.0,1069305.0
2025-06-18 12:06:17.613614,333.5,789303.0,1069321.0
2025-06-18 12:06:18.450925,333.5,789303.0,1069321.0
2025-06-18 12:06:18.714706,333.5,788381.0,1074556.0
2025-06-18 12:06:19.417255,333.5,788381.0,1074556.0
2025-06-18 12:06:19.714181,333.5,788380.0,1074518.0
2025-06-18 12:06:20.424915,333.5,788380.0,1074518.0
2025-06-18 12:06:20.716075,333.5,788381.0,1074516.0
2025-06-18 12:06:21.420785,333.5,788381.0,1074516.0
2025-06-18 12:06:21.715234,333.5,788380.0,1074500.0
2025-06-18 12:06:22.435916,333.5,788380.0,1074500.0
2025-06-18 12:06:22.821094,333.5,788380.0,1074014.0
2025-06-18 12:06:23.416937,333.5,788380.0,1074014.0
2025-06-18 12:06:23.821358,333.5,788426.0,1073535.0
2025-06-18 12:06:24.435448,333.5,788426.0,1073535.0
2025-06-18 12:06:24.924507,333.5,788425.0,1073533.0
2025-06-18 12:06:25.435309,333.45,788425.0,1073533.0
2025-06-18 12:06:25.924241,333.45,778714.0,1052145.0
2025-06-18 12:06:26.406255,333.5,778714.0,1052145.0
2025-06-18 12:06:26.921791,333.5,779895.0,1067343.0
2025-06-18 12:06:27.415738,333.5,779895.0,1067343.0
2025-06-18 12:06:27.919766,333.5,780264.0,1066705.0
2025-06-18 12:06:28.406114,333.6,780264.0,1066705.0
2025-06-18 12:06:28.922183,333.6,793169.0,1065797.0
2025-06-18 12:06:29.482522,333.6,793169.0,1065797.0
2025-06-18 12:06:29.924057,333.55,785414.0,1066315.0
2025-06-18 12:06:30.432823,333.55,785414.0,1066315.0
2025-06-18 12:06:30.926213,333.55,786989.0,1068012.0
2025-06-18 12:06:31.412683,333.55,786989.0,1068012.0
2025-06-18 12:06:31.926749,333.55,788157.0,1067961.0
2025-06-18 12:06:32.423320,333.55,788157.0,1067961.0
2025-06-18 12:06:32.924611,333.55,788525.0,1067826.0
2025-06-18 12:06:33.425042,333.55,788525.0,1067826.0
2025-06-18 12:06:33.927402,333.55,789078.0,1068688.0
2025-06-18 12:06:34.416851,333.55,789078.0,1068688.0
2025-06-18 12:06:34.930264,333.55,789077.0,1068628.0
2025-06-18 12:06:35.416479,333.5,789077.0,1068628.0
2025-06-18 12:06:36.447843,333.4,789077.0,1068628.0
2025-06-18 12:06:36.454267,333.4,782199.0,1070469.0
2025-06-18 12:06:37.449816,333.45,782199.0,1070469.0
2025-06-18 12:06:37.622171,333.45,785606.0,1071304.0
2025-06-18 12:06:38.424539,333.45,785606.0,1071304.0
2025-06-18 12:06:38.559623,333.45,787895.0,1071089.0
2025-06-18 12:06:39.418069,333.4,787895.0,1071089.0
2025-06-18 12:06:39.522995,333.4,787091.0,1070954.0
2025-06-18 12:06:40.436405,333.45,787091.0,1070954.0
2025-06-18 12:06:40.522540,333.45,783914.0,1070036.0
2025-06-18 12:06:41.434260,333.45,783914.0,1070036.0
2025-06-18 12:06:41.624061,333.45,785287.0,1072587.0
2025-06-18 12:06:42.433137,333.45,785287.0,1072587.0
2025-06-18 12:06:42.525649,333.45,785406.0,1072550.0
2025-06-18 12:06:43.440432,333.45,785406.0,1072550.0
2025-06-18 12:06:43.526637,333.45,785153.0,1071683.0
2025-06-18 12:06:44.405542,333.45,785153.0,1071683.0
2025-06-18 12:06:44.526475,333.45,785309.0,1074621.0
2025-06-18 12:06:45.431107,333.4,785309.0,1074621.0
2025-06-18 12:06:45.528646,333.4,785267.0,1073985.0
2025-06-18 12:06:46.430297,333.45,785267.0,1073985.0
2025-06-18 12:06:46.530762,333.45,784487.0,1074415.0
2025-06-18 12:06:47.431080,333.45,784487.0,1074415.0
2025-06-18 12:06:47.632193,333.45,786430.0,1073486.0
2025-06-18 12:06:48.420886,333.45,786430.0,1073486.0
2025-06-18 12:06:48.630044,333.45,786609.0,1074630.0
2025-06-18 12:06:49.627436,333.45,786609.0,1074630.0
2025-06-18 12:06:49.636330,333.55,787229.0,1070135.0
2025-06-18 12:06:50.436987,333.55,787229.0,1070135.0
2025-06-18 12:06:50.731129,333.5,787504.0,1069200.0
2025-06-18 12:06:51.421699,333.55,787504.0,1069200.0
2025-06-18 12:06:51.732106,333.55,785026.0,1069110.0
2025-06-18 12:06:52.453980,333.55,785026.0,1069110.0
2025-06-18 12:06:52.734071,333.55,784290.0,1069717.0
2025-06-18 12:06:53.405915,333.5,784290.0,1069717.0
2025-06-18 12:06:53.634124,333.5,785709.0,1069242.0
2025-06-18 12:06:54.628520,333.45,785709.0,1069242.0
2025-06-18 12:06:54.634808,333.45,783263.0,1077024.0
2025-06-18 12:06:55.424825,333.45,783263.0,1077024.0
2025-06-18 12:06:55.733799,333.45,785260.0,1071524.0
2025-06-18 12:06:56.334215,333.45,785260.0,1071524.0
2025-06-18 12:06:56.619172,333.45,785260.0,1071524.0
2025-06-18 12:06:56.835623,333.45,784851.0,1069897.0
2025-06-18 12:06:57.424333,333.45,784851.0,1069897.0
2025-06-18 12:06:57.447103,333.45,784851.0,1069897.0
2025-06-18 12:06:57.837541,333.45,784739.0,1071371.0
2025-06-18 12:06:58.425568,333.45,784739.0,1071371.0
2025-06-18 12:06:58.497934,333.45,784739.0,1071371.0
2025-06-18 12:06:58.836775,333.45,786254.0,1069172.0
2025-06-18 12:06:59.355983,333.45,786254.0,1069172.0
2025-06-18 12:06:59.438477,333.45,786254.0,1069172.0
2025-06-18 12:06:59.839393,333.5,785724.0,1071895.0
2025-06-18 12:07:00.263819,333.5,785724.0,1071895.0
2025-06-18 12:07:00.405481,333.5,785724.0,1071895.0
2025-06-18 12:07:01.105659,333.5,785724.0,1071895.0
2025-06-18 12:07:01.400167,333.5,785724.0,1071895.0
2025-06-18 12:07:02.039599,333.5,786390.0,1071434.0
2025-06-18 12:07:02.201247,333.5,786390.0,1071434.0
2025-06-18 12:07:02.465569,333.5,786390.0,1071434.0
2025-06-18 12:07:02.782385,333.5,786390.0,1071434.0
2025-06-18 12:07:02.948557,333.5,786217.0,1070681.0
2025-06-18 12:07:03.257183,333.5,786217.0,1070681.0
2025-06-18 12:07:03.447137,333.5,786217.0,1070681.0
2025-06-18 12:07:03.758451,333.5,786217.0,1070681.0
2025-06-18 12:07:04.143875,333.5,786217.0,1070681.0
2025-06-18 12:07:04.466780,333.45,786217.0,1070681.0
2025-06-18 12:07:04.639496,333.45,786092.0,1070771.0
2025-06-18 12:07:05.024271,333.45,786092.0,1070771.0
2025-06-18 12:07:05.444240,333.5,786092.0,1070771.0
2025-06-18 12:07:05.641671,333.5,786329.0,1070633.0
2025-06-18 12:07:06.295811,333.5,786329.0,1070633.0
2025-06-18 12:07:06.448621,333.45,786329.0,1070633.0
2025-06-18 12:07:06.543991,333.45,778840.0,1068890.0
2025-06-18 12:07:07.163957,333.45,778840.0,1068890.0
2025-06-18 12:07:07.414191,333.5,778840.0,1068890.0
2025-06-18 12:07:07.650425,333.55,786909.0,1055224.0
2025-06-18 12:07:08.424862,333.55,786909.0,1055224.0
2025-06-18 12:07:08.579411,333.55,786909.0,1055224.0
2025-06-18 12:07:08.651784,333.55,788535.0,1070233.0
2025-06-18 12:07:09.441112,333.55,788535.0,1070233.0
2025-06-18 12:07:09.732097,333.55,788535.0,1070233.0
2025-06-18 12:07:09.747741,333.55,786934.0,1070141.0
2025-06-18 12:07:10.417617,333.45,786934.0,1070141.0
2025-06-18 12:07:10.849069,333.45,790381.0,1070014.0
2025-06-18 12:07:10.882987,333.45,790381.0,1070014.0
2025-06-18 12:07:11.439073,333.55,790381.0,1070014.0
2025-06-18 12:07:11.947825,333.55,790278.0,1069492.0
2025-06-18 12:07:12.400411,333.55,790278.0,1069492.0
2025-06-18 12:07:12.417446,333.55,790278.0,1069492.0
2025-06-18 12:07:12.951967,333.5,788341.0,1066801.0
2025-06-18 12:07:13.411374,333.55,788341.0,1066801.0
2025-06-18 12:07:14.049939,333.55,789485.0,1068375.0
2025-06-18 12:07:14.403649,333.55,789485.0,1068375.0
2025-06-18 12:07:15.155842,333.5,789530.0,1068263.0
2025-06-18 12:07:15.412542,333.5,789530.0,1068263.0
2025-06-18 12:07:16.253763,333.45,790461.0,1068028.0
2025-06-18 12:07:16.416308,333.45,790461.0,1068028.0
2025-06-18 12:07:17.158978,333.5,789543.0,1067872.0
2025-06-18 12:07:17.433052,333.5,789543.0,1067872.0
2025-06-18 12:07:18.253062,333.5,788809.0,1068314.0
2025-06-18 12:07:18.615553,333.5,788809.0,1068314.0
2025-06-18 12:07:19.254091,333.55,788687.0,1069064.0
2025-06-18 12:07:19.419991,333.55,788687.0,1069064.0
2025-06-18 12:07:20.254504,333.55,788972.0,1069100.0
2025-06-18 12:07:20.429657,333.55,788972.0,1069100.0
2025-06-18 12:07:21.354107,333.55,789301.0,1069213.0
2025-06-18 12:07:21.421117,333.55,789301.0,1069213.0
2025-06-18 12:07:22.257233,333.55,789530.0,1069476.0
2025-06-18 12:07:22.458284,333.55,789530.0,1069476.0
2025-06-18 12:07:23.260486,333.55,789701.0,1069528.0
2025-06-18 12:07:24.357457,333.55,790566.0,1067390.0
2025-06-18 12:07:24.523272,333.55,790566.0,1067390.0
2025-06-18 12:07:25.660568,333.55,788982.0,1068975.0
2025-06-18 12:07:26.429730,333.45,788982.0,1068975.0
2025-06-18 12:07:26.460167,333.45,788420.0,1068882.0
2025-06-18 12:07:27.449690,333.5,788420.0,1068882.0
2025-06-18 12:07:27.567004,333.55,787334.0,1067446.0
2025-06-18 12:07:28.624549,333.55,787334.0,1067446.0
2025-06-18 12:07:28.629081,333.5,787614.0,1073114.0
2025-06-18 12:07:30.447128,333.5,787614.0,1073114.0
2025-06-18 12:07:30.458325,333.5,788182.0,1069711.0
2025-06-18 12:07:30.640495,333.55,788182.0,1069711.0
2025-06-18 12:07:30.759313,333.55,788259.0,1069572.0
2025-06-18 12:07:31.662552,333.55,788259.0,1069572.0
2025-06-18 12:07:31.760179,333.55,787631.0,1069507.0
2025-06-18 12:07:32.628920,333.55,787631.0,1069507.0
2025-06-18 12:07:32.861334,333.55,787972.0,1069360.0
2025-06-18 12:07:33.859743,333.55,787644.0,1069339.0
2025-06-18 12:07:34.436297,333.55,787644.0,1069339.0
2025-06-18 12:07:34.864848,333.5,787090.0,1069252.0
2025-06-18 12:07:35.500441,333.45,787090.0,1069252.0
2025-06-18 12:07:35.963236,333.45,787109.0,1069262.0
2025-06-18 12:07:36.629060,333.45,787109.0,1069262.0
2025-06-18 12:07:37.065059,333.5,785961.0,1069350.0
2025-06-18 12:07:37.424792,333.5,785961.0,1069350.0
2025-06-18 12:07:38.181826,333.5,785703.0,1070297.0
2025-06-18 12:07:38.475393,333.5,785703.0,1070297.0
2025-06-18 12:07:39.065317,333.5,785689.0,1071311.0
2025-06-18 12:07:39.488658,333.5,785689.0,1071311.0
2025-06-18 12:07:40.065482,333.5,785708.0,1071223.0
2025-06-18 12:07:40.628026,333.45,785708.0,1071223.0
2025-06-18 12:07:41.194993,333.5,785205.0,1071167.0
2025-06-18 12:07:41.416205,333.5,785205.0,1071167.0
2025-06-18 12:07:42.263989,333.5,785205.0,1071198.0
2025-06-18 12:07:42.413271,333.5,785205.0,1071198.0
2025-06-18 12:07:43.175891,333.5,785238.0,1070632.0
2025-06-18 12:07:43.469512,333.5,785238.0,1070632.0
2025-06-18 12:07:44.263449,333.5,785238.0,1070624.0
2025-06-18 12:07:44.445054,333.5,785238.0,1070624.0
2025-06-18 12:07:45.267963,333.45,785126.0,1070597.0
2025-06-18 12:07:45.433934,333.45,785126.0,1070597.0
2025-06-18 12:07:46.368789,333.5,784053.0,1072450.0
2025-06-18 12:07:46.414055,333.5,784053.0,1072450.0
2025-06-18 12:07:47.367268,333.5,784537.0,1072094.0
2025-06-18 12:07:47.418987,333.5,784537.0,1072094.0
2025-06-18 12:07:48.368889,333.5,784537.0,1072203.0
2025-06-18 12:07:48.446522,333.5,784537.0,1072203.0
2025-06-18 12:07:49.365680,333.5,784536.0,1072127.0
2025-06-18 12:07:49.408473,333.5,784536.0,1072127.0
2025-06-18 12:07:50.404925,333.5,784536.0,1072127.0
2025-06-18 12:07:50.470116,333.5,784480.0,1070408.0
2025-06-18 12:07:51.425689,333.5,784480.0,1070408.0
2025-06-18 12:07:51.567003,333.5,785854.0,1071801.0
2025-06-18 12:07:52.434166,333.45,785854.0,1071801.0
2025-06-18 12:07:52.575168,333.5,785478.0,1070902.0
2025-06-18 12:07:53.615057,333.45,785478.0,1070902.0
2025-06-18 12:07:53.680813,333.5,785601.0,1071470.0
2025-06-18 12:07:54.436346,333.5,785601.0,1071470.0
2025-06-18 12:07:54.769842,333.5,785611.0,1071458.0
2025-06-18 12:07:55.441669,333.5,785611.0,1071458.0
2025-06-18 12:07:55.771903,333.5,786736.0,1071507.0
2025-06-18 12:07:56.617553,333.5,786736.0,1071507.0
2025-06-18 12:07:56.872574,333.5,786935.0,1070681.0
2025-06-18 12:07:57.429603,333.5,786935.0,1070681.0
2025-06-18 12:07:57.975105,333.5,786668.0,1070764.0
2025-06-18 12:07:58.448197,333.5,786668.0,1070764.0
2025-06-18 12:07:59.072604,333.5,786665.0,1070792.0
2025-06-18 12:07:59.424852,333.5,786665.0,1070792.0
2025-06-18 12:08:00.073623,333.55,787130.0,1069013.0
2025-06-18 12:08:00.623030,333.55,787130.0,1069013.0
2025-06-18 12:08:01.075482,333.55,787374.0,1069619.0
2025-06-18 12:08:02.449678,333.5,787374.0,1069619.0
2025-06-18 12:08:04.443548,333.55,787374.0,1069619.0
2025-06-18 12:08:05.780514,333.5,786339.0,1068299.0
2025-06-18 12:08:06.441137,333.5,786339.0,1068299.0
2025-06-18 12:08:08.451582,333.5,786339.0,1068299.0
2025-06-18 12:08:10.450914,333.55,786339.0,1068299.0
2025-06-18 12:08:10.889618,333.55,786827.0,1067714.0
2025-06-18 12:08:12.438371,333.55,786827.0,1067714.0
2025-06-18 12:08:14.441922,333.45,786827.0,1067714.0
2025-06-18 12:08:15.894002,333.45,787895.0,1067599.0
2025-06-18 12:08:16.441785,333.45,787895.0,1067599.0
2025-06-18 12:08:18.455051,333.55,787895.0,1067599.0
2025-06-18 12:08:20.507714,333.55,787895.0,1067599.0
2025-06-18 12:08:20.992835,333.55,790471.0,1067183.0
2025-06-18 12:08:22.429336,333.55,790471.0,1067183.0
2025-06-18 12:08:24.642679,333.55,790471.0,1067183.0
2025-06-18 12:08:25.991733,333.5,788396.0,1068444.0
2025-06-18 12:08:26.434195,333.45,788396.0,1068444.0
2025-06-18 12:08:28.635995,333.5,788396.0,1068444.0
2025-06-18 12:08:30.454296,333.5,788396.0,1068444.0
2025-06-18 12:08:31.193579,333.55,787017.0,1069433.0
2025-06-18 12:08:32.442670,333.5,787017.0,1069433.0
2025-06-18 12:08:34.667158,333.45,787017.0,1069433.0
2025-06-18 12:08:36.201515,333.45,784101.0,1075832.0
2025-06-18 12:08:36.427496,333.45,784101.0,1075832.0
2025-06-18 12:08:38.695982,333.45,784101.0,1075832.0
2025-06-18 12:08:40.510993,333.5,784101.0,1075832.0
2025-06-18 12:08:41.198707,333.5,785750.0,1075282.0
2025-06-18 12:08:42.637944,333.5,785750.0,1075282.0
2025-06-18 12:08:44.439904,333.5,785750.0,1075282.0
2025-06-18 12:08:46.100021,333.45,783051.0,1074864.0
2025-06-18 12:08:46.431842,333.45,783051.0,1074864.0
2025-06-18 12:08:48.425634,333.5,783051.0,1074864.0
2025-06-18 12:08:50.455521,333.5,783051.0,1074864.0
2025-06-18 12:08:51.005432,333.5,783424.0,1074571.0
2025-06-18 12:08:52.451775,333.5,783424.0,1074571.0
2025-06-18 12:08:54.469307,333.5,783424.0,1074571.0
2025-06-18 12:08:56.205832,333.5,781650.0,1072955.0
2025-06-18 12:08:56.432627,333.5,781650.0,1072955.0
2025-06-18 12:08:58.466216,333.5,781650.0,1072955.0
2025-06-18 12:09:00.467649,333.5,781650.0,1072955.0
2025-06-18 12:09:01.211059,333.5,782145.0,1067106.0
2025-06-18 12:09:03.428261,333.5,782145.0,1067106.0
2025-06-18 12:09:04.452932,333.5,782145.0,1067106.0
2025-06-18 12:09:06.433991,333.45,782145.0,1067106.0
2025-06-18 12:09:06.809212,333.55,786715.0,1069024.0
2025-06-18 12:09:08.422329,333.55,786715.0,1069024.0
2025-06-18 12:09:10.510468,333.55,786715.0,1069024.0
2025-06-18 12:09:12.112840,333.55,788429.0,1067862.0
2025-06-18 12:09:12.425238,333.55,788429.0,1067862.0
2025-06-18 12:09:14.521452,333.55,788429.0,1067862.0
2025-06-18 12:09:17.017951,333.5,784741.0,1068202.0
2025-06-18 12:09:17.520730,333.5,784741.0,1068202.0
2025-06-18 12:09:18.479122,333.5,784741.0,1068202.0
2025-06-18 12:09:20.425688,333.5,784741.0,1068202.0
2025-06-18 12:09:22.222102,333.5,784082.0,1068269.0
2025-06-18 12:09:22.438097,333.5,784082.0,1068269.0
2025-06-18 12:09:24.430809,333.5,784082.0,1068269.0
2025-06-18 12:09:26.424437,333.5,784082.0,1068269.0
2025-06-18 12:09:27.122567,333.5,776768.0,1068106.0
2025-06-18 12:09:28.644377,333.55,776768.0,1068106.0
2025-06-18 12:09:30.419234,333.5,776768.0,1068106.0
2025-06-18 12:09:31.826621,333.5,787044.0,1066156.0
2025-06-18 12:09:32.459601,333.5,787044.0,1066156.0
2025-06-18 12:09:34.483007,333.5,787044.0,1066156.0
2025-06-18 12:09:36.457557,333.5,787044.0,1066156.0
2025-06-18 12:09:36.965033,333.5,788777.0,1064745.0
2025-06-18 12:09:38.651503,333.55,788777.0,1064745.0
2025-06-18 12:09:40.415044,333.45,788777.0,1064745.0
2025-06-18 12:09:41.741908,333.5,789371.0,1064665.0
2025-06-18 12:09:42.652525,333.5,789371.0,1064665.0
2025-06-18 12:09:45.153414,333.55,789371.0,1064665.0
2025-06-18 12:09:46.638253,333.5,789371.0,1064665.0
2025-06-18 12:09:46.832851,333.5,787902.0,1066914.0
2025-06-18 12:09:48.457211,333.5,787902.0,1066914.0
2025-06-18 12:09:50.459305,333.5,787902.0,1066914.0
2025-06-18 12:09:51.943968,333.5,786295.0,1067194.0
2025-06-18 12:09:52.442874,333.5,786295.0,1067194.0
2025-06-18 12:09:54.452800,333.5,786295.0,1067194.0
2025-06-18 12:09:56.463738,333.45,786295.0,1067194.0
2025-06-18 12:09:56.679070,333.45,786295.0,1067194.0
2025-06-18 12:09:57.239171,333.45,786781.0,1072851.0
2025-06-18 12:09:57.792774,333.45,786781.0,1072851.0
2025-06-18 12:09:58.467334,333.45,786781.0,1072851.0
2025-06-18 12:09:58.738945,333.45,786781.0,1072851.0
2025-06-18 12:09:59.716625,333.45,786781.0,1072851.0
2025-06-18 12:10:00.425548,333.4,786781.0,1072851.0
2025-06-18 12:10:00.639394,333.4,786781.0,1072851.0
2025-06-18 12:10:01.479829,333.4,786781.0,1072851.0
2025-06-18 12:10:02.244628,333.45,787114.0,1069980.0
2025-06-18 12:10:02.466734,333.45,787114.0,1069980.0
2025-06-18 12:10:02.603149,333.45,787114.0,1069980.0
2025-06-18 12:10:03.218556,333.45,787114.0,1069980.0
2025-06-18 12:10:04.154334,333.45,787114.0,1069980.0
2025-06-18 12:10:04.414069,333.45,787114.0,1069980.0
2025-06-18 12:10:04.531261,333.45,787114.0,1069980.0
2025-06-18 12:10:05.500698,333.45,787114.0,1069980.0
2025-06-18 12:10:06.469378,333.4,787114.0,1069980.0
2025-06-18 12:10:06.683998,333.4,787114.0,1069980.0
2025-06-18 12:10:07.541212,333.4,787114.0,1069980.0
2025-06-18 12:10:07.748384,333.45,784518.0,1075678.0
2025-06-18 12:10:08.435509,333.4,784518.0,1075678.0
2025-06-18 12:10:08.952393,333.4,784518.0,1075678.0
2025-06-18 12:10:10.080557,333.4,784518.0,1075678.0
2025-06-18 12:10:10.418594,333.45,784518.0,1075678.0
2025-06-18 12:10:11.219398,333.45,784518.0,1075678.0
2025-06-18 12:10:12.411317,333.45,784518.0,1075678.0
2025-06-18 12:10:12.694216,333.45,784518.0,1075678.0
2025-06-18 12:10:12.954865,333.45,786111.0,1075583.0
2025-06-18 12:10:14.417394,333.5,786111.0,1075583.0
2025-06-18 12:10:16.471144,333.45,786111.0,1075583.0
2025-06-18 12:10:18.152680,333.5,787280.0,1076842.0
2025-06-18 12:10:18.462421,333.5,787280.0,1076842.0
2025-06-18 12:10:20.413744,333.55,787280.0,1076842.0
2025-06-18 12:10:22.427088,333.55,787280.0,1076842.0
2025-06-18 12:10:23.054762,333.55,789567.0,1071469.0
2025-06-18 12:10:24.419528,333.55,789567.0,1071469.0
2025-06-18 12:10:26.416879,333.4,789567.0,1071469.0
2025-06-18 12:10:27.762409,333.5,784709.0,1074935.0
2025-06-18 12:10:28.412237,333.5,784709.0,1074935.0
2025-06-18 12:10:30.416323,333.5,784709.0,1074935.0
2025-06-18 12:10:32.415048,333.5,784709.0,1074935.0
2025-06-18 12:10:32.463565,333.5,787067.0,1073563.0
2025-06-18 12:10:34.421810,333.5,787067.0,1073563.0
2025-06-18 12:10:36.433162,333.45,787067.0,1073563.0
2025-06-18 12:10:37.260597,333.5,786861.0,1069214.0
2025-06-18 12:10:38.430482,333.55,786861.0,1069214.0
2025-06-18 12:10:40.471990,333.55,786861.0,1069214.0
2025-06-18 12:10:41.962808,333.45,783856.0,1078918.0
2025-06-18 12:10:42.415038,333.45,783856.0,1078918.0
2025-06-18 12:10:44.415984,333.45,783856.0,1078918.0
2025-06-18 12:10:46.420786,333.4,783856.0,1078918.0
2025-06-18 12:10:46.764107,333.4,786351.0,1075417.0
2025-06-18 12:10:48.420896,333.45,786351.0,1075417.0
2025-06-18 12:10:50.415367,333.45,786351.0,1075417.0
2025-06-18 12:10:51.672919,333.5,789468.0,1075420.0
2025-06-18 12:10:52.426768,333.35,789468.0,1075420.0
2025-06-18 12:10:54.418045,333.5,789468.0,1075420.0
2025-06-18 12:10:56.270298,333.35,794956.0,1078864.0
2025-06-18 12:10:56.423279,333.35,794956.0,1078864.0
2025-06-18 12:10:58.510585,333.45,794956.0,1078864.0
2025-06-18 12:11:00.429347,333.45,794956.0,1078864.0
2025-06-18 12:11:00.969113,333.45,792657.0,1081167.0
2025-06-18 12:11:02.413797,333.45,792657.0,1081167.0
2025-06-18 12:11:04.415976,333.45,792657.0,1081167.0
2025-06-18 12:11:05.677209,333.35,788429.0,1080981.0
2025-06-18 12:11:06.435509,333.4,788429.0,1080981.0
2025-06-18 12:11:08.431560,333.45,788429.0,1080981.0
2025-06-18 12:11:10.422283,333.45,788429.0,1080981.0
2025-06-18 12:11:10.576060,333.45,786900.0,1081720.0
2025-06-18 12:11:12.436279,333.4,786900.0,1081720.0
2025-06-18 12:11:14.425758,333.4,786900.0,1081720.0
2025-06-18 12:11:15.381395,333.35,788122.0,1083827.0
2025-06-18 12:11:16.427838,333.4,788122.0,1083827.0
2025-06-18 12:11:18.423933,333.45,788122.0,1083827.0
2025-06-18 12:11:20.382575,333.45,786439.0,1084768.0
2025-06-18 12:11:20.422284,333.45,786439.0,1084768.0
2025-06-18 12:11:22.435362,333.45,786439.0,1084768.0
2025-06-18 12:11:24.424503,333.45,786439.0,1084768.0
2025-06-18 12:11:25.284914,333.35,785500.0,1080421.0
2025-06-18 12:11:26.421251,333.35,785500.0,1080421.0
2025-06-18 12:11:28.428034,333.35,785500.0,1080421.0
2025-06-18 12:11:30.392379,333.3,785261.0,1083196.0
2025-06-18 12:11:30.419879,333.3,785261.0,1083196.0
2025-06-18 12:11:32.422384,333.45,785261.0,1083196.0
2025-06-18 12:11:34.440127,333.45,785261.0,1083196.0
2025-06-18 12:11:35.493389,333.4,787494.0,1082047.0
2025-06-18 12:11:36.420129,333.4,787494.0,1082047.0
2025-06-18 12:11:38.423167,333.45,787494.0,1082047.0
2025-06-18 12:11:40.494617,333.45,787494.0,1082047.0
2025-06-18 12:11:40.698769,333.45,786122.0,1081170.0
2025-06-18 12:11:42.438490,333.35,786122.0,1081170.0
2025-06-18 12:11:44.426609,333.35,786122.0,1081170.0
2025-06-18 12:11:45.599729,333.3,786085.0,1085169.0
2025-06-18 12:11:46.421597,333.3,786085.0,1085169.0
2025-06-18 12:11:48.421815,333.35,786085.0,1085169.0
2025-06-18 12:11:50.416978,333.3,786085.0,1085169.0
2025-06-18 12:11:50.701238,333.35,783628.0,1086179.0
2025-06-18 12:11:52.426723,333.3,783628.0,1086179.0
2025-06-18 12:11:54.456361,333.35,783628.0,1086179.0
2025-06-18 12:11:55.807487,333.3,781935.0,1083720.0
2025-06-18 12:11:56.419973,333.3,781935.0,1083720.0
2025-06-18 12:11:58.419648,333.35,781935.0,1083720.0
2025-06-18 12:12:00.423056,333.35,781935.0,1083720.0
2025-06-18 12:12:00.604019,333.35,781103.0,1084355.0
2025-06-18 12:12:01.413151,333.35,781103.0,1084355.0
2025-06-18 12:12:01.806749,333.35,783318.0,1083625.0
2025-06-18 12:12:02.410862,333.35,783318.0,1083625.0
2025-06-18 12:12:02.906594,333.35,783643.0,1082479.0
2025-06-18 12:12:03.414839,333.3,783643.0,1082479.0
2025-06-18 12:12:03.808676,333.3,782805.0,1082652.0
2025-06-18 12:12:04.421611,333.35,782805.0,1082652.0
2025-06-18 12:12:04.910949,333.35,783318.0,1082448.0
2025-06-18 12:12:05.417693,333.35,783318.0,1082448.0
2025-06-18 12:12:06.254528,333.3,782795.0,1082906.0
2025-06-18 12:12:06.413048,333.3,782795.0,1082906.0
2025-06-18 12:12:07.012859,333.35,783241.0,1081809.0
2025-06-18 12:12:07.416014,333.35,783241.0,1081809.0
2025-06-18 12:12:08.018418,333.35,782417.0,1081478.0
2025-06-18 12:12:08.421446,333.35,782417.0,1081478.0
2025-06-18 12:12:09.012651,333.45,784238.0,1082479.0
2025-06-18 12:12:09.420800,333.45,784238.0,1082479.0
2025-06-18 12:12:10.015524,333.45,786721.0,1078101.0
2025-06-18 12:12:10.514500,333.5,786721.0,1078101.0
2025-06-18 12:12:11.014526,333.5,786118.0,1079325.0
2025-06-18 12:12:11.414692,333.5,786118.0,1079325.0
2025-06-18 12:12:12.014624,333.5,786052.0,1080774.0
2025-06-18 12:12:12.421027,333.5,786052.0,1080774.0
2025-06-18 12:12:13.016673,333.5,787225.0,1080761.0
2025-06-18 12:12:13.423207,333.5,787225.0,1080761.0
2025-06-18 12:12:14.115736,333.5,787305.0,1080762.0
2025-06-18 12:12:14.413860,333.5,787305.0,1080762.0
2025-06-18 12:12:15.134738,333.5,784792.0,1080264.0
2025-06-18 12:12:15.414889,333.5,784792.0,1080264.0
2025-06-18 12:12:16.247788,333.35,776163.0,1080934.0
2025-06-18 12:12:16.412873,333.35,776163.0,1080934.0
2025-06-18 12:12:17.326742,333.45,776230.0,1081087.0
2025-06-18 12:12:17.415502,333.45,776230.0,1081087.0
2025-06-18 12:12:18.219444,333.45,777295.0,1080062.0
2025-06-18 12:12:18.422847,333.5,777295.0,1080062.0
2025-06-18 12:12:19.219893,333.5,778006.0,1079963.0
2025-06-18 12:12:19.416084,333.45,778006.0,1079963.0
2025-06-18 12:12:20.318759,333.45,783273.0,1079313.0
2025-06-18 12:12:21.424661,333.45,783273.0,1079313.0
2025-06-18 12:12:21.436363,333.45,782755.0,1079273.0
2025-06-18 12:12:22.430991,333.45,782755.0,1079273.0
2025-06-18 12:12:22.518432,333.45,782830.0,1079346.0
2025-06-18 12:12:23.418602,333.45,782830.0,1079346.0
2025-06-18 12:12:23.427729,333.45,782852.0,1079263.0
2025-06-18 12:12:24.415936,333.5,782852.0,1079263.0
2025-06-18 12:12:24.520663,333.5,785035.0,1078090.0
2025-06-18 12:12:25.419291,333.5,785035.0,1078090.0
2025-06-18 12:12:25.622059,333.45,783979.0,1078512.0
2025-06-18 12:12:26.425556,333.4,783979.0,1078512.0
2025-06-18 12:12:26.728238,333.4,787002.0,1079211.0
2025-06-18 12:12:27.414181,333.4,787002.0,1079211.0
2025-06-18 12:12:27.726770,333.4,788330.0,1079472.0
2025-06-18 12:12:28.418537,333.4,788330.0,1079472.0
2025-06-18 12:12:28.724658,333.4,789243.0,1079127.0
2025-06-18 12:12:29.423222,333.45,789243.0,1079127.0
2025-06-18 12:12:29.824521,333.45,785395.0,1079334.0
2025-06-18 12:12:30.427159,333.4,785395.0,1079334.0
2025-06-18 12:12:30.937231,333.5,784156.0,1078670.0
2025-06-18 12:12:31.419751,333.5,784156.0,1078670.0
2025-06-18 12:12:31.945546,333.5,786780.0,1078708.0
2025-06-18 12:12:32.428281,333.5,786780.0,1078708.0
2025-06-18 12:12:33.027005,333.5,786867.0,1078701.0
2025-06-18 12:12:33.419946,333.5,786867.0,1078701.0
2025-06-18 12:12:33.939334,333.5,787012.0,1078651.0
2025-06-18 12:12:34.421281,333.5,787012.0,1078651.0
2025-06-18 12:12:34.941854,333.5,786938.0,1078075.0
2025-06-18 12:12:35.419588,333.5,786938.0,1078075.0
2025-06-18 12:12:36.034133,333.4,789350.0,1078239.0
2025-06-18 12:12:36.421435,333.35,789350.0,1078239.0
2025-06-18 12:12:37.131736,333.4,788493.0,1078417.0
2025-06-18 12:12:37.419953,333.4,788493.0,1078417.0
2025-06-18 12:12:38.231886,333.4,788739.0,1078243.0
2025-06-18 12:12:38.416955,333.4,788739.0,1078243.0
2025-06-18 12:12:39.334614,333.4,786860.0,1078726.0
2025-06-18 12:12:39.419868,333.4,786860.0,1078726.0
2025-06-18 12:12:40.418661,333.4,786860.0,1078726.0
2025-06-18 12:12:40.444407,333.4,787549.0,1079123.0
2025-06-18 12:12:41.421237,333.4,787549.0,1079123.0
2025-06-18 12:12:41.531413,333.4,788639.0,1078448.0
2025-06-18 12:12:42.489333,333.45,788639.0,1078448.0
2025-06-18 12:12:42.532543,333.45,788331.0,1078523.0
2025-06-18 12:12:43.418572,333.35,788331.0,1078523.0
2025-06-18 12:12:43.536383,333.35,788309.0,1078636.0
2025-06-18 12:12:44.418897,333.35,788309.0,1078636.0
2025-06-18 12:12:44.689352,333.5,788676.0,1078201.0
2025-06-18 12:12:45.420432,333.45,788676.0,1078201.0
2025-06-18 12:12:46.339529,333.45,786955.0,1078614.0
2025-06-18 12:12:46.425231,333.45,786955.0,1078614.0
2025-06-18 12:12:47.908558,333.45,782784.0,1085098.0
2025-06-18 12:12:47.959510,333.45,782784.0,1085098.0
2025-06-18 12:12:48.336565,333.45,782304.0,1085532.0
2025-06-18 12:12:48.419653,333.45,782304.0,1085532.0
2025-06-18 12:12:49.418816,333.45,782304.0,1085532.0
2025-06-18 12:12:49.445332,333.45,783690.0,1084814.0
2025-06-18 12:12:50.419836,333.45,783690.0,1084814.0
2025-06-18 12:12:50.536964,333.45,783598.0,1084857.0
2025-06-18 12:12:51.435074,333.45,783598.0,1084857.0
2025-06-18 12:12:51.637948,333.45,783597.0,1084948.0
2025-06-18 12:12:52.430955,333.3,783597.0,1084948.0
2025-06-18 12:12:52.638454,333.45,782523.0,1084509.0
2025-06-18 12:12:53.487953,333.45,782523.0,1084509.0
2025-06-18 12:12:53.643486,333.45,782120.0,1084044.0
2025-06-18 12:12:54.499254,333.45,782120.0,1084044.0
2025-06-18 12:12:54.639661,333.45,782164.0,1084134.0
2025-06-18 12:12:55.418144,333.4,782164.0,1084134.0
2025-06-18 12:12:55.643956,333.4,782854.0,1077744.0
2025-06-18 12:12:56.428561,333.3,782854.0,1077744.0
2025-06-18 12:12:56.643211,333.4,780993.0,1083280.0
2025-06-18 12:12:57.195186,333.4,780993.0,1083280.0
2025-06-18 12:12:57.422041,333.4,780993.0,1083280.0
2025-06-18 12:12:57.647732,333.4,783747.0,1083334.0
2025-06-18 12:12:58.314022,333.4,783747.0,1083334.0
2025-06-18 12:12:58.420469,333.4,783747.0,1083334.0
2025-06-18 12:12:58.842090,333.4,783997.0,1083029.0
2025-06-18 12:12:59.265402,333.4,783997.0,1083029.0
2025-06-18 12:12:59.425119,333.4,783997.0,1083029.0
2025-06-18 12:12:59.842067,333.5,781143.0,1079566.0
2025-06-18 12:13:00.243748,333.5,781143.0,1079566.0
2025-06-18 12:13:00.423871,333.5,781143.0,1079566.0
2025-06-18 12:13:01.202886,333.5,781143.0,1079566.0
2025-06-18 12:13:01.421965,333.5,781143.0,1079566.0
2025-06-18 12:13:01.542404,333.5,782133.0,1079521.0
2025-06-18 12:13:02.013487,333.5,782133.0,1079521.0
2025-06-18 12:13:02.417884,333.45,782133.0,1079521.0
2025-06-18 12:13:02.547000,333.45,782594.0,1084723.0
2025-06-18 12:13:03.118656,333.45,782594.0,1084723.0
2025-06-18 12:13:03.495393,333.45,782594.0,1084723.0
2025-06-18 12:13:03.545124,333.45,783984.0,1084759.0
2025-06-18 12:13:03.697977,333.45,783984.0,1084759.0
2025-06-18 12:13:04.106515,333.45,783984.0,1084759.0
2025-06-18 12:13:04.420419,333.45,783984.0,1084759.0
2025-06-18 12:13:04.603057,333.45,783984.0,1084759.0
2025-06-18 12:13:04.646521,333.45,782371.0,1084300.0
2025-06-18 12:13:05.067294,333.45,782371.0,1084300.0
2025-06-18 12:13:05.426389,333.4,782371.0,1084300.0
2025-06-18 12:13:05.746633,333.3,785620.0,1080507.0
2025-06-18 12:13:05.992982,333.3,785620.0,1080507.0
2025-06-18 12:13:06.420757,333.3,785620.0,1080507.0
2025-06-18 12:13:06.748521,333.3,785189.0,1080956.0
2025-06-18 12:13:07.220489,333.3,785189.0,1080956.0
2025-06-18 12:13:07.419803,333.4,785189.0,1080956.0
2025-06-18 12:13:07.849694,333.4,787188.0,1077817.0
2025-06-18 12:13:08.097098,333.4,787188.0,1077817.0
2025-06-18 12:13:08.424434,333.5,787188.0,1077817.0
2025-06-18 12:13:08.958590,333.5,788230.0,1077666.0
2025-06-18 12:13:09.428979,333.5,788230.0,1077666.0
2025-06-18 12:13:09.500633,333.5,788230.0,1077666.0
2025-06-18 12:13:10.424829,333.5,788230.0,1077666.0
2025-06-18 12:13:10.480720,333.5,788240.0,1077906.0
2025-06-18 12:13:10.639115,333.5,788240.0,1077906.0
2025-06-18 12:13:11.353149,333.5,787073.0,1077145.0
2025-06-18 12:13:11.424791,333.5,787073.0,1077145.0
2025-06-18 12:13:11.783691,333.5,787073.0,1077145.0
2025-06-18 12:13:12.422258,333.5,787073.0,1077145.0
2025-06-18 12:13:12.475776,333.5,786249.0,1078413.0
2025-06-18 12:13:13.262089,333.5,786249.0,1078413.0
2025-06-18 12:13:13.555309,333.5,784704.0,1077927.0
2025-06-18 12:13:14.421909,333.5,784704.0,1077927.0
2025-06-18 12:13:14.555423,333.5,784822.0,1077950.0
2025-06-18 12:13:15.686697,333.5,785206.0,1078433.0
2025-06-18 12:13:16.424042,333.35,785206.0,1078433.0
2025-06-18 12:13:16.671619,333.35,785236.0,1078932.0
2025-06-18 12:13:17.421497,333.4,785236.0,1078932.0
2025-06-18 12:13:17.760603,333.4,784590.0,1079336.0
2025-06-18 12:13:18.439688,333.35,784590.0,1079336.0
2025-06-18 12:13:18.761026,333.4,781277.0,1079656.0
2025-06-18 12:13:19.426015,333.35,781277.0,1079656.0
2025-06-18 12:13:19.863699,333.35,785157.0,1081948.0
2025-06-18 12:13:20.422206,333.35,785157.0,1081948.0
2025-06-18 12:13:20.968629,333.4,785665.0,1082367.0
2025-06-18 12:13:21.422501,333.4,785665.0,1082367.0
2025-06-18 12:13:21.861664,333.4,786220.0,1082479.0
2025-06-18 12:13:22.435434,333.4,786220.0,1082479.0
2025-06-18 12:13:22.971424,333.4,785917.0,1081450.0
2025-06-18 12:13:23.428650,333.4,785917.0,1081450.0
2025-06-18 12:13:24.062376,333.4,786859.0,1081943.0
2025-06-18 12:13:24.424454,333.5,786859.0,1081943.0
2025-06-18 12:13:25.174510,333.5,785086.0,1078552.0
2025-06-18 12:13:25.419855,333.5,785086.0,1078552.0
2025-06-18 12:13:26.281519,333.3,784173.0,1079365.0
2025-06-18 12:13:26.430293,333.3,784173.0,1079365.0
2025-06-18 12:13:27.269004,333.4,784123.0,1081858.0
2025-06-18 12:13:27.422061,333.4,784123.0,1081858.0
2025-06-18 12:13:28.270316,333.4,786140.0,1081363.0
2025-06-18 12:13:28.436167,333.4,786140.0,1081363.0
2025-06-18 12:13:29.371161,333.45,785774.0,1080898.0
2025-06-18 12:13:29.428437,333.45,785774.0,1080898.0
2025-06-18 12:13:30.435456,333.45,785774.0,1080898.0
2025-06-18 12:13:30.486794,333.45,785723.0,1079326.0
2025-06-18 12:13:31.434132,333.45,785723.0,1079326.0
2025-06-18 12:13:31.568688,333.45,785750.0,1083819.0
2025-06-18 12:13:32.423483,333.45,785750.0,1083819.0
2025-06-18 12:13:32.484103,333.45,786398.0,1083786.0
2025-06-18 12:13:33.427864,333.45,786398.0,1083786.0
2025-06-18 12:13:33.579439,333.45,787475.0,1083371.0
2025-06-18 12:13:34.427964,333.45,787475.0,1083371.0
2025-06-18 12:13:34.577382,333.45,787642.0,1083037.0
2025-06-18 12:13:35.429945,333.3,787642.0,1083037.0
2025-06-18 12:13:35.677839,333.3,794949.0,1080137.0
2025-06-18 12:13:36.428822,333.3,794949.0,1080137.0
2025-06-18 12:13:36.574840,333.3,793860.0,1079315.0
2025-06-18 12:13:37.430624,333.4,793860.0,1079315.0
2025-06-18 12:13:37.577226,333.4,792993.0,1079142.0
2025-06-18 12:13:38.424445,333.4,792993.0,1079142.0
2025-06-18 12:13:38.677811,333.4,793174.0,1079029.0
2025-06-18 12:13:39.432290,333.4,793174.0,1079029.0
2025-06-18 12:13:39.684061,333.4,793274.0,1079923.0
2025-06-18 12:13:40.429650,333.5,793274.0,1079923.0
2025-06-18 12:13:40.778556,333.5,795048.0,1078920.0
2025-06-18 12:13:41.438269,333.5,795048.0,1078920.0
2025-06-18 12:13:41.779645,333.5,793843.0,1081465.0
2025-06-18 12:13:42.419460,333.5,793843.0,1081465.0
2025-06-18 12:13:42.780576,333.5,793931.0,1081889.0
2025-06-18 12:13:43.425961,333.5,793931.0,1081889.0
2025-06-18 12:13:43.879700,333.5,793794.0,1081274.0
2025-06-18 12:13:44.428309,333.5,793794.0,1081274.0
2025-06-18 12:13:44.979852,333.5,793887.0,1081257.0
2025-06-18 12:13:45.435470,333.45,793887.0,1081257.0
2025-06-18 12:13:45.981837,333.35,794002.0,1085466.0
2025-06-18 12:13:46.427846,333.3,794002.0,1085466.0
2025-06-18 12:13:47.080475,333.35,794260.0,1084826.0
2025-06-18 12:13:47.424428,333.35,794260.0,1084826.0
2025-06-18 12:13:48.181726,333.35,794253.0,1084801.0
2025-06-18 12:13:48.431607,333.35,794253.0,1084801.0
2025-06-18 12:13:49.184736,333.3,793865.0,1084518.0
2025-06-18 12:13:49.431393,333.35,793865.0,1084518.0
2025-06-18 12:13:50.082372,333.35,793950.0,1084505.0
2025-06-18 12:13:50.437147,333.35,793950.0,1084505.0
2025-06-18 12:13:51.185341,333.35,794931.0,1084375.0
2025-06-18 12:13:51.428904,333.35,794931.0,1084375.0
2025-06-18 12:13:52.285235,333.3,791063.0,1083533.0
2025-06-18 12:13:52.441257,333.3,791063.0,1083533.0
2025-06-18 12:13:53.383195,333.35,791084.0,1084016.0
2025-06-18 12:13:53.430920,333.35,791084.0,1084016.0
2025-06-18 12:13:54.429073,333.5,791084.0,1084016.0
2025-06-18 12:13:54.486335,333.5,794045.0,1079317.0
2025-06-18 12:13:55.429859,333.5,794045.0,1079317.0
2025-06-18 12:13:55.484474,333.5,795870.0,1081623.0
2025-06-18 12:13:56.434207,333.35,795870.0,1081623.0
2025-06-18 12:13:56.583788,333.45,794016.0,1081920.0
2025-06-18 12:13:57.484559,333.5,794016.0,1081920.0
2025-06-18 12:13:57.685971,333.5,794979.0,1081304.0
2025-06-18 12:13:58.431509,333.5,794979.0,1081304.0
2025-06-18 12:13:58.786209,333.5,794910.0,1081646.0
2025-06-18 12:13:59.432979,333.5,794910.0,1081646.0
2025-06-18 12:13:59.785112,333.5,794906.0,1081665.0
2025-06-18 12:14:00.436079,333.5,794906.0,1081665.0
2025-06-18 12:14:00.686901,333.35,795386.0,1081782.0
2025-06-18 12:14:01.431501,333.5,795386.0,1081782.0
2025-06-18 12:14:01.785025,333.5,795397.0,1081760.0
2025-06-18 12:14:02.501203,333.5,795397.0,1081760.0
2025-06-18 12:14:02.887880,333.5,793516.0,1081558.0
2025-06-18 12:14:03.434761,333.5,793516.0,1081558.0
2025-06-18 12:14:03.789242,333.5,793425.0,1081549.0
2025-06-18 12:14:04.429757,333.35,793425.0,1081549.0
2025-06-18 12:14:04.988834,333.35,793352.0,1081634.0
2025-06-18 12:14:05.986846,333.35,793582.0,1080930.0
2025-06-18 12:14:06.428603,333.35,793582.0,1080930.0
2025-06-18 12:14:07.088362,333.45,795082.0,1081100.0
2025-06-18 12:14:07.424563,333.45,795082.0,1081100.0
2025-06-18 12:14:08.088359,333.45,794858.0,1081014.0
2025-06-18 12:14:08.437293,333.45,794858.0,1081014.0
2025-06-18 12:14:08.987770,333.45,794585.0,1081005.0
2025-06-18 12:14:09.426261,333.45,794585.0,1081005.0
2025-06-18 12:14:10.091191,333.45,794849.0,1080998.0
2025-06-18 12:14:10.433289,333.45,794849.0,1080998.0
2025-06-18 12:14:11.193700,333.45,794928.0,1080477.0
2025-06-18 12:14:11.440233,333.45,794928.0,1080477.0
2025-06-18 12:14:12.296598,333.45,794834.0,1080471.0
2025-06-18 12:14:12.431626,333.45,794834.0,1080471.0
2025-06-18 12:14:13.298214,333.45,794757.0,1080890.0
2025-06-18 12:14:13.427766,333.45,794757.0,1080890.0
2025-06-18 12:14:14.303865,333.45,795380.0,1080889.0
2025-06-18 12:14:14.436349,333.45,795380.0,1080889.0
2025-06-18 12:14:15.397051,333.4,794098.0,1081269.0
2025-06-18 12:14:15.436474,333.4,794098.0,1081269.0
2025-06-18 12:14:16.437026,333.35,794098.0,1081269.0
2025-06-18 12:14:16.594416,333.35,790737.0,1081324.0
2025-06-18 12:14:17.428496,333.4,790737.0,1081324.0
2025-06-18 12:14:17.696301,333.4,792108.0,1082890.0
2025-06-18 12:14:18.701330,333.3,792414.0,1082546.0
2025-06-18 12:14:19.444211,333.4,792414.0,1082546.0
2025-06-18 12:14:19.897445,333.4,791052.0,1082964.0
2025-06-18 12:14:20.432559,333.4,791052.0,1082964.0
2025-06-18 12:14:20.997817,333.4,790833.0,1083413.0
2025-06-18 12:14:21.435599,333.4,790833.0,1083413.0
2025-06-18 12:14:22.099844,333.4,793540.0,1081106.0
2025-06-18 12:14:22.441378,333.4,793540.0,1081106.0
2025-06-18 12:14:22.999284,333.4,793187.0,1083740.0
2025-06-18 12:14:23.432631,333.3,793187.0,1083740.0
2025-06-18 12:14:24.001797,333.45,794951.0,1083967.0
2025-06-18 12:14:24.436206,333.45,794951.0,1083967.0
2025-06-18 12:14:25.002034,333.45,794872.0,1084223.0
2025-06-18 12:14:25.428082,333.4,794872.0,1084223.0
2025-06-18 12:14:26.001623,333.3,791352.0,1083993.0
2025-06-18 12:14:26.436136,333.4,791352.0,1083993.0
2025-06-18 12:14:27.102947,333.4,791191.0,1084108.0
2025-06-18 12:14:27.438800,333.4,791191.0,1084108.0
2025-06-18 12:14:28.102447,333.4,788293.0,1090511.0
2025-06-18 12:14:28.442652,333.4,788293.0,1090511.0
2025-06-18 12:14:29.103443,333.4,789301.0,1090316.0
2025-06-18 12:14:29.434226,333.4,789301.0,1090316.0
2025-06-18 12:14:30.104740,333.4,789596.0,1088976.0
2025-06-18 12:14:30.432131,333.4,789596.0,1088976.0
2025-06-18 12:14:31.203424,333.4,790098.0,1089004.0
2025-06-18 12:14:31.429519,333.4,790098.0,1089004.0
2025-06-18 12:14:32.304695,333.35,789554.0,1088486.0
2025-06-18 12:14:32.429961,333.4,789554.0,1088486.0
2025-06-18 12:14:33.306164,333.4,790006.0,1089509.0
2025-06-18 12:14:33.435882,333.4,790006.0,1089509.0
2025-06-18 12:14:34.309672,333.4,792113.0,1089511.0
2025-06-18 12:14:34.434680,333.4,792113.0,1089511.0
2025-06-18 12:14:35.309384,333.35,791095.0,1085115.0
2025-06-18 12:14:35.437371,333.35,791095.0,1085115.0
2025-06-18 12:14:36.409442,333.35,792524.0,1084340.0
2025-06-18 12:14:36.441924,333.35,792524.0,1084340.0
2025-06-18 12:14:37.311206,333.35,790178.0,1085377.0
2025-06-18 12:14:37.434736,333.35,790178.0,1085377.0
2025-06-18 12:14:38.431525,333.35,790178.0,1085377.0
2025-06-18 12:14:38.912478,333.35,788396.0,1085253.0
2025-06-18 12:14:39.433706,333.35,788396.0,1085253.0
2025-06-18 12:14:40.013916,333.4,786595.0,1086634.0
2025-06-18 12:14:40.440874,333.4,786595.0,1086634.0
2025-06-18 12:14:41.113762,333.4,786808.0,1087007.0
2025-06-18 12:14:41.519065,333.4,786808.0,1087007.0
2025-06-18 12:14:42.214937,333.4,789829.0,1086653.0
2025-06-18 12:14:42.431215,333.4,789829.0,1086653.0
2025-06-18 12:14:43.212824,333.4,790446.0,1086790.0
2025-06-18 12:14:43.428914,333.4,790446.0,1086790.0
2025-06-18 12:14:44.213876,333.4,790587.0,1086843.0
2025-06-18 12:14:44.430138,333.4,790587.0,1086843.0
2025-06-18 12:14:45.218228,333.35,788503.0,1082564.0
2025-06-18 12:14:45.430472,333.35,788503.0,1082564.0
2025-06-18 12:14:46.315723,333.35,786851.0,1083382.0
2025-06-18 12:14:46.433599,333.35,786851.0,1083382.0
2025-06-18 12:14:47.494167,333.45,788219.0,1083784.0
2025-06-18 12:14:47.495653,333.45,788219.0,1083784.0
2025-06-18 12:14:48.436458,333.35,788219.0,1083784.0
2025-06-18 12:14:48.519035,333.35,788634.0,1083820.0
2025-06-18 12:14:49.478514,333.45,788634.0,1083820.0
2025-06-18 12:14:49.618703,333.45,791188.0,1083698.0
2025-06-18 12:14:50.430040,333.45,791188.0,1083698.0
2025-06-18 12:14:50.719595,333.45,789352.0,1083849.0
2025-06-18 12:14:51.428924,333.45,789352.0,1083849.0
2025-06-18 12:14:51.721945,333.45,789473.0,1083108.0
2025-06-18 12:14:52.531073,333.3,789473.0,1083108.0
2025-06-18 12:14:52.826003,333.3,786882.0,1088534.0
2025-06-18 12:14:53.434942,333.4,786882.0,1088534.0
2025-06-18 12:14:53.932058,333.4,788303.0,1087851.0
2025-06-18 12:14:54.438584,333.35,788303.0,1087851.0
2025-06-18 12:14:54.922110,333.35,785034.0,1084828.0
2025-06-18 12:14:55.437678,333.3,785034.0,1084828.0
2025-06-18 12:14:56.023858,333.35,784380.0,1085034.0
2025-06-18 12:14:56.443233,333.3,784380.0,1085034.0
2025-06-18 12:14:56.924065,333.35,783954.0,1084884.0
2025-06-18 12:14:57.436802,333.35,783954.0,1084884.0
2025-06-18 12:14:58.026795,333.35,785584.0,1084881.0
2025-06-18 12:14:58.440916,333.35,785584.0,1084881.0
2025-06-18 12:14:59.129087,333.35,786882.0,1085217.0
2025-06-18 12:14:59.437220,333.35,786882.0,1085217.0
2025-06-18 12:15:00.231493,333.35,786653.0,1085185.0
2025-06-18 12:15:00.436603,333.35,786653.0,1085185.0
2025-06-18 12:15:01.444800,333.35,786653.0,1085185.0
2025-06-18 12:15:02.434176,333.35,786653.0,1085185.0
2025-06-18 12:15:02.932522,333.35,787136.0,1085614.0
2025-06-18 12:15:03.445526,333.35,787136.0,1085614.0
2025-06-18 12:15:03.828046,333.35,786160.0,1086411.0
2025-06-18 12:15:04.440060,333.35,786160.0,1086411.0
2025-06-18 12:15:04.828656,333.35,786200.0,1086450.0
2025-06-18 12:15:05.437668,333.35,786200.0,1086450.0
2025-06-18 12:15:05.731407,333.35,785263.0,1086667.0
2025-06-18 12:15:06.439734,333.35,785263.0,1086667.0
2025-06-18 12:15:06.632193,333.35,785010.0,1086583.0
2025-06-18 12:15:07.442780,333.35,785010.0,1086583.0
2025-06-18 12:15:07.543955,333.35,785511.0,1086578.0
2025-06-18 12:15:08.445517,333.35,785511.0,1086578.0
2025-06-18 12:15:08.473565,333.35,785447.0,1086515.0
2025-06-18 12:15:09.438896,333.3,785447.0,1086515.0
2025-06-18 12:15:09.533305,333.35,784734.0,1086359.0
2025-06-18 12:15:10.515792,333.35,784734.0,1086359.0
2025-06-18 12:15:10.521461,333.35,785685.0,1086455.0
2025-06-18 12:15:11.334439,333.35,785784.0,1086285.0
2025-06-18 12:15:11.437833,333.35,785784.0,1086285.0
2025-06-18 12:15:12.338591,333.35,788124.0,1086117.0
2025-06-18 12:15:12.441324,333.35,788124.0,1086117.0
2025-06-18 12:15:13.442761,333.35,788124.0,1086117.0
2025-06-18 12:15:13.452448,333.35,785139.0,1087094.0
2025-06-18 12:15:14.435910,333.35,785139.0,1087094.0
2025-06-18 12:15:14.537220,333.35,785418.0,1087090.0
2025-06-18 12:15:15.439423,333.3,785418.0,1087090.0
2025-06-18 12:15:15.453251,333.3,785635.0,1087217.0
2025-06-18 12:15:16.441867,333.3,785635.0,1087217.0
2025-06-18 12:15:16.458559,333.3,785147.0,1087369.0
2025-06-18 12:15:17.438524,333.35,785147.0,1087369.0
2025-06-18 12:15:17.472665,333.35,784643.0,1087247.0
2025-06-18 12:15:18.520516,333.45,784643.0,1087247.0
2025-06-18 12:15:18.525689,333.45,791339.0,1084817.0
2025-06-18 12:15:19.439541,333.3,791339.0,1084817.0
2025-06-18 12:15:19.542335,333.3,783679.0,1094255.0
2025-06-18 12:15:20.442451,333.25,783679.0,1094255.0
2025-06-18 12:15:20.542170,333.25,786302.0,1094030.0
2025-06-18 12:15:21.451950,333.3,786302.0,1094030.0
2025-06-18 12:15:21.543942,333.3,784510.0,1094368.0
2025-06-18 12:15:22.446117,333.3,784510.0,1094368.0
2025-06-18 12:15:22.478998,333.3,784472.0,1094213.0
2025-06-18 12:15:23.437011,333.3,784472.0,1094213.0
2025-06-18 12:15:23.454294,333.3,784104.0,1095315.0
2025-06-18 12:15:24.451292,333.3,784104.0,1095315.0
2025-06-18 12:15:24.515600,333.3,783693.0,1095372.0
2025-06-18 12:15:25.446864,333.25,783693.0,1095372.0
2025-06-18 12:15:25.467865,333.25,783811.0,1095345.0
2025-06-18 12:15:26.501702,333.25,783811.0,1095345.0
2025-06-18 12:15:26.553226,333.3,783505.0,1095122.0
2025-06-18 12:15:27.442863,333.3,783505.0,1095122.0
2025-06-18 12:15:27.646879,333.3,783534.0,1095075.0
2025-06-18 12:15:28.446466,333.3,783534.0,1095075.0
2025-06-18 12:15:28.649983,333.3,782921.0,1092046.0
2025-06-18 12:15:29.471051,333.3,782921.0,1092046.0
2025-06-18 12:15:29.712423,333.3,782919.0,1095013.0
2025-06-18 12:15:30.448914,333.3,782919.0,1095013.0
2025-06-18 12:15:30.652840,333.3,783284.0,1095446.0
2025-06-18 12:15:31.449429,333.3,783284.0,1095446.0
2025-06-18 12:15:31.653299,333.3,782072.0,1095160.0
2025-06-18 12:15:32.460612,333.3,782072.0,1095160.0
2025-06-18 12:15:32.656462,333.3,780498.0,1095839.0
2025-06-18 12:15:33.449135,333.25,780498.0,1095839.0
2025-06-18 12:15:33.554605,333.25,779942.0,1101481.0
2025-06-18 12:15:34.453365,333.25,779942.0,1101481.0
2025-06-18 12:15:34.555464,333.25,781222.0,1101301.0
2025-06-18 12:15:35.448676,333.2,781222.0,1101301.0
2025-06-18 12:15:35.659085,333.2,782538.0,1100966.0
2025-06-18 12:15:36.445697,333.25,782538.0,1100966.0
2025-06-18 12:15:36.657876,333.2,777745.0,1100721.0
2025-06-18 12:15:37.489962,333.25,777745.0,1100721.0
2025-06-18 12:15:37.558334,333.2,778237.0,1100948.0
2025-06-18 12:15:38.454867,333.25,778237.0,1100948.0
2025-06-18 12:15:38.670677,333.25,778544.0,1100187.0
2025-06-18 12:15:39.675344,333.1,778544.0,1100187.0
2025-06-18 12:15:39.681788,333.1,779666.0,1098386.0
2025-06-18 12:15:40.438429,333.25,779666.0,1098386.0
2025-06-18 12:15:40.561839,333.25,784123.0,1097741.0
2025-06-18 12:15:41.441471,333.1,784123.0,1097741.0
2025-06-18 12:15:41.564612,333.1,781487.0,1098130.0
2025-06-18 12:15:42.445598,333.25,781487.0,1098130.0
2025-06-18 12:15:42.560851,333.05,766549.0,1098631.0
2025-06-18 12:15:43.445396,333.25,766549.0,1098631.0
2025-06-18 12:15:43.566841,333.25,779022.0,1097421.0
2025-06-18 12:15:44.442551,333.25,779022.0,1097421.0
2025-06-18 12:15:44.677798,333.3,782533.0,1094102.0
2025-06-18 12:15:45.446319,333.25,782533.0,1094102.0
2025-06-18 12:15:45.674880,333.25,781238.0,1093814.0
2025-06-18 12:15:46.455007,333.25,781238.0,1093814.0
2025-06-18 12:15:46.671055,333.25,780454.0,1094311.0
2025-06-18 12:15:47.447198,333.3,780454.0,1094311.0
2025-06-18 12:15:47.568116,333.3,779221.0,1094317.0
2025-06-18 12:15:48.446990,333.15,779221.0,1094317.0
2025-06-18 12:15:48.673685,333.15,783303.0,1096033.0
2025-06-18 12:15:49.674034,333.15,784569.0,1096047.0
2025-06-18 12:15:50.445252,333.3,784569.0,1096047.0
2025-06-18 12:15:50.571433,333.3,784956.0,1096008.0
2025-06-18 12:15:51.447282,333.3,784956.0,1096008.0
2025-06-18 12:15:51.570219,333.3,784873.0,1095533.0
2025-06-18 12:15:52.445316,333.3,784873.0,1095533.0
2025-06-18 12:15:52.480318,333.3,783414.0,1095561.0
2025-06-18 12:15:53.484958,333.3,782596.0,1095245.0
2025-06-18 12:15:54.447141,333.3,782596.0,1095245.0
2025-06-18 12:15:54.487958,333.3,781538.0,1096908.0
2025-06-18 12:15:55.443357,333.3,781538.0,1096908.0
2025-06-18 12:15:55.584351,333.3,780896.0,1097126.0
2025-06-18 12:15:56.450142,333.25,780896.0,1097126.0
2025-06-18 12:15:56.574162,333.25,780903.0,1096921.0
2025-06-18 12:15:57.447163,333.25,780903.0,1096921.0
2025-06-18 12:15:57.734528,333.25,780903.0,1096921.0
2025-06-18 12:15:58.280519,333.25,780848.0,1097432.0
2025-06-18 12:15:58.449142,333.25,780848.0,1097432.0
2025-06-18 12:15:58.849469,333.25,780848.0,1097432.0
2025-06-18 12:15:59.179356,333.2,779480.0,1096986.0
2025-06-18 12:15:59.440108,333.2,779480.0,1096986.0
2025-06-18 12:15:59.788586,333.2,779480.0,1096986.0
2025-06-18 12:16:00.178915,333.3,779980.0,1096598.0
2025-06-18 12:16:00.444995,333.3,779980.0,1096598.0
2025-06-18 12:16:00.769969,333.3,779980.0,1096598.0
2025-06-18 12:16:01.438854,333.3,779980.0,1096598.0
2025-06-18 12:16:01.684014,333.3,779980.0,1096598.0
2025-06-18 12:16:01.779268,333.3,779148.0,1096940.0
2025-06-18 12:16:02.442899,333.3,779148.0,1096940.0
2025-06-18 12:16:02.534704,333.3,779148.0,1096940.0
2025-06-18 12:16:02.877034,333.3,779923.0,1096668.0
2025-06-18 12:16:03.436928,333.3,779923.0,1096668.0
2025-06-18 12:16:03.642859,333.3,779923.0,1096668.0
2025-06-18 12:16:03.976688,333.3,780226.0,1096447.0
2025-06-18 12:16:04.219165,333.3,780226.0,1096447.0
2025-06-18 12:16:04.443924,333.3,780226.0,1096447.0
2025-06-18 12:16:04.629137,333.3,780226.0,1096447.0
2025-06-18 12:16:05.087979,333.3,779808.0,1096230.0
2025-06-18 12:16:05.135637,333.3,779808.0,1096230.0
2025-06-18 12:16:05.459534,333.25,779808.0,1096230.0
2025-06-18 12:16:05.517480,333.25,779808.0,1096230.0
2025-06-18 12:16:06.078695,333.2,777549.0,1097383.0
2025-06-18 12:16:06.504805,333.1,777549.0,1097383.0
2025-06-18 12:16:06.521342,333.1,777549.0,1097383.0
2025-06-18 12:16:07.078527,333.1,776908.0,1096916.0
2025-06-18 12:16:07.440358,333.2,776908.0,1096916.0
2025-06-18 12:16:07.760548,333.2,776908.0,1096916.0
2025-06-18 12:16:08.180702,333.2,776734.0,1097336.0
2025-06-18 12:16:08.444487,333.2,776734.0,1097336.0
2025-06-18 12:16:08.628630,333.2,776734.0,1097336.0
2025-06-18 12:16:09.290448,333.2,777631.0,1098784.0
2025-06-18 12:16:09.452360,333.2,777631.0,1098784.0
2025-06-18 12:16:10.045359,333.2,777631.0,1098784.0
2025-06-18 12:16:10.283545,333.2,780417.0,1098420.0
2025-06-18 12:16:10.461107,333.2,780417.0,1098420.0
2025-06-18 12:16:11.197130,333.2,780417.0,1098420.0
2025-06-18 12:16:11.448288,333.2,780417.0,1098420.0
2025-06-18 12:16:11.492355,333.2,776595.0,1102265.0
2025-06-18 12:16:12.334108,333.2,776595.0,1102265.0
2025-06-18 12:16:12.383896,333.2,778682.0,1102433.0
2025-06-18 12:16:12.452184,333.2,778682.0,1102433.0
2025-06-18 12:16:13.446629,333.2,778682.0,1102433.0
2025-06-18 12:16:13.496237,333.2,769255.0,1102663.0
2025-06-18 12:16:13.816378,333.2,769255.0,1102663.0
2025-06-18 12:16:14.462099,333.2,769255.0,1102663.0
2025-06-18 12:16:14.495689,333.2,778256.0,1102643.0
2025-06-18 12:16:15.447582,333.15,778256.0,1102643.0
2025-06-18 12:16:15.493543,333.15,780120.0,1104280.0
2025-06-18 12:16:16.445052,333.05,780120.0,1104280.0
2025-06-18 12:16:16.594680,333.05,774153.0,1100704.0
2025-06-18 12:16:17.441758,333.1,774153.0,1100704.0
2025-06-18 12:16:17.587506,333.1,775218.0,1100933.0
2025-06-18 12:16:18.445673,333.1,775218.0,1100933.0
2025-06-18 12:16:18.688706,333.1,775393.0,1100876.0
2025-06-18 12:16:19.441814,333.05,775393.0,1100876.0
2025-06-18 12:16:19.792034,333.05,774624.0,1100655.0
2025-06-18 12:16:20.450721,333.05,774624.0,1100655.0
2025-06-18 12:16:20.888721,333.1,775124.0,1101183.0
2025-06-18 12:16:21.447130,333.1,775124.0,1101183.0
2025-06-18 12:16:21.890585,333.1,775626.0,1101183.0
2025-06-18 12:16:22.441686,333.1,775626.0,1101183.0
2025-06-18 12:16:22.992376,333.1,775168.0,1101137.0
2025-06-18 12:16:23.442404,333.05,775168.0,1101137.0
2025-06-18 12:16:24.090436,333.05,775270.0,1101588.0
2025-06-18 12:16:24.451395,333.1,775270.0,1101588.0
2025-06-18 12:16:25.204216,333.05,773217.0,1100074.0
2025-06-18 12:16:25.441053,333.05,773217.0,1100074.0
2025-06-18 12:16:26.293851,333.1,772948.0,1100000.0
2025-06-18 12:16:26.443915,333.1,772948.0,1100000.0
2025-06-18 12:16:27.394865,333.2,773229.0,1100341.0
2025-06-18 12:16:27.446279,333.2,773229.0,1100341.0
2025-06-18 12:16:28.444288,333.15,773229.0,1100341.0
2025-06-18 12:16:28.495233,333.15,774582.0,1099062.0
2025-06-18 12:16:29.442224,333.2,774582.0,1099062.0
2025-06-18 12:16:29.604713,333.2,774186.0,1099011.0
2025-06-18 12:16:30.455390,333.2,774186.0,1099011.0
2025-06-18 12:16:30.710071,333.2,772044.0,1098815.0
2025-06-18 12:16:31.460772,333.2,772044.0,1098815.0
2025-06-18 12:16:31.707703,333.2,772012.0,1098806.0
2025-06-18 12:16:32.526352,333.2,772012.0,1098806.0
2025-06-18 12:16:32.698757,333.2,773052.0,1098626.0
2025-06-18 12:16:33.445245,333.2,773052.0,1098626.0
2025-06-18 12:16:33.713500,333.2,773107.0,1098617.0
2025-06-18 12:16:34.445677,333.2,773107.0,1098617.0
2025-06-18 12:16:34.702245,333.2,773658.0,1098602.0
2025-06-18 12:16:35.517121,333.2,773658.0,1098602.0
2025-06-18 12:16:35.699310,333.2,773067.0,1098472.0
2025-06-18 12:16:36.449221,333.15,773067.0,1098472.0
2025-06-18 12:16:36.607706,333.15,771778.0,1099854.0
2025-06-18 12:16:38.438323,333.2,771778.0,1099854.0
2025-06-18 12:16:38.446062,333.2,773292.0,1098701.0
2025-06-18 12:16:38.486434,333.15,773292.0,1098701.0
2025-06-18 12:16:38.607401,333.15,770249.0,1102779.0
2025-06-18 12:16:39.449324,333.15,770249.0,1102779.0
2025-06-18 12:16:39.604324,333.15,771024.0,1102629.0
2025-06-18 12:16:40.449411,333.15,771024.0,1102629.0
2025-06-18 12:16:40.700410,333.15,771017.0,1102672.0
2025-06-18 12:16:41.446759,333.15,771017.0,1102672.0
2025-06-18 12:16:41.800623,333.15,772261.0,1101578.0
2025-06-18 12:16:42.444024,333.15,772261.0,1101578.0
2025-06-18 12:16:42.804532,333.15,772358.0,1101482.0
2025-06-18 12:16:43.450932,333.15,772358.0,1101482.0
2025-06-18 12:16:43.803062,333.15,772262.0,1102516.0
2025-06-18 12:16:44.444359,333.15,772262.0,1102516.0
2025-06-18 12:16:44.804064,333.15,770034.0,1102566.0
2025-06-18 12:16:45.450041,333.1,770034.0,1102566.0
2025-06-18 12:16:45.805612,333.1,772403.0,1100467.0
2025-06-18 12:16:46.445396,333.05,772403.0,1100467.0
2025-06-18 12:16:46.805630,333.05,771456.0,1100859.0
2025-06-18 12:16:47.446251,333.1,771456.0,1100859.0
2025-06-18 12:16:47.805027,333.1,772398.0,1100344.0
2025-06-18 12:16:48.446614,333.1,772398.0,1100344.0
2025-06-18 12:16:48.804696,333.1,772386.0,1100428.0
2025-06-18 12:16:49.454004,333.1,772386.0,1100428.0
2025-06-18 12:16:49.808461,333.1,771886.0,1099768.0
2025-06-18 12:16:50.707621,333.1,771954.0,1099768.0
2025-06-18 12:16:51.449568,333.1,771954.0,1099768.0
2025-06-18 12:16:51.709863,333.25,774927.0,1093998.0
2025-06-18 12:16:52.446210,333.2,774927.0,1093998.0
2025-06-18 12:16:52.708888,333.2,774190.0,1099488.0
2025-06-18 12:16:53.709473,333.2,774743.0,1092229.0
2025-06-18 12:16:54.444815,333.3,774743.0,1092229.0
2025-06-18 12:16:54.719674,333.3,780837.0,1090519.0
2025-06-18 12:16:55.443963,333.25,780837.0,1090519.0
2025-06-18 12:16:55.712327,333.25,781174.0,1093513.0
2025-06-18 12:16:56.444519,333.2,781174.0,1093513.0
2025-06-18 12:16:56.713477,333.2,781443.0,1095103.0
2025-06-18 12:16:57.448136,333.2,781443.0,1095103.0
2025-06-18 12:16:57.714452,333.2,782178.0,1093685.0
2025-06-18 12:16:58.451534,333.3,782178.0,1093685.0
2025-06-18 12:16:58.732908,333.3,781540.0,1093397.0
2025-06-18 12:16:59.447424,333.3,781540.0,1093397.0
2025-06-18 12:16:59.715547,333.3,781876.0,1093054.0
2025-06-18 12:17:00.444496,333.3,781876.0,1093054.0
2025-06-18 12:17:00.713899,333.3,781812.0,1094427.0
2025-06-18 12:17:01.448629,333.3,781812.0,1094427.0
2025-06-18 12:17:01.916231,333.2,780857.0,1094583.0
2025-06-18 12:17:02.456812,333.3,780857.0,1094583.0
2025-06-18 12:17:02.916620,333.3,780928.0,1094281.0
2025-06-18 12:17:03.486238,333.3,780928.0,1094281.0
2025-06-18 12:17:03.918898,333.3,778799.0,1093076.0
2025-06-18 12:17:04.457565,333.2,778799.0,1093076.0
2025-06-18 12:17:04.821630,333.2,777803.0,1093077.0
2025-06-18 12:17:06.021270,333.2,772383.0,1095487.0
2025-06-18 12:17:06.448537,333.1,772383.0,1095487.0
2025-06-18 12:17:07.121230,333.1,774819.0,1095324.0
2025-06-18 12:17:07.454118,333.2,774819.0,1095324.0
2025-06-18 12:17:08.120489,333.2,774972.0,1095299.0
2025-06-18 12:17:08.448977,333.2,774972.0,1095299.0
2025-06-18 12:17:09.220137,333.1,774576.0,1095198.0
2025-06-18 12:17:09.449675,333.2,774576.0,1095198.0
2025-06-18 12:17:10.220948,333.2,775504.0,1095081.0
2025-06-18 12:17:10.450764,333.2,775504.0,1095081.0
2025-06-18 12:17:11.323790,333.2,775332.0,1094716.0
2025-06-18 12:17:11.447001,333.2,775332.0,1094716.0
2025-06-18 12:17:12.423678,333.2,773475.0,1095152.0
2025-06-18 12:17:12.493423,333.2,773475.0,1095152.0
2025-06-18 12:17:13.424697,333.2,773784.0,1102658.0
2025-06-18 12:17:13.453787,333.2,773784.0,1102658.0
2025-06-18 12:17:14.430730,333.2,773451.0,1097878.0
2025-06-18 12:17:15.426969,333.2,773625.0,1099454.0
2025-06-18 12:17:15.445687,333.2,773625.0,1099454.0
2025-06-18 12:17:16.447380,333.15,773625.0,1099454.0
2025-06-18 12:17:16.527133,333.15,773377.0,1099892.0
2025-06-18 12:17:17.450342,333.2,773377.0,1099892.0
2025-06-18 12:17:17.528839,333.2,773861.0,1099213.0
2025-06-18 12:17:18.446555,333.2,773861.0,1099213.0
2025-06-18 12:17:18.628972,333.2,774392.0,1099502.0
2025-06-18 12:17:19.448547,333.2,774392.0,1099502.0
2025-06-18 12:17:19.729427,333.2,775929.0,1097664.0
2025-06-18 12:17:20.447678,333.25,775929.0,1097664.0
2025-06-18 12:17:20.839543,333.25,776173.0,1098084.0
2025-06-18 12:17:21.448748,333.25,776173.0,1098084.0
2025-06-18 12:17:21.932455,333.25,774114.0,1097833.0
2025-06-18 12:17:22.449561,333.25,774114.0,1097833.0
2025-06-18 12:17:23.031796,333.25,774247.0,1097829.0
2025-06-18 12:17:24.134351,333.25,775941.0,1097822.0
2025-06-18 12:17:24.443157,333.25,775941.0,1097822.0
2025-06-18 12:17:25.031842,333.25,776816.0,1097756.0
2025-06-18 12:17:25.447451,333.2,776816.0,1097756.0
2025-06-18 12:17:25.934197,333.1,774290.0,1097421.0
2025-06-18 12:17:26.512524,333.1,774290.0,1097421.0
2025-06-18 12:17:26.933990,333.1,774487.0,1097500.0
2025-06-18 12:17:27.446318,333.2,774487.0,1097500.0
2025-06-18 12:17:27.936089,333.25,775136.0,1097148.0
2025-06-18 12:17:28.449020,333.2,775136.0,1097148.0
2025-06-18 12:17:28.936306,333.2,774829.0,1096960.0
2025-06-18 12:17:29.446731,333.2,774829.0,1096960.0
2025-06-18 12:17:30.035458,333.2,774541.0,1097741.0
2025-06-18 12:17:30.447883,333.25,774541.0,1097741.0
2025-06-18 12:17:31.137331,333.25,778763.0,1101530.0
2025-06-18 12:17:31.447424,333.25,778763.0,1101530.0
2025-06-18 12:17:32.241189,333.25,780354.0,1096306.0
2025-06-18 12:17:32.451002,333.25,780354.0,1096306.0
2025-06-18 12:17:33.237760,333.25,776130.0,1095202.0
2025-06-18 12:17:33.449752,333.25,776130.0,1095202.0
2025-06-18 12:17:34.452592,333.25,776130.0,1095202.0
2025-06-18 12:17:34.837954,333.25,779476.0,1098533.0
2025-06-18 12:17:35.450344,333.2,779476.0,1098533.0
2025-06-18 12:17:35.841606,333.2,776388.0,1097650.0
2025-06-18 12:17:36.446372,333.25,776388.0,1097650.0
2025-06-18 12:17:36.840269,333.25,778633.0,1096572.0
2025-06-18 12:17:37.447420,333.25,778633.0,1096572.0
2025-06-18 12:17:37.941336,333.25,778450.0,1096297.0
2025-06-18 12:17:38.450089,333.3,778450.0,1096297.0
2025-06-18 12:17:39.045309,333.3,778181.0,1095814.0
2025-06-18 12:17:39.447453,333.3,778181.0,1095814.0
2025-06-18 12:17:40.042759,333.3,778634.0,1095059.0
2025-06-18 12:17:40.453467,333.3,778634.0,1095059.0
2025-06-18 12:17:41.046307,333.3,778490.0,1095096.0
2025-06-18 12:17:41.447980,333.3,778490.0,1095096.0
2025-06-18 12:17:42.044466,333.3,780723.0,1095664.0
2025-06-18 12:17:42.468134,333.3,780723.0,1095664.0
2025-06-18 12:17:43.147333,333.3,781958.0,1094796.0
2025-06-18 12:17:43.456332,333.3,781958.0,1094796.0
2025-06-18 12:17:44.146576,333.3,781760.0,1095045.0
2025-06-18 12:17:44.450528,333.3,781760.0,1095045.0
2025-06-18 12:17:45.618021,333.25,782305.0,1094444.0
2025-06-18 12:17:45.716932,333.3,782305.0,1094444.0
2025-06-18 12:17:46.248675,333.3,781413.0,1094725.0
2025-06-18 12:17:46.458758,333.3,781413.0,1094725.0
2025-06-18 12:17:47.250168,333.3,780440.0,1094599.0
2025-06-18 12:17:47.451472,333.3,780440.0,1094599.0
2025-06-18 12:17:48.349857,333.3,780979.0,1094796.0
2025-06-18 12:17:48.448688,333.3,780979.0,1094796.0
2025-06-18 12:17:49.254318,333.3,780926.0,1094815.0
2025-06-18 12:17:49.451674,333.3,780926.0,1094815.0
2025-06-18 12:17:50.355281,333.25,780929.0,1094749.0
2025-06-18 12:17:50.458809,333.25,780929.0,1094749.0
2025-06-18 12:17:51.352589,333.3,779451.0,1094781.0
2025-06-18 12:17:51.453929,333.3,779451.0,1094781.0
2025-06-18 12:17:52.457219,333.3,779451.0,1094781.0
2025-06-18 12:17:52.463664,333.3,778668.0,1094475.0
2025-06-18 12:17:53.457053,333.3,778668.0,1094475.0
2025-06-18 12:17:53.467314,333.3,777532.0,1094450.0
2025-06-18 12:17:54.454234,333.3,777532.0,1094450.0
2025-06-18 12:17:54.555565,333.3,778790.0,1092898.0
2025-06-18 12:17:55.451712,333.3,778790.0,1092898.0
2025-06-18 12:17:55.557376,333.3,778727.0,1094192.0
2025-06-18 12:17:56.448841,333.2,778727.0,1094192.0
2025-06-18 12:17:56.662495,333.2,777508.0,1094427.0
2025-06-18 12:17:58.421204,333.25,777508.0,1094427.0
2025-06-18 12:17:58.464144,333.25,778829.0,1094113.0
2025-06-18 12:17:58.664904,333.25,780839.0,1094113.0
2025-06-18 12:17:59.452336,333.25,780839.0,1094113.0
2025-06-18 12:18:00.164915,333.25,779157.0,1094329.0
2025-06-18 12:18:00.453401,333.25,779157.0,1094329.0
2025-06-18 12:18:01.454576,333.25,779157.0,1094329.0
2025-06-18 12:18:01.663483,333.25,779680.0,1094304.0
2025-06-18 12:18:02.449804,333.25,779680.0,1094304.0
2025-06-18 12:18:02.663405,333.25,779764.0,1094441.0
2025-06-18 12:18:03.452868,333.25,779764.0,1094441.0
2025-06-18 12:18:03.560787,333.25,779740.0,1094362.0
2025-06-18 12:18:04.453818,333.25,779740.0,1094362.0
2025-06-18 12:18:04.690458,333.25,779729.0,1094418.0
2025-06-18 12:18:05.476091,333.25,779729.0,1094418.0
2025-06-18 12:18:05.760900,333.25,779948.0,1093867.0
2025-06-18 12:18:06.451055,333.25,779948.0,1093867.0
2025-06-18 12:18:06.763966,333.25,779745.0,1093922.0
2025-06-18 12:18:07.449702,333.25,779745.0,1093922.0
2025-06-18 12:18:07.669487,333.25,779872.0,1094128.0
2025-06-18 12:18:08.454078,333.25,779872.0,1094128.0
2025-06-18 12:18:08.763556,333.25,778311.0,1094092.0
2025-06-18 12:18:09.455154,333.2,778311.0,1094092.0
2025-06-18 12:18:09.866787,333.2,780512.0,1092820.0
2025-06-18 12:18:10.865966,333.3,779172.0,1093031.0
2025-06-18 12:18:11.453643,333.3,779172.0,1093031.0
2025-06-18 12:18:11.865274,333.3,780702.0,1091839.0
2025-06-18 12:18:12.464838,333.3,780702.0,1091839.0
2025-06-18 12:18:12.767259,333.3,780701.0,1092276.0
2025-06-18 12:18:13.462054,333.25,780701.0,1092276.0
2025-06-18 12:18:13.865874,333.25,780732.0,1094177.0
2025-06-18 12:18:14.454850,333.3,780732.0,1094177.0
2025-06-18 12:18:14.869984,333.2,780082.0,1093971.0
2025-06-18 12:18:15.513072,333.2,780082.0,1093971.0
2025-06-18 12:18:15.974279,333.2,779561.0,1094023.0
2025-06-18 12:18:16.454376,333.15,779561.0,1094023.0
2025-06-18 12:18:16.979275,333.2,780795.0,1094671.0
2025-06-18 12:18:17.458271,333.2,780795.0,1094671.0
2025-06-18 12:18:17.981666,333.2,778818.0,1095078.0
2025-06-18 12:18:18.453926,333.15,778818.0,1095078.0
2025-06-18 12:18:18.983478,333.15,778526.0,1094754.0
2025-06-18 12:18:19.453873,333.15,778526.0,1094754.0
2025-06-18 12:18:19.996068,333.2,778820.0,1094648.0
2025-06-18 12:18:20.454745,333.2,778820.0,1094648.0
2025-06-18 12:18:20.993822,333.2,778958.0,1096677.0
2025-06-18 12:18:21.510532,333.2,778958.0,1096677.0
2025-06-18 12:18:21.983162,333.2,778547.0,1096280.0
2025-06-18 12:18:22.463489,333.2,778547.0,1096280.0
2025-06-18 12:18:22.997810,333.2,776124.0,1096167.0
2025-06-18 12:18:23.453348,333.25,776124.0,1096167.0
2025-06-18 12:18:23.984918,333.25,775411.0,1097091.0
2025-06-18 12:18:24.454297,333.25,775411.0,1097091.0
2025-06-18 12:18:24.986784,333.25,776498.0,1097059.0
2025-06-18 12:18:25.454749,333.2,776498.0,1097059.0
2025-06-18 12:18:25.992932,333.15,776301.0,1096462.0
2025-06-18 12:18:26.454408,333.15,776301.0,1096462.0
2025-06-18 12:18:26.878357,333.2,776777.0,1096906.0
2025-06-18 12:18:27.453341,333.2,776777.0,1096906.0
2025-06-18 12:18:27.990673,333.2,775888.0,1097411.0
2025-06-18 12:18:28.452806,333.2,775888.0,1097411.0
2025-06-18 12:18:28.989023,333.25,774706.0,1097154.0
2025-06-18 12:18:29.459387,333.25,774706.0,1097154.0
2025-06-18 12:18:29.992691,333.25,776092.0,1097651.0
2025-06-18 12:18:30.458552,333.25,776092.0,1097651.0
2025-06-18 12:18:30.991081,333.25,777879.0,1097447.0
2025-06-18 12:18:31.460940,333.25,777879.0,1097447.0
2025-06-18 12:18:31.880625,333.25,777456.0,1097222.0
2025-06-18 12:18:32.454014,333.25,777456.0,1097222.0
2025-06-18 12:18:32.985554,333.25,776417.0,1097394.0
2025-06-18 12:18:33.454717,333.25,776417.0,1097394.0
2025-06-18 12:18:33.988153,333.25,777868.0,1102698.0
2025-06-18 12:18:34.453749,333.25,777868.0,1102698.0
2025-06-18 12:18:34.992320,333.25,777354.0,1102358.0
2025-06-18 12:18:35.460421,333.25,777354.0,1102358.0
2025-06-18 12:18:35.992748,333.15,776966.0,1096192.0
2025-06-18 12:18:36.452913,333.15,776966.0,1096192.0
2025-06-18 12:18:37.083575,333.2,777763.0,1095748.0
2025-06-18 12:18:37.454443,333.2,777763.0,1095748.0
2025-06-18 12:18:38.089795,333.2,778266.0,1096160.0
2025-06-18 12:18:38.508690,333.25,778266.0,1096160.0
2025-06-18 12:18:39.239922,333.25,779933.0,1095556.0
2025-06-18 12:18:39.472879,333.25,779933.0,1095556.0
2025-06-18 12:18:40.221346,333.25,777191.0,1097003.0
2025-06-18 12:18:40.491267,333.25,777191.0,1097003.0
2025-06-18 12:18:41.228867,333.2,778297.0,1101570.0
2025-06-18 12:18:41.489327,333.2,778297.0,1101570.0
2025-06-18 12:18:42.118574,333.2,776705.0,1101014.0
2025-06-18 12:18:42.486796,333.2,776705.0,1101014.0
2025-06-18 12:18:43.153035,333.2,776993.0,1101076.0
2025-06-18 12:18:44.214045,333.2,778450.0,1096905.0
2025-06-18 12:18:44.478041,333.2,778450.0,1096905.0
2025-06-18 12:18:45.318133,333.15,777423.0,1096217.0
2025-06-18 12:18:45.473912,333.15,777423.0,1096217.0
2025-06-18 12:18:46.408743,333.15,776653.0,1096391.0
2025-06-18 12:18:46.473084,333.15,776653.0,1096391.0
2025-06-18 12:18:47.408142,333.2,777364.0,1096931.0
2025-06-18 12:18:47.473338,333.2,777364.0,1096931.0
2025-06-18 12:18:48.485330,333.3,777364.0,1096931.0
2025-06-18 12:18:48.549337,333.15,783614.0,1095281.0
2025-06-18 12:18:49.478766,333.3,783614.0,1095281.0
2025-06-18 12:18:49.608656,333.3,781378.0,1095105.0
2025-06-18 12:18:50.475590,333.3,781378.0,1095105.0
2025-06-18 12:18:50.611918,333.3,782110.0,1094890.0
2025-06-18 12:18:51.473155,333.3,782110.0,1094890.0
2025-06-18 12:18:51.614160,333.3,783456.0,1095303.0
2025-06-18 12:18:52.476268,333.3,783456.0,1095303.0
2025-06-18 12:18:52.712401,333.3,782004.0,1094248.0
2025-06-18 12:18:53.488677,333.3,782004.0,1094248.0
2025-06-18 12:18:53.809612,333.3,779372.0,1093576.0
2025-06-18 12:18:54.471707,333.3,779372.0,1093576.0
2025-06-18 12:18:54.912621,333.3,777810.0,1095298.0
2025-06-18 12:18:55.474266,333.3,777810.0,1095298.0
2025-06-18 12:18:55.918302,333.2,780249.0,1095537.0
2025-06-18 12:18:56.462690,333.3,780249.0,1095537.0
2025-06-18 12:18:57.006461,333.3,784419.0,1094161.0
2025-06-18 12:18:57.456047,333.3,784419.0,1094161.0
2025-06-18 12:18:58.101108,333.3,783322.0,1093401.0
2025-06-18 12:18:58.237134,333.3,783322.0,1093401.0
2025-06-18 12:18:58.454033,333.2,783322.0,1093401.0
2025-06-18 12:18:59.201055,333.3,781591.0,1091884.0
2025-06-18 12:18:59.355968,333.3,781591.0,1091884.0
2025-06-18 12:18:59.454537,333.3,781591.0,1091884.0
2025-06-18 12:19:00.201847,333.3,782636.0,1093174.0
2025-06-18 12:19:00.305377,333.3,782636.0,1093174.0
2025-06-18 12:19:00.453751,333.3,782636.0,1093174.0
2025-06-18 12:19:01.278905,333.3,782636.0,1093174.0
2025-06-18 12:19:01.456589,333.3,782636.0,1093174.0
2025-06-18 12:19:01.600935,333.3,784831.0,1092985.0
2025-06-18 12:19:02.185986,333.3,784831.0,1092985.0
2025-06-18 12:19:02.457547,333.3,784831.0,1092985.0
2025-06-18 12:19:02.600876,333.3,784741.0,1092910.0
2025-06-18 12:19:03.039846,333.3,784741.0,1092910.0
2025-06-18 12:19:03.457662,333.3,784741.0,1092910.0
2025-06-18 12:19:03.602514,333.3,783864.0,1092329.0
2025-06-18 12:19:04.131516,333.3,783864.0,1092329.0
2025-06-18 12:19:04.455292,333.2,783864.0,1092329.0
2025-06-18 12:19:04.514819,333.3,784018.0,1092305.0
2025-06-18 12:19:04.708050,333.3,784018.0,1092305.0
2025-06-18 12:19:05.114016,333.3,784018.0,1092305.0
2025-06-18 12:19:05.455699,333.25,784018.0,1092305.0
2025-06-18 12:19:05.602046,333.25,784018.0,1092305.0
2025-06-18 12:19:05.609201,333.25,783617.0,1093602.0
2025-06-18 12:19:05.990842,333.25,783617.0,1093602.0
2025-06-18 12:19:06.461934,333.15,783617.0,1093602.0
2025-06-18 12:19:06.705844,333.15,782562.0,1094861.0
2025-06-18 12:19:06.866078,333.15,782562.0,1094861.0
2025-06-18 12:19:07.458250,333.2,782562.0,1094861.0
2025-06-18 12:19:07.807333,333.2,782641.0,1094827.0
2025-06-18 12:19:08.348538,333.2,782641.0,1094827.0
2025-06-18 12:19:08.459204,333.15,782641.0,1094827.0
2025-06-18 12:19:08.808963,333.15,786922.0,1094465.0
2025-06-18 12:19:09.220660,333.15,786922.0,1094465.0
2025-06-18 12:19:09.460174,333.25,786922.0,1094465.0
2025-06-18 12:19:09.908489,333.25,787438.0,1094401.0
2025-06-18 12:19:10.461872,333.25,787438.0,1094401.0
2025-06-18 12:19:10.634289,333.25,787438.0,1094401.0
2025-06-18 12:19:11.008960,333.25,787440.0,1093876.0
2025-06-18 12:19:11.456464,333.25,787440.0,1093876.0
2025-06-18 12:19:11.768716,333.25,787440.0,1093876.0
2025-06-18 12:19:12.111843,333.25,787434.0,1093732.0
2025-06-18 12:19:12.457523,333.25,787434.0,1093732.0
2025-06-18 12:19:12.914444,333.25,787434.0,1093732.0
2025-06-18 12:19:13.212286,333.15,786339.0,1093723.0
2025-06-18 12:19:13.457273,333.15,786339.0,1093723.0
2025-06-18 12:19:14.217378,333.15,785015.0,1093883.0
2025-06-18 12:19:14.392141,333.15,785015.0,1093883.0
2025-06-18 12:19:14.458125,333.25,785015.0,1093883.0
2025-06-18 12:19:15.214148,333.25,783369.0,1100335.0
2025-06-18 12:19:15.459791,333.2,783369.0,1100335.0
2025-06-18 12:19:16.314042,333.2,781498.0,1094220.0
2025-06-18 12:19:16.458915,333.2,781498.0,1094220.0
2025-06-18 12:19:18.449838,333.3,781932.0,1093761.0
2025-06-18 12:19:18.451749,333.3,781932.0,1093761.0
2025-06-18 12:19:18.505117,333.3,785900.0,1094275.0
2025-06-18 12:19:18.506159,333.3,785900.0,1094275.0
2025-06-18 12:19:19.416796,333.3,785332.0,1093985.0
2025-06-18 12:19:19.456900,333.3,785332.0,1093985.0
2025-06-18 12:19:20.456601,333.3,785332.0,1093985.0
2025-06-18 12:19:20.518536,333.3,784792.0,1093719.0
2025-06-18 12:19:21.464912,333.3,784792.0,1093719.0
2025-06-18 12:19:21.621322,333.3,785501.0,1093615.0
2025-06-18 12:19:22.456677,333.3,785501.0,1093615.0
2025-06-18 12:19:22.722040,333.3,785286.0,1094713.0
2025-06-18 12:19:23.456173,333.3,785286.0,1094713.0
2025-06-18 12:19:23.722833,333.3,784461.0,1094347.0
2025-06-18 12:19:24.459541,333.3,784461.0,1094347.0
2025-06-18 12:19:24.721953,333.3,785411.0,1097486.0
2025-06-18 12:19:25.823572,333.15,784665.0,1097596.0
2025-06-18 12:19:26.460489,333.15,784665.0,1097596.0
2025-06-18 12:19:26.927512,333.2,782152.0,1101331.0
2025-06-18 12:19:27.459018,333.2,782152.0,1101331.0
2025-06-18 12:19:27.925366,333.2,783858.0,1102652.0
2025-06-18 12:19:28.462887,333.2,783858.0,1102652.0
2025-06-18 12:19:28.825408,333.2,783363.0,1102642.0
2025-06-18 12:19:29.459471,333.2,783363.0,1102642.0
2025-06-18 12:19:29.827396,333.2,783537.0,1102418.0
2025-06-18 12:19:30.463982,333.2,783537.0,1102418.0
2025-06-18 12:19:30.829198,333.2,783608.0,1101906.0
2025-06-18 12:19:31.463517,333.2,783608.0,1101906.0
2025-06-18 12:19:31.930365,333.2,783828.0,1102129.0
2025-06-18 12:19:32.460719,333.2,783828.0,1102129.0
2025-06-18 12:19:32.931140,333.2,783858.0,1101675.0
2025-06-18 12:19:33.457423,333.3,783858.0,1101675.0
2025-06-18 12:19:33.830485,333.2,800916.0,1080593.0
2025-06-18 12:19:34.507424,333.3,800916.0,1080593.0
2025-06-18 12:19:34.930724,333.3,809180.0,1084903.0
2025-06-18 12:19:35.460868,333.3,809180.0,1084903.0
2025-06-18 12:19:35.935912,333.25,809865.0,1084864.0
2025-06-18 12:19:36.459476,333.45,809865.0,1084864.0
2025-06-18 12:19:36.937600,333.45,814622.0,1075137.0
2025-06-18 12:19:37.459365,333.45,814622.0,1075137.0
2025-06-18 12:19:38.031937,333.25,807086.0,1090461.0
2025-06-18 12:19:38.463421,333.25,807086.0,1090461.0
2025-06-18 12:19:39.134337,333.25,811631.0,1086109.0
2025-06-18 12:19:40.236670,333.25,803276.0,1086458.0
2025-06-18 12:19:40.463354,333.25,803276.0,1086458.0
2025-06-18 12:19:41.258934,333.3,813045.0,1082476.0
2025-06-18 12:19:41.478704,333.3,813045.0,1082476.0
2025-06-18 12:19:42.336518,333.3,807440.0,1090033.0
2025-06-18 12:19:42.458159,333.3,807440.0,1090033.0
2025-06-18 12:19:43.343394,333.3,807070.0,1090001.0
2025-06-18 12:19:43.460887,333.3,807070.0,1090001.0
2025-06-18 12:19:44.436790,333.3,811437.0,1089805.0
2025-06-18 12:19:44.456553,333.3,811437.0,1089805.0
2025-06-18 12:19:45.438725,333.25,812816.0,1090044.0
2025-06-18 12:19:45.463664,333.25,812816.0,1090044.0
2025-06-18 12:19:46.480631,333.3,812816.0,1090044.0
2025-06-18 12:19:46.539245,333.3,810471.0,1089091.0
2025-06-18 12:19:47.459815,333.3,810471.0,1089091.0
2025-06-18 12:19:47.640257,333.3,810065.0,1089183.0
2025-06-18 12:19:48.461530,333.3,810065.0,1089183.0
2025-06-18 12:19:48.539125,333.3,812017.0,1089046.0
2025-06-18 12:19:49.456871,333.3,812017.0,1089046.0
2025-06-18 12:19:49.540527,333.3,810446.0,1088984.0
2025-06-18 12:19:50.518249,333.3,810446.0,1088984.0
2025-06-18 12:19:50.540478,333.3,810446.0,1088688.0
2025-06-18 12:19:51.458294,333.3,810446.0,1088688.0
2025-06-18 12:19:51.541007,333.3,811906.0,1088518.0
2025-06-18 12:19:52.450585,333.3,809928.0,1088335.0
2025-06-18 12:19:52.502679,333.3,809928.0,1088335.0
2025-06-18 12:19:53.458492,333.3,809928.0,1088335.0
2025-06-18 12:19:53.543355,333.3,809996.0,1088389.0
2025-06-18 12:19:54.462189,333.3,809996.0,1088389.0
2025-06-18 12:19:54.644882,333.3,810003.0,1088385.0
2025-06-18 12:19:55.460120,333.25,810003.0,1088385.0
2025-06-18 12:19:55.745177,333.25,809710.0,1088310.0
2025-06-18 12:19:56.464526,333.25,809710.0,1088310.0
2025-06-18 12:19:56.845608,333.3,809558.0,1088139.0
2025-06-18 12:19:57.482107,333.3,809558.0,1088139.0
2025-06-18 12:19:57.758983,333.55,823592.0,1069805.0
2025-06-18 12:19:58.479832,333.5,823592.0,1069805.0
2025-06-18 12:19:58.863262,333.55,826491.0,1061174.0
2025-06-18 12:19:59.464153,333.6,826491.0,1061174.0
2025-06-18 12:19:59.947904,333.6,826675.0,1062362.0
2025-06-18 12:20:00.457102,333.6,826675.0,1062362.0
2025-06-18 12:20:01.445650,333.7,831644.0,1058446.0
2025-06-18 12:20:01.456445,333.7,831644.0,1058446.0
2025-06-18 12:20:02.347106,333.65,832182.0,1061105.0
2025-06-18 12:20:02.454977,333.65,832182.0,1061105.0
2025-06-18 12:20:03.347088,333.65,827283.0,1058260.0
2025-06-18 12:20:03.455845,333.65,827283.0,1058260.0
2025-06-18 12:20:04.455516,333.65,827283.0,1058260.0
2025-06-18 12:20:04.546527,333.65,827674.0,1058942.0
2025-06-18 12:20:05.456168,333.6,827674.0,1058942.0
2025-06-18 12:20:06.147861,333.6,825684.0,1058997.0
2025-06-18 12:20:06.456612,333.65,825684.0,1058997.0
2025-06-18 12:20:07.148986,333.65,825768.0,1058952.0
2025-06-18 12:20:07.463495,333.6,825768.0,1058952.0
2025-06-18 12:20:08.151333,333.65,821884.0,1059915.0
2025-06-18 12:20:08.455547,333.75,821884.0,1059915.0
2025-06-18 12:20:09.055460,333.75,824437.0,1062241.0
2025-06-18 12:20:09.458397,333.6,824437.0,1062241.0
2025-06-18 12:20:10.154781,333.6,823918.0,1063096.0
2025-06-18 12:20:11.154664,333.75,826951.0,1063721.0
2025-06-18 12:20:11.459403,333.75,826951.0,1063721.0
2025-06-18 12:20:12.253463,333.75,826785.0,1061903.0
2025-06-18 12:20:13.254263,333.75,829677.0,1061213.0
2025-06-18 12:20:14.255204,333.6,825473.0,1063391.0
2025-06-18 12:20:14.455297,333.6,825473.0,1063391.0
2025-06-18 12:20:15.256596,333.6,824562.0,1063211.0
2025-06-18 12:20:16.256034,333.55,816161.0,1067935.0
2025-06-18 12:20:16.458293,333.55,816161.0,1067935.0
2025-06-18 12:20:17.258761,333.55,816241.0,1066228.0
2025-06-18 12:20:17.461478,333.6,816241.0,1066228.0
2025-06-18 12:20:18.257352,333.6,819188.0,1064704.0
2025-06-18 12:20:18.457842,333.55,819188.0,1064704.0
2025-06-18 12:20:19.257153,333.55,817941.0,1064489.0
2025-06-18 12:20:19.544900,333.55,817941.0,1064489.0
2025-06-18 12:20:20.267689,333.55,817863.0,1064488.0
2025-06-18 12:20:20.459458,333.6,817863.0,1064488.0
2025-06-18 12:20:21.160683,333.55,818245.0,1064382.0
2025-06-18 12:20:21.518939,333.55,818245.0,1064382.0
2025-06-18 12:20:22.259903,333.6,814976.0,1067079.0
2025-06-18 12:20:22.461478,333.6,814976.0,1067079.0
2025-06-18 12:20:23.264199,333.5,814405.0,1065878.0
2025-06-18 12:20:23.462941,333.5,814405.0,1065878.0
2025-06-18 12:20:24.361569,333.5,815799.0,1066134.0
2025-06-18 12:20:24.458847,333.5,815799.0,1066134.0
2025-06-18 12:20:25.459574,333.5,815799.0,1066134.0
2025-06-18 12:20:25.473290,333.5,814740.0,1065904.0
2025-06-18 12:20:26.363182,333.5,814627.0,1067749.0
2025-06-18 12:20:26.456860,333.5,814627.0,1067749.0
2025-06-18 12:20:27.365761,333.55,823821.0,1066975.0
2025-06-18 12:20:27.457568,333.55,823821.0,1066975.0
2025-06-18 12:20:28.364368,333.5,823822.0,1066975.0
2025-06-18 12:20:28.458150,333.5,823822.0,1066975.0
2025-06-18 12:20:29.457060,333.5,823822.0,1066975.0
2025-06-18 12:20:29.473040,333.5,823555.0,1066975.0
2025-06-18 12:20:30.368729,333.5,821471.0,1068283.0
2025-06-18 12:20:30.557846,333.4,821471.0,1068283.0
2025-06-18 12:20:31.460641,333.4,821471.0,1068283.0
2025-06-18 12:20:31.468535,333.4,783926.0,1075259.0
2025-06-18 12:20:32.459118,333.35,783926.0,1075259.0
2025-06-18 12:20:32.509416,333.35,808596.0,1064737.0
2025-06-18 12:20:33.666652,333.35,808596.0,1064737.0
2025-06-18 12:20:33.835850,333.35,809283.0,1064757.0
2025-06-18 12:20:34.463152,333.4,809283.0,1064757.0
2025-06-18 12:20:34.511264,333.4,817332.0,1066491.0
2025-06-18 12:20:35.458513,333.35,817332.0,1066491.0
2025-06-18 12:20:35.511683,333.35,814922.0,1066705.0
2025-06-18 12:20:36.459101,333.35,814922.0,1066705.0
2025-06-18 12:20:36.517164,333.35,813798.0,1068458.0
2025-06-18 12:20:37.468047,333.4,813798.0,1068458.0
2025-06-18 12:20:37.475501,333.4,813798.0,1068455.0
2025-06-18 12:20:38.465081,333.35,813798.0,1068455.0
2025-06-18 12:20:38.515645,333.35,813767.0,1068455.0
2025-06-18 12:20:39.459719,333.35,813767.0,1068455.0
2025-06-18 12:20:39.570355,333.4,815016.0,1068793.0
2025-06-18 12:20:40.461011,333.35,815016.0,1068793.0
2025-06-18 12:20:40.673052,333.35,815343.0,1068523.0
2025-06-18 12:20:41.462662,333.4,815343.0,1068523.0
2025-06-18 12:20:41.718611,333.4,818174.0,1066794.0
2025-06-18 12:20:42.677122,333.4,819118.0,1067257.0
2025-06-18 12:20:43.460373,333.4,819118.0,1067257.0
2025-06-18 12:20:43.672207,333.6,819716.0,1067750.0
2025-06-18 12:20:44.460662,333.6,819716.0,1067750.0
2025-06-18 12:20:44.672372,333.6,820704.0,1067786.0
2025-06-18 12:20:45.672775,333.6,823446.0,1069211.0
2025-06-18 12:20:46.494150,333.5,823446.0,1069211.0
2025-06-18 12:20:46.703241,333.5,821479.0,1065504.0
2025-06-18 12:20:47.485615,333.55,821479.0,1065504.0
2025-06-18 12:20:47.688239,333.55,822433.0,1065499.0
2025-06-18 12:20:48.690720,333.55,823773.0,1065229.0
2025-06-18 12:20:49.675819,333.55,822226.0,1065229.0
2025-06-18 12:20:50.674442,333.55,822502.0,1065229.0
2025-06-18 12:20:51.461502,333.55,822502.0,1065229.0
2025-06-18 12:20:51.675333,333.55,822632.0,1066889.0
2025-06-18 12:20:52.476443,333.55,822632.0,1066889.0
2025-06-18 12:20:52.674963,333.55,823785.0,1066633.0
2025-06-18 12:20:53.461317,333.5,823785.0,1066633.0
2025-06-18 12:20:53.676491,333.5,823379.0,1066891.0
2025-06-18 12:20:54.541180,333.55,823379.0,1066891.0
2025-06-18 12:20:54.683043,333.55,823400.0,1067452.0
2025-06-18 12:20:55.465985,333.5,823400.0,1067452.0
2025-06-18 12:20:55.576479,333.5,819614.0,1070046.0
2025-06-18 12:20:56.544117,333.5,819614.0,1070046.0
2025-06-18 12:20:56.577952,333.5,822961.0,1068468.0
2025-06-18 12:20:57.462148,333.55,822961.0,1068468.0
2025-06-18 12:20:57.577340,333.55,821272.0,1068453.0
2025-06-18 12:20:58.579007,333.55,821214.0,1068437.0
2025-06-18 12:20:59.465325,333.55,821214.0,1068437.0
2025-06-18 12:20:59.580484,333.55,821360.0,1068160.0
2025-06-18 12:21:00.487438,333.55,822391.0,1068225.0
2025-06-18 12:21:01.463805,333.55,822391.0,1068225.0
2025-06-18 12:21:01.522657,333.55,819195.0,1067421.0
2025-06-18 12:21:02.463899,333.55,819195.0,1067421.0
2025-06-18 12:21:02.495975,333.55,822306.0,1067255.0
2025-06-18 12:21:03.489594,333.55,822264.0,1067256.0
2025-06-18 12:21:04.462279,333.55,822264.0,1067256.0
2025-06-18 12:21:04.583652,333.55,821299.0,1067997.0
2025-06-18 12:21:05.464160,333.5,821299.0,1067997.0
2025-06-18 12:21:05.583555,333.5,820967.0,1067103.0
2025-06-18 12:21:06.464052,333.5,820967.0,1067103.0
2025-06-18 12:21:06.583480,333.5,823347.0,1067073.0
2025-06-18 12:21:07.465033,333.5,823347.0,1067073.0
2025-06-18 12:21:07.488644,333.5,822835.0,1067069.0
2025-06-18 12:21:08.482055,333.55,822835.0,1067069.0
2025-06-18 12:21:08.508833,333.55,822748.0,1067068.0
2025-06-18 12:21:09.468382,333.55,822748.0,1067068.0
2025-06-18 12:21:09.583883,333.55,824086.0,1066747.0
2025-06-18 12:21:10.488625,333.55,822992.0,1066309.0
2025-06-18 12:21:11.469796,333.6,822992.0,1066309.0
2025-06-18 12:21:11.488160,333.6,822220.0,1066835.0
2025-06-18 12:21:12.463222,333.6,822220.0,1066835.0
2025-06-18 12:21:12.490517,333.6,823288.0,1066837.0
2025-06-18 12:21:13.473050,333.6,823288.0,1066837.0
2025-06-18 12:21:13.489201,333.6,821216.0,1066834.0
2025-06-18 12:21:14.491895,333.6,821154.0,1066334.0
2025-06-18 12:21:15.478231,333.55,821154.0,1066334.0
2025-06-18 12:21:15.534394,333.55,819962.0,1066685.0
2025-06-18 12:21:16.464359,333.6,819962.0,1066685.0
2025-06-18 12:21:16.491266,333.6,819972.0,1066681.0
2025-06-18 12:21:17.469801,333.6,819972.0,1066681.0
2025-06-18 12:21:17.589473,333.6,820174.0,1066910.0
2025-06-18 12:21:18.552031,333.55,820174.0,1066910.0
2025-06-18 12:21:18.591692,333.55,821579.0,1066976.0
2025-06-18 12:21:19.467660,333.55,821579.0,1066976.0
2025-06-18 12:21:19.592605,333.55,821422.0,1067082.0
2025-06-18 12:21:20.792795,333.55,823529.0,1065925.0
2025-06-18 12:21:21.467486,333.6,823529.0,1065925.0
2025-06-18 12:21:21.893478,333.55,824827.0,1066447.0
2025-06-18 12:21:22.465612,333.6,824827.0,1066447.0
2025-06-18 12:21:22.894853,333.6,824903.0,1065656.0
2025-06-18 12:21:23.999639,333.6,824555.0,1065652.0
2025-06-18 12:21:24.894687,333.6,824578.0,1065717.0
2025-06-18 12:21:25.471886,333.6,824578.0,1065717.0
2025-06-18 12:21:26.002637,333.55,820972.0,1070541.0
2025-06-18 12:21:26.469003,333.5,820972.0,1070541.0
2025-06-18 12:21:27.024261,333.45,819001.0,1070544.0
2025-06-18 12:21:27.468720,333.55,819001.0,1070544.0
2025-06-18 12:21:28.003340,333.5,817896.0,1070531.0
2025-06-18 12:21:28.467584,333.55,817896.0,1070531.0
2025-06-18 12:21:29.097058,333.45,822852.0,1070042.0
2025-06-18 12:21:29.465367,333.45,822852.0,1070042.0
2025-06-18 12:21:30.023629,333.45,823473.0,1070042.0
2025-06-18 12:21:30.467327,333.45,823473.0,1070042.0
2025-06-18 12:21:31.007371,333.45,822770.0,1070160.0
2025-06-18 12:21:31.483738,333.45,822770.0,1070160.0
2025-06-18 12:21:32.012654,333.45,823486.0,1069420.0
2025-06-18 12:21:32.466721,333.45,823486.0,1069420.0
2025-06-18 12:21:33.006343,333.45,823660.0,1070159.0
2025-06-18 12:21:33.471118,333.45,823660.0,1070159.0
2025-06-18 12:21:34.005849,333.55,822808.0,1070144.0
2025-06-18 12:21:34.468882,333.55,822808.0,1070144.0
2025-06-18 12:21:34.900939,333.55,822808.0,1070144.0
2025-06-18 12:21:35.468500,333.5,822808.0,1070144.0
2025-06-18 12:21:35.900830,333.5,822321.0,1071247.0
2025-06-18 12:21:36.549373,333.5,822321.0,1071247.0
2025-06-18 12:21:36.901319,333.5,821784.0,1071493.0
2025-06-18 12:21:37.463891,333.55,821784.0,1071493.0
2025-06-18 12:21:38.010584,333.55,821784.0,1071490.0
2025-06-18 12:21:39.014525,333.55,820481.0,1071481.0
2025-06-18 12:21:40.104063,333.55,822226.0,1071211.0
2025-06-18 12:21:41.017928,333.55,823333.0,1071513.0
2025-06-18 12:21:41.463007,333.55,823333.0,1071513.0
2025-06-18 12:21:42.019292,333.55,823114.0,1071536.0
2025-06-18 12:21:43.106987,333.55,820511.0,1072058.0
2025-06-18 12:21:44.107631,333.55,820572.0,1072058.0
2025-06-18 12:21:45.108839,333.5,821784.0,1072057.0
2025-06-18 12:21:45.478818,333.55,821784.0,1072057.0
2025-06-18 12:21:46.308855,333.5,821982.0,1071771.0
2025-06-18 12:21:46.466358,333.5,821982.0,1071771.0
2025-06-18 12:21:47.409142,333.55,821978.0,1073810.0
2025-06-18 12:21:47.463394,333.55,821978.0,1073810.0
2025-06-18 12:21:48.469489,333.5,821978.0,1073810.0
2025-06-18 12:21:48.520256,333.5,818213.0,1075593.0
2025-06-18 12:21:49.611731,333.5,817931.0,1074812.0
2025-06-18 12:21:50.469007,333.55,817931.0,1074812.0
2025-06-18 12:21:50.611053,333.55,817267.0,1074295.0
2025-06-18 12:21:51.464482,333.55,817267.0,1074295.0
2025-06-18 12:21:51.711755,333.55,817145.0,1072790.0
2025-06-18 12:21:52.481631,333.55,817145.0,1072790.0
2025-06-18 12:21:52.615021,333.55,818823.0,1073190.0
2025-06-18 12:21:53.810249,333.55,819999.0,1071688.0
2025-06-18 12:21:54.812788,333.55,820001.0,1072437.0
2025-06-18 12:21:55.912367,333.45,819237.0,1072530.0
2025-06-18 12:21:56.468917,333.45,819237.0,1072530.0
2025-06-18 12:21:56.912342,333.45,818263.0,1072520.0
2025-06-18 12:21:57.464665,333.5,818263.0,1072520.0
2025-06-18 12:21:57.912352,333.45,817572.0,1071520.0
2025-06-18 12:21:58.469310,333.45,817572.0,1071520.0
2025-06-18 12:21:58.749516,333.45,817572.0,1071520.0
2025-06-18 12:21:58.913058,333.45,818748.0,1071716.0
2025-06-18 12:21:59.883549,333.45,818748.0,1071716.0
2025-06-18 12:21:59.913488,333.45,817924.0,1071886.0
2025-06-18 12:22:00.822968,333.45,817924.0,1071886.0
2025-06-18 12:22:01.475246,333.5,817924.0,1071886.0
2025-06-18 12:22:01.802015,333.5,817924.0,1071886.0
2025-06-18 12:22:02.483446,333.5,817924.0,1071886.0
2025-06-18 12:22:02.715927,333.5,817924.0,1071886.0
2025-06-18 12:22:03.476686,333.45,817924.0,1071886.0
2025-06-18 12:22:03.564372,333.45,817924.0,1071886.0
2025-06-18 12:22:04.119898,333.45,819420.0,1074120.0
2025-06-18 12:22:04.710236,333.45,819420.0,1074120.0
2025-06-18 12:22:05.252721,333.45,819420.0,1074120.0
2025-06-18 12:22:05.476476,333.5,819420.0,1074120.0
2025-06-18 12:22:05.674920,333.5,819420.0,1074120.0
2025-06-18 12:22:06.198633,333.5,819420.0,1074120.0
2025-06-18 12:22:06.479840,333.45,819420.0,1074120.0
2025-06-18 12:22:06.536568,333.45,819420.0,1074120.0
2025-06-18 12:22:07.414105,333.45,819420.0,1074120.0
2025-06-18 12:22:07.477695,333.5,819420.0,1074120.0
2025-06-18 12:22:08.562361,333.45,819420.0,1074120.0
2025-06-18 12:22:08.622143,333.45,819027.0,1073985.0
2025-06-18 12:22:08.677419,333.45,819027.0,1073985.0
2025-06-18 12:22:09.650383,333.45,819027.0,1073985.0
2025-06-18 12:22:11.088880,333.45,819027.0,1073985.0
2025-06-18 12:22:11.481636,333.5,819027.0,1073985.0
2025-06-18 12:22:12.211933,333.5,819027.0,1073985.0
2025-06-18 12:22:13.353114,333.5,819027.0,1073985.0
2025-06-18 12:22:13.430197,333.5,815768.0,1073344.0
2025-06-18 12:22:13.477497,333.5,815768.0,1073344.0
2025-06-18 12:22:14.904853,333.5,815768.0,1073344.0
2025-06-18 12:22:15.534486,333.45,815768.0,1073344.0
2025-06-18 12:22:17.478013,333.5,815768.0,1073344.0
2025-06-18 12:22:18.331394,333.45,817452.0,1072785.0
2025-06-18 12:22:19.488433,333.45,817452.0,1072785.0
2025-06-18 12:22:21.480693,333.5,817452.0,1072785.0
2025-06-18 12:22:23.133344,333.5,818904.0,1072544.0
2025-06-18 12:22:23.564184,333.5,818904.0,1072544.0
2025-06-18 12:22:25.479993,333.45,818904.0,1072544.0
2025-06-18 12:22:27.483868,333.5,818904.0,1072544.0
2025-06-18 12:22:27.548768,333.5,818627.0,1072588.0
2025-06-18 12:22:31.491211,333.45,818627.0,1072588.0
2025-06-18 12:22:32.242136,333.45,814609.0,1078866.0
2025-06-18 12:22:33.512632,333.45,814609.0,1078866.0
2025-06-18 12:22:35.486225,333.45,814609.0,1078866.0
2025-06-18 12:22:37.147441,333.5,818137.0,1080645.0
2025-06-18 12:22:37.508658,333.5,818137.0,1080645.0
2025-06-18 12:22:39.510661,333.45,818137.0,1080645.0
2025-06-18 12:22:41.488276,333.5,818137.0,1080645.0
2025-06-18 12:22:42.053077,333.45,816060.0,1079798.0
2025-06-18 12:22:43.482490,333.45,816060.0,1079798.0
2025-06-18 12:22:45.495261,333.45,816060.0,1079798.0
2025-06-18 12:22:47.157817,333.35,805540.0,1089763.0
2025-06-18 12:22:47.494543,333.45,805540.0,1089763.0
2025-06-18 12:22:49.559057,333.25,805540.0,1089763.0
2025-06-18 12:22:51.478029,333.35,805540.0,1089763.0
2025-06-18 12:22:52.256329,333.35,799056.0,1094606.0
2025-06-18 12:22:53.481887,333.25,799056.0,1094606.0
2025-06-18 12:22:55.515991,333.15,799056.0,1094606.0
2025-06-18 12:22:57.262535,333.15,792336.0,1097924.0
2025-06-18 12:22:57.489181,333.15,792336.0,1097924.0
2025-06-18 12:22:59.479634,333.1,792336.0,1097924.0
2025-06-18 12:23:01.476909,333.15,792336.0,1097924.0
2025-06-18 12:23:02.168712,333.15,792491.0,1095778.0
2025-06-18 12:23:03.486213,333.05,792491.0,1095778.0
2025-06-18 12:23:07.368039,333.15,787934.0,1094061.0
2025-06-18 12:23:07.553013,333.15,787934.0,1094061.0
2025-06-18 12:23:11.600648,333.15,787934.0,1094061.0
2025-06-18 12:23:12.269779,333.15,788659.0,1093645.0
2025-06-18 12:23:13.602276,333.15,788659.0,1093645.0
2025-06-18 12:23:15.476809,333.05,788659.0,1093645.0
2025-06-18 12:23:16.872743,333.05,787333.0,1105573.0
2025-06-18 12:23:17.481580,333.05,787333.0,1105573.0
2025-06-18 12:23:19.476287,333.0,787333.0,1105573.0
2025-06-18 12:23:21.479843,333.0,787333.0,1105573.0
2025-06-18 12:23:21.774769,333.0,787763.0,1103976.0
2025-06-18 12:23:23.480974,333.0,787763.0,1103976.0
2025-06-18 12:23:25.481943,333.0,787763.0,1103976.0
2025-06-18 12:23:26.577654,333.0,782719.0,1103871.0
2025-06-18 12:23:27.481617,333.05,782719.0,1103871.0
2025-06-18 12:23:30.480251,333.05,782719.0,1103871.0
2025-06-18 12:23:31.181212,333.05,786957.0,1101935.0
2025-06-18 12:23:31.481390,333.0,786957.0,1101935.0
2025-06-18 12:23:32.478373,333.05,786957.0,1101935.0
2025-06-18 12:23:34.481462,333.05,786957.0,1101935.0
2025-06-18 12:23:35.798686,333.05,787773.0,1103672.0
2025-06-18 12:23:36.480766,333.05,787773.0,1103672.0
2025-06-18 12:23:37.480798,333.05,787773.0,1103672.0
2025-06-18 12:23:38.477558,333.05,787773.0,1103672.0
2025-06-18 12:23:39.480783,333.0,787773.0,1103672.0
2025-06-18 12:23:40.196643,333.05,784210.0,1104090.0
2025-06-18 12:23:40.479828,333.0,784210.0,1104090.0
2025-06-18 12:23:41.481740,333.0,784210.0,1104090.0
2025-06-18 12:23:43.480532,333.0,784210.0,1104090.0
2025-06-18 12:23:44.481286,333.05,784210.0,1104090.0
2025-06-18 12:23:44.788992,333.05,786226.0,1102965.0
2025-06-18 12:23:45.479905,333.0,786226.0,1102965.0
2025-06-18 12:23:46.478669,333.0,786226.0,1102965.0
2025-06-18 12:23:47.476239,333.05,786226.0,1102965.0
2025-06-18 12:23:48.486811,333.0,786226.0,1102965.0
2025-06-18 12:23:49.494273,333.0,786256.0,1103386.0
2025-06-18 12:23:51.485290,333.05,786256.0,1103386.0
2025-06-18 12:23:52.483172,333.05,786256.0,1103386.0
2025-06-18 12:23:54.298543,333.05,781609.0,1108862.0
2025-06-18 12:23:55.483325,333.0,781609.0,1108862.0
2025-06-18 12:23:56.496267,332.9,781609.0,1108862.0
2025-06-18 12:23:58.488533,332.9,781609.0,1108862.0
2025-06-18 12:23:59.501970,332.85,773232.0,1113643.0
2025-06-18 12:24:00.489200,332.85,773232.0,1113643.0
2025-06-18 12:24:01.477838,332.85,773232.0,1113643.0
2025-06-18 12:24:01.605243,332.85,773280.0,1112094.0
2025-06-18 12:24:02.482405,332.85,773280.0,1112094.0
2025-06-18 12:24:02.703417,332.85,764326.0,1117396.0
2025-06-18 12:24:03.478740,332.75,764326.0,1117396.0
2025-06-18 12:24:03.705103,332.75,757994.0,1124969.0
2025-06-18 12:24:04.482337,332.5,757994.0,1124969.0
2025-06-18 12:24:04.702805,332.5,732010.0,1134470.0
2025-06-18 12:24:05.480050,332.5,732010.0,1134470.0
2025-06-18 12:24:05.700990,332.5,733663.0,1127173.0
2025-06-18 12:24:06.480572,332.5,733663.0,1127173.0
2025-06-18 12:24:06.703929,332.5,734256.0,1126382.0
2025-06-18 12:24:07.500465,332.55,734256.0,1126382.0
2025-06-18 12:24:07.801168,332.55,734789.0,1125878.0
2025-06-18 12:24:08.903052,332.55,735052.0,1125878.0
2025-06-18 12:24:09.478302,332.5,735052.0,1125878.0
2025-06-18 12:24:10.007250,332.5,736447.0,1125959.0
2025-06-18 12:24:10.484118,332.7,736447.0,1125959.0
2025-06-18 12:24:11.106063,332.7,738031.0,1123961.0
2025-06-18 12:24:11.483029,332.7,738031.0,1123961.0
2025-06-18 12:24:12.204483,332.6,739781.0,1123344.0
2025-06-18 12:24:12.481282,332.6,739781.0,1123344.0
2025-06-18 12:24:13.305520,332.6,739984.0,1123614.0
2025-06-18 12:24:13.484376,332.75,739984.0,1123614.0
2025-06-18 12:24:14.309872,332.75,739565.0,1122862.0
2025-06-18 12:24:15.408899,332.75,740360.0,1123158.0
2025-06-18 12:24:16.489012,332.6,740360.0,1123158.0
2025-06-18 12:24:16.514749,332.6,740094.0,1122977.0
2025-06-18 12:24:17.485076,332.7,740094.0,1122977.0
2025-06-18 12:24:17.518764,332.7,740529.0,1122970.0
2025-06-18 12:24:18.616226,332.7,740165.0,1122464.0
2025-06-18 12:24:20.314238,332.7,739501.0,1123173.0
2025-06-18 12:24:20.483200,332.6,739501.0,1123173.0
2025-06-18 12:24:21.314992,332.6,739537.0,1123654.0
2025-06-18 12:24:21.480842,332.6,739537.0,1123654.0
2025-06-18 12:24:22.314707,332.6,740079.0,1120969.0
2025-06-18 12:24:22.480462,332.7,740079.0,1120969.0
2025-06-18 12:24:23.317945,332.6,740295.0,1120765.0
2025-06-18 12:24:23.559075,332.6,740295.0,1120765.0
2025-06-18 12:24:24.316771,332.75,741880.0,1120859.0
2025-06-18 12:24:24.481774,332.75,741880.0,1120859.0
2025-06-18 12:24:25.317816,332.6,741754.0,1122178.0
2025-06-18 12:24:25.483321,332.6,741754.0,1122178.0
2025-06-18 12:24:26.221014,332.6,740572.0,1121895.0
2025-06-18 12:24:26.483738,332.6,740572.0,1121895.0
2025-06-18 12:24:27.320325,332.7,740301.0,1121812.0
2025-06-18 12:24:27.483810,332.7,740301.0,1121812.0
2025-06-18 12:24:28.322570,332.7,740810.0,1121849.0
2025-06-18 12:24:28.558672,332.7,740810.0,1121849.0
2025-06-18 12:24:29.321355,332.7,740810.0,1121846.0
2025-06-18 12:24:30.327688,332.55,740313.0,1121995.0
2025-06-18 12:24:30.483846,332.55,740313.0,1121995.0
2025-06-18 12:24:31.324102,332.7,740589.0,1121454.0
2025-06-18 12:24:31.483772,332.7,740589.0,1121454.0
2025-06-18 12:24:32.323023,332.7,740726.0,1121148.0
2025-06-18 12:24:32.507244,332.7,740726.0,1121148.0
2025-06-18 12:24:33.333231,332.75,743476.0,1122942.0
2025-06-18 12:24:33.482222,332.75,743476.0,1122942.0
2025-06-18 12:24:34.324332,332.8,746184.0,1117138.0
2025-06-18 12:24:34.483363,332.8,746184.0,1117138.0
2025-06-18 12:24:35.326598,332.75,747632.0,1115461.0
2025-06-18 12:24:35.483018,332.75,747632.0,1115461.0
2025-06-18 12:24:36.325619,332.8,746998.0,1116642.0
2025-06-18 12:24:36.482549,332.8,746998.0,1116642.0
2025-06-18 12:24:37.328603,332.8,747911.0,1117401.0
2025-06-18 12:24:37.485356,332.8,747911.0,1117401.0
2025-06-18 12:24:38.328644,332.8,749988.0,1117035.0
2025-06-18 12:24:38.484090,332.8,749988.0,1117035.0
2025-06-18 12:24:39.328140,332.8,751746.0,1115654.0
2025-06-18 12:24:39.482325,332.8,751746.0,1115654.0
2025-06-18 12:24:40.429929,332.8,751743.0,1116461.0
2025-06-18 12:24:40.482159,332.8,751743.0,1116461.0
2025-06-18 12:24:41.328663,332.8,751745.0,1115900.0
2025-06-18 12:24:41.485567,332.8,751745.0,1115900.0
2025-06-18 12:24:42.426950,332.8,750747.0,1115053.0
2025-06-18 12:24:42.481844,332.8,750747.0,1115053.0
2025-06-18 12:24:43.427464,332.8,751048.0,1115630.0
2025-06-18 12:24:43.482259,332.8,751048.0,1115630.0
2025-06-18 12:24:44.428539,332.8,747490.0,1115652.0
2025-06-18 12:24:44.482688,332.8,747490.0,1115652.0
2025-06-18 12:24:45.429532,332.8,748385.0,1121395.0
2025-06-18 12:24:46.429104,332.6,744181.0,1126228.0
2025-06-18 12:24:46.483696,332.65,744181.0,1126228.0
2025-06-18 12:24:47.328603,332.6,744245.0,1124469.0
2025-06-18 12:24:47.484811,332.6,744245.0,1124469.0
2025-06-18 12:24:48.537653,332.6,744595.0,1123857.0
2025-06-18 12:24:49.497858,332.6,744595.0,1123857.0
2025-06-18 12:24:49.630798,332.6,744310.0,1126116.0
2025-06-18 12:24:50.730534,332.6,743745.0,1125770.0
2025-06-18 12:24:51.485801,332.65,743745.0,1125770.0
2025-06-18 12:24:51.731368,332.65,743757.0,1124802.0
2025-06-18 12:24:52.483794,332.65,743757.0,1124802.0
2025-06-18 12:24:52.731430,332.55,743306.0,1122487.0
2025-06-18 12:24:53.482751,332.55,743306.0,1122487.0
2025-06-18 12:24:53.834131,332.55,741527.0,1123317.0
2025-06-18 12:24:54.835194,332.55,744057.0,1122979.0
2025-06-18 12:24:55.486049,332.7,744057.0,1122979.0
2025-06-18 12:24:55.834217,332.55,748842.0,1121470.0
2025-06-18 12:24:56.483977,332.55,748842.0,1121470.0
2025-06-18 12:24:56.935217,332.55,748481.0,1121259.0
2025-06-18 12:24:57.480327,332.75,748481.0,1121259.0
2025-06-18 12:24:57.935270,332.75,750942.0,1123795.0
2025-06-18 12:24:59.037805,332.75,752173.0,1123795.0
2025-06-18 12:24:59.269557,332.75,752173.0,1123795.0
2025-06-18 12:25:00.045206,332.75,749576.0,1123968.0
2025-06-18 12:25:00.391424,332.75,749576.0,1123968.0
2025-06-18 12:25:00.482158,332.75,749576.0,1123968.0
2025-06-18 12:25:01.349301,332.75,749576.0,1123968.0
2025-06-18 12:25:01.486025,332.75,749576.0,1123968.0
2025-06-18 12:25:01.837090,332.75,753663.0,1120682.0
2025-06-18 12:25:02.333677,332.75,753663.0,1120682.0
2025-06-18 12:25:02.506597,332.75,753663.0,1120682.0
2025-06-18 12:25:02.838766,332.75,753495.0,1121336.0
2025-06-18 12:25:03.257204,332.75,753495.0,1121336.0
2025-06-18 12:25:03.839760,332.6,753529.0,1121336.0
2025-06-18 12:25:04.108008,332.6,753529.0,1121336.0
2025-06-18 12:25:04.483264,332.6,753529.0,1121336.0
2025-06-18 12:25:04.840746,332.6,752456.0,1122301.0
2025-06-18 12:25:05.217163,332.6,752456.0,1122301.0
2025-06-18 12:25:05.487234,332.7,752456.0,1122301.0
2025-06-18 12:25:05.797603,332.7,752456.0,1122301.0
2025-06-18 12:25:05.841374,332.65,751949.0,1123885.0
2025-06-18 12:25:06.215160,332.65,751949.0,1123885.0
2025-06-18 12:25:06.488562,332.6,751949.0,1123885.0
2025-06-18 12:25:06.709979,332.6,751949.0,1123885.0
2025-06-18 12:25:06.939984,332.6,750319.0,1125269.0
2025-06-18 12:25:07.088613,332.6,750319.0,1125269.0
2025-06-18 12:25:07.486241,332.65,750319.0,1125269.0
2025-06-18 12:25:07.979873,332.65,750319.0,1125269.0
2025-06-18 12:25:08.045639,332.65,750396.0,1125265.0
2025-06-18 12:25:08.485872,332.65,750396.0,1125265.0
2025-06-18 12:25:09.048219,332.6,752318.0,1123502.0
2025-06-18 12:25:09.238339,332.6,752318.0,1123502.0
2025-06-18 12:25:09.489138,332.6,752318.0,1123502.0
2025-06-18 12:25:10.115010,332.6,752318.0,1123502.0
2025-06-18 12:25:10.149726,332.6,752163.0,1123819.0
2025-06-18 12:25:10.490683,332.7,752163.0,1123819.0
2025-06-18 12:25:11.243172,332.7,752003.0,1124208.0
2025-06-18 12:25:11.490993,332.7,752003.0,1124208.0
2025-06-18 12:25:11.822554,332.7,752003.0,1124208.0
2025-06-18 12:25:12.342366,332.7,751482.0,1123183.0
2025-06-18 12:25:12.942498,332.7,751482.0,1123183.0
2025-06-18 12:25:13.344086,332.6,752144.0,1123068.0
2025-06-18 12:25:13.492001,332.6,752144.0,1123068.0
2025-06-18 12:25:14.107427,332.6,752144.0,1123068.0
2025-06-18 12:25:14.442724,332.6,751219.0,1123290.0
2025-06-18 12:25:15.344253,332.6,749673.0,1123770.0
2025-06-18 12:25:15.594000,332.6,749673.0,1123770.0
2025-06-18 12:25:16.449111,332.6,750978.0,1123779.0
2025-06-18 12:25:16.489578,332.6,750978.0,1123779.0
2025-06-18 12:25:17.486257,332.65,750978.0,1123779.0
2025-06-18 12:25:17.551011,332.65,750983.0,1122930.0
2025-06-18 12:25:18.486162,332.6,750983.0,1122930.0
2025-06-18 12:25:18.552120,332.6,750780.0,1123300.0
2025-06-18 12:25:19.492358,332.65,750780.0,1123300.0
2025-06-18 12:25:19.548851,332.65,750739.0,1123121.0
2025-06-18 12:25:20.558401,332.65,748642.0,1124280.0
2025-06-18 12:25:21.485009,332.6,748642.0,1124280.0
2025-06-18 12:25:21.561051,332.6,749786.0,1124423.0
2025-06-18 12:25:22.485305,332.7,749786.0,1124423.0
2025-06-18 12:25:22.650639,332.7,750387.0,1121019.0
2025-06-18 12:25:23.484715,332.8,750387.0,1121019.0
2025-06-18 12:25:23.649650,332.8,749679.0,1120389.0
2025-06-18 12:25:24.487202,332.75,749679.0,1120389.0
2025-06-18 12:25:24.751181,332.8,750688.0,1123484.0
2025-06-18 12:25:25.486016,332.7,750688.0,1123484.0
2025-06-18 12:25:25.851239,332.7,748884.0,1125151.0
2025-06-18 12:25:26.485722,332.7,748884.0,1125151.0
2025-06-18 12:25:26.953101,332.7,748055.0,1125152.0
2025-06-18 12:25:27.495102,332.7,748055.0,1125152.0
2025-06-18 12:25:28.054629,332.7,748798.0,1125568.0
2025-06-18 12:25:29.055401,332.65,750106.0,1126823.0
2025-06-18 12:25:29.484180,332.65,750106.0,1126823.0
2025-06-18 12:25:29.956082,332.65,750439.0,1125474.0
2025-06-18 12:25:30.488223,332.65,750439.0,1125474.0
2025-06-18 12:25:30.955223,332.65,747563.0,1127931.0
2025-06-18 12:25:31.485175,332.6,747563.0,1127931.0
2025-06-18 12:25:32.056561,332.6,747753.0,1129806.0
2025-06-18 12:25:32.487334,332.65,747753.0,1129806.0
2025-06-18 12:25:33.163527,332.6,748004.0,1129097.0
2025-06-18 12:25:33.501757,332.6,748004.0,1129097.0
2025-06-18 12:25:34.156977,332.65,748085.0,1128890.0
2025-06-18 12:25:34.496365,332.65,748085.0,1128890.0
2025-06-18 12:25:35.263370,332.6,747514.0,1128902.0
2025-06-18 12:25:35.490496,332.6,747514.0,1128902.0
2025-06-18 12:25:36.483562,332.5,747514.0,1128902.0
2025-06-18 12:25:36.859928,332.5,740127.0,1133075.0
2025-06-18 12:25:37.488637,332.6,740127.0,1133075.0
2025-06-18 12:25:37.860484,332.6,740545.0,1133036.0
2025-06-18 12:25:38.765435,332.6,739649.0,1132883.0
2025-06-18 12:25:39.485711,332.6,739649.0,1132883.0
2025-06-18 12:25:39.762822,332.6,739748.0,1132059.0
2025-06-18 12:25:40.489968,332.6,739748.0,1132059.0
2025-06-18 12:25:40.864898,332.6,739444.0,1131611.0
2025-06-18 12:25:41.491211,332.65,739444.0,1131611.0
2025-06-18 12:25:41.961945,332.65,739562.0,1131410.0
2025-06-18 12:25:42.484533,332.6,739562.0,1131410.0
2025-06-18 12:25:43.062972,332.6,739121.0,1132039.0
2025-06-18 12:25:44.165885,332.6,739027.0,1132039.0
2025-06-18 12:25:44.484800,332.65,739027.0,1132039.0
2025-06-18 12:25:45.264639,332.5,737249.0,1134939.0
2025-06-18 12:25:45.487303,332.5,737249.0,1134939.0
2025-06-18 12:25:46.364943,332.6,738248.0,1132591.0
2025-06-18 12:25:46.491570,332.6,738248.0,1132591.0
2025-06-18 12:25:47.368477,332.6,738488.0,1132336.0
2025-06-18 12:25:47.482832,332.5,738488.0,1132336.0
2025-06-18 12:25:48.466992,332.5,739209.0,1132336.0
2025-06-18 12:25:49.491514,332.5,739209.0,1132336.0
2025-06-18 12:25:49.569552,332.5,738227.0,1132019.0
2025-06-18 12:25:50.490109,332.6,738227.0,1132019.0
2025-06-18 12:25:50.672805,332.6,737910.0,1131932.0
2025-06-18 12:25:51.486348,332.6,737910.0,1131932.0
2025-06-18 12:25:51.771396,332.6,738538.0,1131934.0
2025-06-18 12:25:52.490295,332.6,738538.0,1131934.0
2025-06-18 12:25:52.676901,332.6,737993.0,1132582.0
2025-06-18 12:25:53.486189,332.5,737993.0,1132582.0
2025-06-18 12:25:53.774482,332.5,737403.0,1132960.0
2025-06-18 12:25:54.484545,332.6,737403.0,1132960.0
2025-06-18 12:25:54.875489,332.6,737594.0,1132932.0
2025-06-18 12:25:55.975234,332.5,734750.0,1134023.0
2025-06-18 12:25:56.486808,332.5,734750.0,1134023.0
2025-06-18 12:25:56.875939,332.5,737963.0,1133557.0
2025-06-18 12:25:57.484747,332.55,737963.0,1133557.0
2025-06-18 12:25:57.983232,332.55,737717.0,1133537.0
2025-06-18 12:25:58.489158,332.55,737717.0,1133537.0
2025-06-18 12:25:58.984447,332.55,737992.0,1133765.0
2025-06-18 12:25:59.979621,332.55,737819.0,1134640.0
2025-06-18 12:26:01.488159,332.55,737819.0,1134640.0
2025-06-18 12:26:01.781285,332.55,738222.0,1134440.0
2025-06-18 12:26:02.489525,332.65,738222.0,1134440.0
2025-06-18 12:26:02.881589,332.65,741270.0,1132818.0
2025-06-18 12:26:04.622187,332.65,741127.0,1132864.0
2025-06-18 12:26:04.720668,332.65,741127.0,1132864.0
2025-06-18 12:26:04.952059,332.65,741262.0,1132028.0
2025-06-18 12:26:05.882096,332.5,740978.0,1131411.0
2025-06-18 12:26:06.524169,332.5,740978.0,1131411.0
2025-06-18 12:26:06.781824,332.5,740692.0,1131310.0
2025-06-18 12:26:07.485664,332.6,740692.0,1131310.0
2025-06-18 12:26:07.883988,332.6,740182.0,1131901.0
2025-06-18 12:26:08.486781,332.6,740182.0,1131901.0
2025-06-18 12:26:08.884089,332.6,738591.0,1131985.0
2025-06-18 12:26:09.984048,332.6,738742.0,1132196.0
2025-06-18 12:26:11.084624,332.6,739985.0,1124867.0
2025-06-18 12:26:11.489507,332.6,739985.0,1124867.0
2025-06-18 12:26:12.186658,332.6,742265.0,1117368.0
2025-06-18 12:26:13.491056,332.5,742265.0,1117368.0
2025-06-18 12:26:14.188985,332.5,740954.0,1117341.0
2025-06-18 12:26:14.509829,332.6,740954.0,1117341.0
2025-06-18 12:26:15.096079,332.55,741132.0,1118854.0
2025-06-18 12:26:15.491900,332.55,741132.0,1118854.0
2025-06-18 12:26:16.189745,332.5,739334.0,1118034.0
2025-06-18 12:26:16.486656,332.5,739334.0,1118034.0
2025-06-18 12:26:17.290987,332.5,739592.0,1120377.0
2025-06-18 12:26:17.498209,332.55,739592.0,1120377.0
2025-06-18 12:26:18.193095,332.55,741678.0,1120649.0
2025-06-18 12:26:18.488182,332.5,741678.0,1120649.0
2025-06-18 12:26:19.192976,332.5,741773.0,1120732.0
2025-06-18 12:26:20.093737,332.5,741135.0,1120732.0
2025-06-18 12:26:21.196822,332.55,741135.0,1120848.0
2025-06-18 12:26:21.492689,332.55,741135.0,1120848.0
2025-06-18 12:26:22.195733,332.55,741223.0,1119942.0
2025-06-18 12:26:22.487747,332.55,741223.0,1119942.0
2025-06-18 12:26:23.197172,332.5,741053.0,1119931.0
2025-06-18 12:26:23.488451,332.5,741053.0,1119931.0
2025-06-18 12:26:24.195639,332.5,741690.0,1120769.0
2025-06-18 12:26:25.097688,332.5,741008.0,1119926.0
2025-06-18 12:26:25.487078,332.5,741008.0,1119926.0
2025-06-18 12:26:26.199314,332.5,741063.0,1119925.0
2025-06-18 12:26:26.491575,332.5,741063.0,1119925.0
2025-06-18 12:26:27.199562,332.55,740883.0,1120694.0
2025-06-18 12:26:27.487683,332.5,740883.0,1120694.0
2025-06-18 12:26:28.199786,332.5,740253.0,1120694.0
2025-06-18 12:26:29.102469,332.5,741059.0,1119966.0
2025-06-18 12:26:30.101462,332.5,740425.0,1120809.0
2025-06-18 12:26:31.104690,332.55,740390.0,1120062.0
2025-06-18 12:26:31.493545,332.5,740390.0,1120062.0
2025-06-18 12:26:32.100066,332.5,739912.0,1121010.0
2025-06-18 12:26:32.493429,332.55,739912.0,1121010.0
2025-06-18 12:26:33.001395,332.55,736175.0,1120994.0
2025-06-18 12:26:33.491298,332.5,736175.0,1120994.0
2025-06-18 12:26:34.002120,332.55,738823.0,1121133.0
2025-06-18 12:26:34.491847,332.5,738823.0,1121133.0
2025-06-18 12:26:35.002324,332.5,739364.0,1120695.0
2025-06-18 12:26:35.490815,332.5,739364.0,1120695.0
2025-06-18 12:26:36.103974,332.5,737742.0,1120165.0
2025-06-18 12:26:36.489989,332.5,737742.0,1120165.0
2025-06-18 12:26:37.216253,332.5,738285.0,1120538.0
2025-06-18 12:26:37.487326,332.55,738285.0,1120538.0
2025-06-18 12:26:38.207209,332.55,738046.0,1120653.0
2025-06-18 12:26:39.805317,332.55,738334.0,1120653.0
2025-06-18 12:26:40.806623,332.55,738492.0,1120949.0
2025-06-18 12:26:41.489246,332.55,738492.0,1120949.0
2025-06-18 12:26:41.806648,332.55,736231.0,1120670.0
2025-06-18 12:26:42.490619,332.55,736231.0,1120670.0
2025-06-18 12:26:42.706411,332.55,736175.0,1120670.0
2025-06-18 12:26:43.494367,332.55,736175.0,1120670.0
2025-06-18 12:26:43.808725,332.55,736615.0,1120268.0
2025-06-18 12:26:44.908673,332.55,735499.0,1119971.0
2025-06-18 12:26:45.490986,332.5,735499.0,1119971.0
2025-06-18 12:26:45.909053,332.45,735400.0,1120868.0
2025-06-18 12:26:46.499440,332.45,735400.0,1120868.0
2025-06-18 12:26:47.010591,332.45,737104.0,1121834.0
2025-06-18 12:26:47.491385,332.55,737104.0,1121834.0
2025-06-18 12:26:48.112207,332.55,735506.0,1121888.0
2025-06-18 12:26:49.211284,332.55,736905.0,1121539.0
2025-06-18 12:26:50.316141,332.55,735848.0,1121474.0
2025-06-18 12:26:51.412034,332.55,737790.0,1121450.0
2025-06-18 12:26:51.493047,332.55,737790.0,1121450.0
2025-06-18 12:26:52.424908,332.45,736597.0,1121617.0
2025-06-18 12:26:52.496097,332.45,736597.0,1121617.0
2025-06-18 12:26:53.490848,332.55,736597.0,1121617.0
2025-06-18 12:26:53.529780,332.55,736627.0,1121616.0
2025-06-18 12:26:54.616264,332.55,736712.0,1122459.0
2025-06-18 12:26:55.490447,332.45,736712.0,1122459.0
2025-06-18 12:26:55.715182,332.45,736351.0,1121835.0
2025-06-18 12:26:56.484741,332.45,736351.0,1121835.0
2025-06-18 12:26:56.815595,332.5,736345.0,1122883.0
2025-06-18 12:26:57.492526,332.5,736345.0,1122883.0
2025-06-18 12:26:57.812356,332.5,737231.0,1123254.0
2025-06-18 12:26:58.489429,332.5,737231.0,1123254.0
2025-06-18 12:26:58.813791,332.5,736337.0,1121811.0
2025-06-18 12:26:59.812550,332.5,736340.0,1122663.0
2025-06-18 12:27:00.813290,332.5,738345.0,1119787.0
2025-06-18 12:27:01.493141,332.5,738345.0,1119787.0
2025-06-18 12:27:02.492524,332.5,738345.0,1119787.0
2025-06-18 12:27:03.491623,332.45,738345.0,1119787.0
2025-06-18 12:27:04.011598,332.45,736338.0,1120846.0
2025-06-18 12:27:04.493128,332.45,736338.0,1120846.0
2025-06-18 12:27:05.488335,332.45,736338.0,1120846.0
2025-06-18 12:27:06.491588,332.5,736338.0,1120846.0
2025-06-18 12:27:07.484693,332.4,736338.0,1120846.0
2025-06-18 12:27:08.489154,332.5,736338.0,1120846.0
2025-06-18 12:27:09.019051,332.5,736295.0,1119347.0
2025-06-18 12:27:09.490194,332.5,736295.0,1119347.0
2025-06-18 12:27:10.493344,332.5,736295.0,1119347.0
2025-06-18 12:27:11.487199,332.5,736295.0,1119347.0
2025-06-18 12:27:12.486945,332.5,736295.0,1119347.0
2025-06-18 12:27:13.528839,332.5,736295.0,1119347.0
2025-06-18 12:27:13.714423,332.5,736202.0,1122496.0
2025-06-18 12:27:14.494798,332.55,736202.0,1122496.0
2025-06-18 12:27:15.490717,332.45,736202.0,1122496.0
2025-06-18 12:27:16.488564,332.4,736202.0,1122496.0
2025-06-18 12:27:17.484249,332.35,736202.0,1122496.0
2025-06-18 12:27:18.490883,332.35,736202.0,1122496.0
2025-06-18 12:27:18.617035,332.5,738451.0,1125726.0
2025-06-18 12:27:19.488078,332.5,738451.0,1125726.0
2025-06-18 12:27:20.486757,332.45,738451.0,1125726.0
2025-06-18 12:27:21.507034,332.35,738451.0,1125726.0
2025-06-18 12:27:22.524312,332.5,738451.0,1125726.0
2025-06-18 12:27:23.488111,332.35,738451.0,1125726.0
2025-06-18 12:27:23.523685,332.35,736022.0,1122274.0
2025-06-18 12:27:24.484391,332.4,736022.0,1122274.0
2025-06-18 12:27:25.487085,332.45,736022.0,1122274.0
2025-06-18 12:27:26.488137,332.45,736022.0,1122274.0
2025-06-18 12:27:27.484194,332.45,736022.0,1122274.0
2025-06-18 12:27:28.324303,332.45,734868.0,1124681.0
2025-06-18 12:27:29.494076,332.45,734868.0,1124681.0
2025-06-18 12:27:31.521505,332.4,734868.0,1124681.0
2025-06-18 12:27:32.481714,332.45,734868.0,1124681.0
2025-06-18 12:27:33.031041,332.45,732694.0,1126465.0
2025-06-18 12:27:34.487084,332.4,732694.0,1126465.0
2025-06-18 12:27:36.488511,332.35,732694.0,1126465.0
2025-06-18 12:27:38.039309,332.4,729465.0,1127854.0
2025-06-18 12:27:38.491023,332.5,729465.0,1127854.0
2025-06-18 12:27:42.484550,332.4,729465.0,1127854.0
2025-06-18 12:27:42.728591,332.4,731951.0,1125873.0
2025-06-18 12:27:45.487896,332.4,731951.0,1125873.0
2025-06-18 12:27:47.731861,332.4,729434.0,1127678.0
2025-06-18 12:27:48.488195,332.35,729434.0,1127678.0
2025-06-18 12:27:50.489621,332.45,729434.0,1127678.0
2025-06-18 12:27:52.634923,332.3,707137.0,1141761.0
2025-06-18 12:27:53.483774,332.3,707137.0,1141761.0
2025-06-18 12:27:57.496473,332.2,707137.0,1141761.0
2025-06-18 12:27:57.543234,332.2,712775.0,1137124.0
2025-06-18 12:27:58.490280,332.15,712775.0,1137124.0
2025-06-18 12:27:59.637374,332.15,712775.0,1137124.0
2025-06-18 12:28:00.489557,332.2,712775.0,1137124.0
2025-06-18 12:28:00.778287,332.2,712775.0,1137124.0
2025-06-18 12:28:01.479691,332.2,712775.0,1137124.0
2025-06-18 12:28:01.638221,332.15,711165.0,1137124.0
2025-06-18 12:28:01.740418,332.15,711165.0,1137124.0
2025-06-18 12:28:02.479351,332.2,711165.0,1137124.0
2025-06-18 12:28:02.724666,332.2,711165.0,1137124.0
2025-06-18 12:28:02.737310,332.2,711608.0,1137079.0
2025-06-18 12:28:03.487334,332.15,711608.0,1137079.0
2025-06-18 12:28:03.658371,332.15,711608.0,1137079.0
2025-06-18 12:28:03.837792,332.15,715073.0,1138479.0
2025-06-18 12:28:04.484748,332.2,715073.0,1138479.0
2025-06-18 12:28:04.501493,332.2,715073.0,1138479.0
2025-06-18 12:28:04.738985,332.2,718803.0,1132929.0
2025-06-18 12:28:05.485825,332.2,718803.0,1132929.0
2025-06-18 12:28:05.630456,332.2,718803.0,1132929.0
2025-06-18 12:28:05.738197,332.2,719221.0,1133279.0
2025-06-18 12:28:06.214182,332.2,719221.0,1133279.0
2025-06-18 12:28:06.503906,332.15,719221.0,1133279.0
2025-06-18 12:28:06.618293,332.15,719221.0,1133279.0
2025-06-18 12:28:06.741177,332.15,718945.0,1134158.0
2025-06-18 12:28:07.133414,332.15,718945.0,1134158.0
2025-06-18 12:28:07.484049,332.2,718945.0,1134158.0
2025-06-18 12:28:07.499364,332.2,718945.0,1134158.0
2025-06-18 12:28:07.842482,332.2,719762.0,1132584.0
2025-06-18 12:28:08.384095,332.2,719762.0,1132584.0
2025-06-18 12:28:08.488673,332.25,719762.0,1132584.0
2025-06-18 12:28:08.939950,332.25,720017.0,1130983.0
2025-06-18 12:28:09.644013,332.25,720017.0,1130983.0
2025-06-18 12:28:10.049576,332.25,720018.0,1131246.0
2025-06-18 12:28:10.494996,332.25,720018.0,1131246.0
2025-06-18 12:28:10.521673,332.25,720018.0,1131246.0
2025-06-18 12:28:11.480803,332.3,720018.0,1131246.0
2025-06-18 12:28:11.548991,332.2,723992.0,1126599.0
2025-06-18 12:28:11.925111,332.2,723992.0,1126599.0
2025-06-18 12:28:12.481524,332.2,723992.0,1126599.0
2025-06-18 12:28:12.605629,332.2,722451.0,1127677.0
2025-06-18 12:28:13.189298,332.2,722451.0,1127677.0
2025-06-18 12:28:13.494896,332.25,722451.0,1127677.0
2025-06-18 12:28:13.650796,332.25,722632.0,1128002.0
2025-06-18 12:28:14.375838,332.25,722632.0,1128002.0
2025-06-18 12:28:14.484871,332.35,722632.0,1128002.0
2025-06-18 12:28:14.749084,332.35,728165.0,1125236.0
2025-06-18 12:28:15.486617,332.2,728165.0,1125236.0
2025-06-18 12:28:15.750231,332.4,733511.0,1118466.0
2025-06-18 12:28:15.825106,332.4,733511.0,1118466.0
2025-06-18 12:28:16.497498,332.3,733511.0,1118466.0
2025-06-18 12:28:16.860426,332.3,731216.0,1120551.0
2025-06-18 12:28:17.481442,332.45,731216.0,1120551.0
2025-06-18 12:28:17.951958,332.5,736270.0,1121077.0
2025-06-18 12:28:18.486428,332.35,736270.0,1121077.0
2025-06-18 12:28:19.063058,332.35,730151.0,1122266.0
2025-06-18 12:28:20.182533,332.35,731415.0,1123221.0
2025-06-18 12:28:21.169483,332.45,732003.0,1124253.0
2025-06-18 12:28:21.486072,332.45,732003.0,1124253.0
2025-06-18 12:28:22.253619,332.3,732262.0,1122713.0
2025-06-18 12:28:22.480366,332.45,732262.0,1122713.0
2025-06-18 12:28:23.354088,332.45,733629.0,1124001.0
2025-06-18 12:28:23.488667,332.45,733629.0,1124001.0
2025-06-18 12:28:24.456349,332.45,736008.0,1116710.0
2025-06-18 12:28:24.486669,332.45,736008.0,1116710.0
2025-06-18 12:28:25.488653,332.45,736008.0,1116710.0
2025-06-18 12:28:25.600097,332.45,737724.0,1116148.0
2025-06-18 12:28:26.455672,332.45,738967.0,1117002.0
2025-06-18 12:28:26.485097,332.45,738967.0,1117002.0
2025-06-18 12:28:27.495836,332.55,738967.0,1117002.0
2025-06-18 12:28:27.561760,332.55,739297.0,1114426.0
2025-06-18 12:28:28.458361,332.55,740007.0,1113968.0
2025-06-18 12:28:28.487794,332.45,740007.0,1113968.0
2025-06-18 12:28:29.487604,332.55,740007.0,1113968.0
2025-06-18 12:28:29.560199,332.55,739175.0,1114567.0
2025-06-18 12:28:30.459452,332.6,737813.0,1114912.0
2025-06-18 12:28:30.487402,332.6,737813.0,1114912.0
2025-06-18 12:28:31.487777,332.5,737813.0,1114912.0
2025-06-18 12:28:31.560451,332.5,744137.0,1112933.0
2025-06-18 12:28:32.460657,332.65,747290.0,1113223.0
2025-06-18 12:28:32.492627,332.65,747290.0,1113223.0
2025-06-18 12:28:33.493491,332.65,747290.0,1113223.0
2025-06-18 12:28:33.612674,332.5,744130.0,1113163.0
2025-06-18 12:28:34.488394,332.65,744130.0,1113163.0
2025-06-18 12:28:34.660175,332.65,743508.0,1110427.0
2025-06-18 12:28:35.502297,332.65,743508.0,1110427.0
2025-06-18 12:28:35.562457,332.65,744242.0,1110579.0
2025-06-18 12:28:36.488965,332.55,744242.0,1110579.0
2025-06-18 12:28:37.164445,332.55,743758.0,1111438.0
2025-06-18 12:28:37.487423,332.55,743758.0,1111438.0
2025-06-18 12:28:38.263751,332.55,744087.0,1112400.0
2025-06-18 12:28:38.492765,332.55,744087.0,1112400.0
2025-06-18 12:28:39.366242,332.6,745475.0,1110703.0
2025-06-18 12:28:39.494241,332.6,745475.0,1110703.0
2025-06-18 12:28:40.364770,332.6,747340.0,1110715.0
2025-06-18 12:28:40.489923,332.6,747340.0,1110715.0
2025-06-18 12:28:41.265164,332.65,749491.0,1108789.0
2025-06-18 12:28:41.519917,332.65,749491.0,1108789.0
2025-06-18 12:28:42.264935,332.65,751388.0,1108924.0
2025-06-18 12:28:42.490471,332.65,751388.0,1108924.0
2025-06-18 12:28:43.267084,332.65,749792.0,1110441.0
2025-06-18 12:28:43.500122,332.65,749792.0,1110441.0
2025-06-18 12:28:44.267252,332.65,750457.0,1109459.0
2025-06-18 12:28:44.504983,332.65,750457.0,1109459.0
2025-06-18 12:28:45.369211,332.6,752507.0,1113021.0
2025-06-18 12:28:45.487260,332.6,752507.0,1113021.0
2025-06-18 12:28:46.270594,332.65,752546.0,1112065.0
2025-06-18 12:28:46.489153,332.65,752546.0,1112065.0
2025-06-18 12:28:47.270963,332.6,752802.0,1111978.0
2025-06-18 12:28:47.489139,332.6,752802.0,1111978.0
2025-06-18 12:28:48.270408,332.65,752908.0,1113392.0
2025-06-18 12:28:48.487390,332.65,752908.0,1113392.0
2025-06-18 12:28:49.272435,332.6,748782.0,1114591.0
2025-06-18 12:28:49.488116,332.6,748782.0,1114591.0
2025-06-18 12:28:50.271322,332.55,750836.0,1115281.0
2025-06-18 12:28:50.489088,332.55,750836.0,1115281.0
2025-06-18 12:28:51.375139,332.6,750961.0,1114692.0
2025-06-18 12:28:51.494030,332.6,750961.0,1114692.0
2025-06-18 12:28:52.472729,332.55,751107.0,1113529.0
2025-06-18 12:28:52.489650,332.55,751107.0,1113529.0
2025-06-18 12:28:53.492725,332.45,751107.0,1113529.0
2025-06-18 12:28:53.571218,332.45,750214.0,1113874.0
2025-06-18 12:28:54.491029,332.7,750214.0,1113874.0
2025-06-18 12:28:54.576157,332.7,762069.0,1079967.0
2025-06-18 12:28:55.493830,332.85,762069.0,1079967.0
2025-06-18 12:28:55.573605,332.85,763829.0,1086831.0
2025-06-18 12:28:56.507700,332.65,763829.0,1086831.0
2025-06-18 12:28:57.077631,332.75,753265.0,1093602.0
2025-06-18 12:28:57.505125,332.5,753265.0,1093602.0
2025-06-18 12:28:58.177609,332.55,744924.0,1102822.0
2025-06-18 12:28:58.486979,332.6,744924.0,1102822.0
2025-06-18 12:28:59.175960,332.65,750928.0,1100602.0
2025-06-18 12:28:59.493831,332.5,750928.0,1100602.0
2025-06-18 12:29:00.177419,332.55,754464.0,1102012.0
2025-06-18 12:29:00.488454,332.5,754464.0,1102012.0
2025-06-18 12:29:01.479343,332.65,748994.0,1104378.0
2025-06-18 12:29:01.488558,332.65,748994.0,1104378.0
2025-06-18 12:29:02.497911,332.65,748994.0,1104378.0
2025-06-18 12:29:02.579098,332.65,750140.0,1104082.0
2025-06-18 12:29:03.486383,332.5,750140.0,1104082.0
2025-06-18 12:29:03.680291,332.5,744507.0,1103843.0
2025-06-18 12:29:04.491293,332.5,744507.0,1103843.0
2025-06-18 12:29:04.782392,332.5,749543.0,1103784.0
2025-06-18 12:29:05.484521,332.6,749543.0,1103784.0
2025-06-18 12:29:05.680685,332.6,750324.0,1103656.0
2025-06-18 12:29:06.486895,332.45,750324.0,1103656.0
2025-06-18 12:29:06.683642,332.45,749357.0,1102675.0
2025-06-18 12:29:07.485883,332.6,749357.0,1102675.0
2025-06-18 12:29:07.683675,332.6,749188.0,1102672.0
2025-06-18 12:29:08.784232,332.6,748666.0,1103708.0
2025-06-18 12:29:09.489105,332.55,748666.0,1103708.0
2025-06-18 12:29:09.886762,332.55,749016.0,1103064.0
2025-06-18 12:29:10.490484,332.6,749016.0,1103064.0
2025-06-18 12:29:10.985091,332.6,750618.0,1103047.0
2025-06-18 12:29:11.489152,332.6,750618.0,1103047.0
2025-06-18 12:29:12.086231,332.45,750458.0,1104588.0
2025-06-18 12:29:12.495310,332.45,750458.0,1104588.0
2025-06-18 12:29:13.192653,332.45,750765.0,1104779.0
2025-06-18 12:29:13.489046,332.45,750765.0,1104779.0
2025-06-18 12:29:14.190944,332.45,750881.0,1105179.0
2025-06-18 12:29:15.093716,332.45,751269.0,1104989.0
2025-06-18 12:29:15.486269,332.55,751269.0,1104989.0
2025-06-18 12:29:16.093667,332.45,750556.0,1105083.0
2025-06-18 12:29:16.487343,332.45,750556.0,1105083.0
2025-06-18 12:29:17.194266,332.5,750324.0,1105278.0
2025-06-18 12:29:17.489631,332.55,750324.0,1105278.0
2025-06-18 12:29:18.194077,332.55,750111.0,1105274.0
2025-06-18 12:29:19.296355,332.55,750617.0,1104584.0
2025-06-18 12:29:20.295134,332.55,746901.0,1106790.0
2025-06-18 12:29:20.492053,332.55,746901.0,1106790.0
2025-06-18 12:29:21.395570,332.45,744838.0,1110672.0
2025-06-18 12:29:21.492299,332.45,744838.0,1110672.0
2025-06-18 12:29:22.491601,332.5,744838.0,1110672.0
2025-06-18 12:29:22.501522,332.5,737733.0,1113779.0
2025-06-18 12:29:23.494060,332.5,737733.0,1113779.0
2025-06-18 12:29:23.598673,332.5,745215.0,1107886.0
2025-06-18 12:29:24.598649,332.5,744745.0,1107870.0
2025-06-18 12:29:25.496172,332.55,744745.0,1107870.0
2025-06-18 12:29:25.698593,332.55,745989.0,1107348.0
2025-06-18 12:29:26.495800,332.5,745989.0,1107348.0
2025-06-18 12:29:26.800698,332.35,745901.0,1108875.0
2025-06-18 12:29:27.489025,332.5,745901.0,1108875.0
2025-06-18 12:29:27.800887,332.5,744807.0,1108623.0
2025-06-18 12:29:28.903928,332.5,748064.0,1108732.0
2025-06-18 12:29:30.007045,332.55,748131.0,1108754.0
2025-06-18 12:29:30.493995,332.55,748131.0,1108754.0
2025-06-18 12:29:31.004401,332.55,748044.0,1108687.0
2025-06-18 12:29:31.489480,332.4,748044.0,1108687.0
2025-06-18 12:29:32.106417,332.55,749120.0,1107962.0
2025-06-18 12:29:32.492363,332.55,749120.0,1107962.0
2025-06-18 12:29:33.105961,332.55,749281.0,1115590.0
2025-06-18 12:29:34.209658,332.55,749362.0,1115603.0
2025-06-18 12:29:34.574706,332.55,749362.0,1115603.0
2025-06-18 12:29:35.311691,332.55,748636.0,1115060.0
2025-06-18 12:29:35.491812,332.55,748636.0,1115060.0
2025-06-18 12:29:36.408886,332.4,747677.0,1118720.0
2025-06-18 12:29:36.487829,332.4,747677.0,1118720.0
2025-06-18 12:29:37.486397,332.5,747677.0,1118720.0
2025-06-18 12:29:37.508626,332.5,746721.0,1115570.0
2025-06-18 12:29:38.490828,332.45,746721.0,1115570.0
2025-06-18 12:29:38.527503,332.45,746879.0,1116639.0
2025-06-18 12:29:39.488973,332.55,746879.0,1116639.0
2025-06-18 12:29:39.508487,332.55,747253.0,1115821.0
2025-06-18 12:29:40.492686,332.55,747253.0,1115821.0
2025-06-18 12:29:40.509351,332.55,747484.0,1117269.0
2025-06-18 12:29:41.490214,332.55,747484.0,1117269.0
2025-06-18 12:29:41.612334,332.45,747394.0,1117003.0
2025-06-18 12:29:42.490818,332.45,747394.0,1117003.0
2025-06-18 12:29:42.721949,332.45,740306.0,1117273.0
2025-06-18 12:29:43.812728,332.45,740939.0,1117273.0
2025-06-18 12:29:44.487951,332.55,740939.0,1117273.0
2025-06-18 12:29:44.912356,332.55,741194.0,1117272.0
2025-06-18 12:29:45.918625,332.45,740561.0,1117675.0
2025-06-18 12:29:46.490119,332.45,740561.0,1117675.0
2025-06-18 12:29:46.819258,332.45,740690.0,1118710.0
2025-06-18 12:29:47.489738,332.55,740690.0,1118710.0
2025-06-18 12:29:47.913552,332.55,740572.0,1116923.0
2025-06-18 12:29:48.491035,332.45,740572.0,1116923.0
2025-06-18 12:29:48.916223,332.45,740601.0,1117093.0
2025-06-18 12:29:49.488360,332.55,740601.0,1117093.0
2025-06-18 12:29:49.916272,332.55,740889.0,1116042.0
2025-06-18 12:29:50.500926,332.55,740889.0,1116042.0
2025-06-18 12:29:51.016922,332.55,739962.0,1117098.0
2025-06-18 12:29:51.493770,332.45,739962.0,1117098.0
2025-06-18 12:29:52.118978,332.4,741900.0,1115717.0
2025-06-18 12:29:52.493677,332.55,741900.0,1115717.0
2025-06-18 12:29:53.219599,332.55,741517.0,1114999.0
2025-06-18 12:29:54.331561,332.55,740569.0,1119765.0
2025-06-18 12:29:54.491201,332.55,740569.0,1119765.0
2025-06-18 12:29:55.420009,332.45,740382.0,1120025.0
2025-06-18 12:29:55.488303,332.45,740382.0,1120025.0
2025-06-18 12:29:56.326959,332.4,740827.0,1120030.0
2025-06-18 12:29:56.489423,332.4,740827.0,1120030.0
2025-06-18 12:29:57.420362,332.5,740723.0,1116456.0
2025-06-18 12:29:57.499849,332.5,740723.0,1116456.0
2025-06-18 12:29:58.421471,332.5,740624.0,1116961.0
2025-06-18 12:29:59.424206,332.5,742308.0,1114723.0
2025-06-18 12:29:59.490669,332.55,742308.0,1114723.0
2025-06-18 12:30:00.425177,332.55,741574.0,1115371.0
2025-06-18 12:30:00.491180,332.55,741574.0,1115371.0
2025-06-18 12:30:01.491374,332.55,741574.0,1115371.0
2025-06-18 12:30:01.826582,332.45,741246.0,1116328.0
2025-06-18 12:30:02.492936,332.5,741246.0,1116328.0
2025-06-18 12:30:02.927704,332.5,741707.0,1115769.0
2025-06-18 12:30:03.493413,332.5,741707.0,1115769.0
2025-06-18 12:30:04.026932,332.5,742061.0,1115911.0
2025-06-18 12:30:04.928177,332.5,742622.0,1116006.0
2025-06-18 12:30:05.929953,332.4,742553.0,1116006.0
2025-06-18 12:30:06.492105,332.4,742553.0,1116006.0
2025-06-18 12:30:06.929450,332.4,745061.0,1116816.0
2025-06-18 12:30:07.496423,332.5,745061.0,1116816.0
2025-06-18 12:30:08.029571,332.5,743598.0,1114511.0
2025-06-18 12:30:09.032675,332.5,743632.0,1114526.0
2025-06-18 12:30:09.490486,332.5,743632.0,1114526.0
2025-06-18 12:30:10.030753,332.5,745104.0,1113741.0
2025-06-18 12:30:11.032953,332.55,744921.0,1113202.0
2025-06-18 12:30:11.511813,332.55,744921.0,1113202.0
2025-06-18 12:30:12.032710,332.45,745599.0,1113473.0
2025-06-18 12:30:12.494438,332.45,745599.0,1113473.0
2025-06-18 12:30:13.033206,332.45,745336.0,1115610.0
2025-06-18 12:30:14.035129,332.45,745265.0,1116649.0
2025-06-18 12:30:15.034397,332.45,744461.0,1116649.0
2025-06-18 12:30:15.496872,332.45,744461.0,1116649.0
2025-06-18 12:30:16.490518,332.55,744461.0,1116649.0
2025-06-18 12:30:16.535545,332.55,744082.0,1114607.0
2025-06-18 12:30:17.531890,332.55,744082.0,1114607.0
2025-06-18 12:30:17.637413,332.4,741363.0,1114603.0
2025-06-18 12:30:18.495104,332.5,741363.0,1114603.0
2025-06-18 12:30:18.635697,332.5,746608.0,1114789.0
2025-06-18 12:30:19.496361,332.6,746608.0,1114789.0
2025-06-18 12:30:19.737996,332.6,749605.0,1109985.0
2025-06-18 12:30:20.496953,332.5,749605.0,1109985.0
2025-06-18 12:30:20.641758,332.5,747274.0,1114194.0
2025-06-18 12:30:21.494901,332.5,747274.0,1114194.0
2025-06-18 12:30:21.640547,332.5,746293.0,1114518.0
2025-06-18 12:30:22.492860,332.65,746293.0,1114518.0
2025-06-18 12:30:22.742435,332.45,735094.0,1115204.0
2025-06-18 12:30:23.493868,332.45,735094.0,1115204.0
2025-06-18 12:30:23.743675,332.45,740214.0,1116300.0
2025-06-18 12:30:24.494953,332.6,740214.0,1116300.0
2025-06-18 12:30:24.743182,332.45,744934.0,1117279.0
2025-06-18 12:30:25.497158,332.5,744934.0,1117279.0
2025-06-18 12:30:25.744341,332.5,747030.0,1115687.0
2025-06-18 12:30:26.497449,332.6,747030.0,1115687.0
2025-06-18 12:30:26.841929,332.45,750470.0,1111305.0
2025-06-18 12:30:27.529580,332.6,750470.0,1111305.0
2025-06-18 12:30:27.842179,332.6,750811.0,1111555.0
2025-06-18 12:30:28.496033,332.5,750811.0,1111555.0
2025-06-18 12:30:28.843347,332.5,748142.0,1115485.0
2025-06-18 12:30:30.502474,332.6,748142.0,1115485.0
2025-06-18 12:30:30.510651,332.6,750137.0,1113407.0
2025-06-18 12:30:30.514997,332.5,750137.0,1113407.0
2025-06-18 12:30:30.744946,332.5,750967.0,1112162.0
2025-06-18 12:30:31.523105,332.6,750967.0,1112162.0
2025-06-18 12:30:31.748478,332.5,749726.0,1112185.0
2025-06-18 12:30:32.499179,332.5,749726.0,1112185.0
2025-06-18 12:30:32.754092,332.65,751668.0,1110419.0
2025-06-18 12:30:33.495035,332.65,751668.0,1110419.0
2025-06-18 12:30:33.749532,332.6,751039.0,1110921.0
2025-06-18 12:30:34.496853,332.6,751039.0,1110921.0
2025-06-18 12:30:34.653130,332.6,751470.0,1110575.0
2025-06-18 12:30:35.650730,332.6,753056.0,1109629.0
2025-06-18 12:30:36.496691,332.45,753056.0,1109629.0
2025-06-18 12:30:36.761487,332.45,751446.0,1112800.0
2025-06-18 12:30:37.511036,332.5,751446.0,1112800.0
2025-06-18 12:30:37.849265,332.5,751384.0,1113149.0
2025-06-18 12:30:38.496693,332.45,751384.0,1113149.0
2025-06-18 12:30:38.850136,332.45,752042.0,1110706.0
2025-06-18 12:30:39.496026,332.6,752042.0,1110706.0
2025-06-18 12:30:39.852397,332.6,751021.0,1110467.0
2025-06-18 12:30:40.494854,332.6,751021.0,1110467.0
2025-06-18 12:30:40.949508,332.65,752729.0,1112039.0
2025-06-18 12:30:41.498423,332.65,752729.0,1112039.0
2025-06-18 12:30:41.987597,332.6,751637.0,1111738.0
2025-06-18 12:30:42.521998,332.6,751637.0,1111738.0
2025-06-18 12:30:42.851742,332.6,752248.0,1111483.0
2025-06-18 12:30:43.512416,332.6,752248.0,1111483.0
2025-06-18 12:30:43.861273,332.55,749230.0,1113002.0
2025-06-18 12:30:44.494796,332.6,749230.0,1113002.0
2025-06-18 12:30:44.854456,332.6,750851.0,1111909.0
2025-06-18 12:30:45.856217,332.5,748326.0,1112185.0
2025-06-18 12:30:46.504211,332.5,748326.0,1112185.0
2025-06-18 12:30:46.856595,332.45,750005.0,1109805.0
2025-06-18 12:30:47.497488,332.45,750005.0,1109805.0
2025-06-18 12:30:47.856062,332.6,751679.0,1108752.0
2025-06-18 12:30:48.494191,332.65,751679.0,1108752.0
2025-06-18 12:30:48.856408,332.65,752365.0,1106331.0
2025-06-18 12:30:49.855236,332.65,753583.0,1106859.0
2025-06-18 12:30:50.496852,332.7,753583.0,1106859.0
2025-06-18 12:30:50.958340,332.7,752797.0,1106350.0
2025-06-18 12:30:51.496808,332.7,752797.0,1106350.0
2025-06-18 12:30:52.493805,332.65,752797.0,1106350.0
2025-06-18 12:30:52.562169,332.65,752865.0,1107804.0
2025-06-18 12:30:53.566906,332.65,752842.0,1107604.0
2025-06-18 12:30:54.661362,332.65,752584.0,1107087.0
2025-06-18 12:30:55.568347,332.65,752585.0,1107087.0
2025-06-18 12:30:56.493702,332.65,752585.0,1107087.0
2025-06-18 12:30:56.571215,332.5,752464.0,1108512.0
2025-06-18 12:30:57.505002,332.65,752464.0,1108512.0
2025-06-18 12:30:57.571958,332.65,751356.0,1108767.0
2025-06-18 12:30:58.496788,332.7,751356.0,1108767.0
2025-06-18 12:30:58.587268,332.7,763455.0,1099550.0
2025-06-18 12:30:59.467502,332.75,763420.0,1100663.0
2025-06-18 12:30:59.497221,332.75,763420.0,1100663.0
2025-06-18 12:31:00.125171,332.75,763420.0,1100663.0
2025-06-18 12:31:00.496093,332.75,763420.0,1100663.0
2025-06-18 12:31:00.569172,332.75,764333.0,1102538.0
2025-06-18 12:31:01.255166,332.75,764333.0,1102538.0
2025-06-18 12:31:01.496401,332.7,764333.0,1102538.0
2025-06-18 12:31:01.576186,332.7,764950.0,1101426.0
2025-06-18 12:31:02.204993,332.7,764950.0,1101426.0
2025-06-18 12:31:02.494869,332.7,764950.0,1101426.0
2025-06-18 12:31:02.576754,332.7,764065.0,1101210.0
2025-06-18 12:31:03.176264,332.7,764065.0,1101210.0
2025-06-18 12:31:03.578390,332.65,763481.0,1101685.0
2025-06-18 12:31:04.096300,332.65,763481.0,1101685.0
2025-06-18 12:31:04.604254,332.7,763481.0,1101685.0
2025-06-18 12:31:04.611698,332.7,764746.0,1100741.0
2025-06-18 12:31:04.935985,332.7,764746.0,1100741.0
2025-06-18 12:31:05.672049,332.7,763208.0,1103464.0
2025-06-18 12:31:06.080619,332.7,763208.0,1103464.0
2025-06-18 12:31:06.503799,332.65,763208.0,1103464.0
2025-06-18 12:31:06.633971,332.65,763208.0,1103464.0
2025-06-18 12:31:06.673419,332.65,762644.0,1103558.0
2025-06-18 12:31:07.036544,332.65,762644.0,1103558.0
2025-06-18 12:31:07.495576,332.7,762644.0,1103558.0
2025-06-18 12:31:07.527737,332.7,762644.0,1103558.0
2025-06-18 12:31:07.688121,332.7,762667.0,1104054.0
2025-06-18 12:31:07.905821,332.7,762667.0,1104054.0
2025-06-18 12:31:08.503491,332.7,762667.0,1104054.0
2025-06-18 12:31:08.678176,332.7,763331.0,1102683.0
2025-06-18 12:31:08.797983,332.7,763331.0,1102683.0
2025-06-18 12:31:09.676581,332.7,763328.0,1103497.0
2025-06-18 12:31:10.047028,332.7,763328.0,1103497.0
2025-06-18 12:31:10.500051,332.75,763328.0,1103497.0
2025-06-18 12:31:10.679473,332.75,762943.0,1103487.0
2025-06-18 12:31:10.918554,332.75,762943.0,1103487.0
2025-06-18 12:31:11.507471,332.75,762943.0,1103487.0
2025-06-18 12:31:11.679791,332.65,762876.0,1104527.0
2025-06-18 12:31:12.314204,332.65,762876.0,1104527.0
2025-06-18 12:31:12.503651,332.65,762876.0,1104527.0
2025-06-18 12:31:12.682734,332.65,763209.0,1104529.0
2025-06-18 12:31:13.471173,332.65,763209.0,1104529.0
2025-06-18 12:31:13.681781,332.65,763306.0,1104001.0
2025-06-18 12:31:14.503448,332.75,763306.0,1104001.0
2025-06-18 12:31:14.646570,332.75,763306.0,1104001.0
2025-06-18 12:31:14.782696,332.75,763220.0,1103483.0
2025-06-18 12:31:15.882963,332.65,762933.0,1104159.0
2025-06-18 12:31:16.129992,332.65,762933.0,1104159.0
2025-06-18 12:31:16.504304,332.65,762933.0,1104159.0
2025-06-18 12:31:16.885897,332.65,763666.0,1106792.0
2025-06-18 12:31:17.503051,332.65,763666.0,1106792.0
2025-06-18 12:31:17.883477,332.7,764409.0,1102494.0
2025-06-18 12:31:18.504544,332.7,764409.0,1102494.0
2025-06-18 12:31:18.984441,332.75,765406.0,1103605.0
2025-06-18 12:31:19.496754,332.75,765406.0,1103605.0
2025-06-18 12:31:20.093042,332.75,765320.0,1104665.0
2025-06-18 12:31:20.497196,332.75,765320.0,1104665.0
2025-06-18 12:31:21.188947,332.75,767782.0,1104627.0
2025-06-18 12:31:21.503459,332.75,767782.0,1104627.0
2025-06-18 12:31:22.187449,332.7,766479.0,1104264.0
2025-06-18 12:31:22.540033,332.75,766479.0,1104264.0
2025-06-18 12:31:23.188774,332.75,766640.0,1104336.0
2025-06-18 12:31:24.288176,332.75,765266.0,1104496.0
2025-06-18 12:31:26.207427,332.75,766748.0,1104622.0
2025-06-18 12:31:26.749054,332.6,766169.0,1105138.0
2025-06-18 12:31:26.751392,332.6,766169.0,1105138.0
2025-06-18 12:31:27.492801,332.75,766306.0,1104590.0
2025-06-18 12:31:27.496176,332.75,766306.0,1104590.0
2025-06-18 12:31:28.502367,332.7,766306.0,1104590.0
2025-06-18 12:31:28.595495,332.7,767016.0,1103622.0
2025-06-18 12:31:29.504211,332.7,767016.0,1103622.0
2025-06-18 12:31:29.695386,332.7,766174.0,1103375.0
2025-06-18 12:31:30.694312,332.7,767036.0,1103495.0
2025-06-18 12:31:31.501513,332.75,767036.0,1103495.0
2025-06-18 12:31:31.719083,332.7,767180.0,1103234.0
2025-06-18 12:31:32.499362,332.75,767180.0,1103234.0
2025-06-18 12:31:32.794453,332.75,767552.0,1103411.0
2025-06-18 12:31:33.796257,332.75,768043.0,1102616.0
2025-06-18 12:31:34.510806,332.75,768043.0,1102616.0
2025-06-18 12:31:34.895938,332.75,767739.0,1102759.0
2025-06-18 12:31:35.896582,332.7,767488.0,1102045.0
2025-06-18 12:31:36.503118,332.75,767488.0,1102045.0
2025-06-18 12:31:36.896079,332.7,769655.0,1101998.0
2025-06-18 12:31:37.497982,332.75,769655.0,1101998.0
2025-06-18 12:31:37.896697,332.65,764987.0,1107325.0
2025-06-18 12:31:38.500165,332.75,764987.0,1107325.0
2025-06-18 12:31:38.900546,332.75,768896.0,1105854.0
2025-06-18 12:31:39.900795,332.75,772284.0,1105189.0
2025-06-18 12:31:40.497779,332.7,772284.0,1105189.0
2025-06-18 12:31:40.900063,332.75,772304.0,1105082.0
2025-06-18 12:31:41.501009,332.75,772304.0,1105082.0
2025-06-18 12:31:41.803231,332.7,771428.0,1105258.0
2025-06-18 12:31:42.504124,332.7,771428.0,1105258.0
2025-06-18 12:31:42.801895,332.7,773427.0,1105269.0
2025-06-18 12:31:43.803189,332.75,773114.0,1105268.0
2025-06-18 12:31:44.498878,332.75,773114.0,1105268.0
2025-06-18 12:31:44.803895,332.75,773177.0,1104788.0
2025-06-18 12:31:45.505555,332.7,773177.0,1104788.0
2025-06-18 12:31:45.804146,332.7,771973.0,1104062.0
2025-06-18 12:31:46.498306,332.7,771973.0,1104062.0
2025-06-18 12:31:46.704354,332.7,771635.0,1104340.0
2025-06-18 12:31:47.497374,332.75,771635.0,1104340.0
2025-06-18 12:31:47.705633,332.75,771710.0,1104846.0
2025-06-18 12:31:48.495951,332.75,771710.0,1104846.0
2025-06-18 12:31:48.707316,332.75,771635.0,1105130.0
2025-06-18 12:31:49.499194,332.6,771635.0,1105130.0
2025-06-18 12:31:49.708394,332.7,766197.0,1102943.0
2025-06-18 12:31:50.510004,332.8,766197.0,1102943.0
2025-06-18 12:31:50.708472,332.8,769126.0,1102811.0
2025-06-18 12:31:51.499768,332.8,769126.0,1102811.0
2025-06-18 12:31:51.709414,332.7,770642.0,1102571.0
2025-06-18 12:31:52.500689,332.8,770642.0,1102571.0
2025-06-18 12:31:52.707438,332.8,770315.0,1102670.0
2025-06-18 12:31:53.708198,332.8,770378.0,1103631.0
2025-06-18 12:31:54.707693,332.8,770315.0,1103631.0
2025-06-18 12:31:55.498572,332.7,770315.0,1103631.0
2025-06-18 12:31:55.611317,332.7,770647.0,1103631.0
2025-06-18 12:31:56.497541,332.7,770647.0,1103631.0
2025-06-18 12:31:56.518309,332.7,770312.0,1103647.0
2025-06-18 12:31:57.499300,332.8,770312.0,1103647.0
2025-06-18 12:31:57.514343,332.8,770525.0,1103440.0
2025-06-18 12:31:58.503117,332.75,770525.0,1103440.0
2025-06-18 12:31:58.615266,332.75,770161.0,1103658.0
2025-06-18 12:31:59.617689,332.75,770085.0,1104569.0
2025-06-18 12:32:00.551157,332.75,770085.0,1104569.0
2025-06-18 12:32:00.562864,332.75,770084.0,1104365.0
2025-06-18 12:32:01.503357,332.75,770084.0,1104365.0
2025-06-18 12:32:02.503414,332.75,770084.0,1104365.0
2025-06-18 12:32:02.519655,332.75,770051.0,1104127.0
2025-06-18 12:32:03.508080,332.75,770051.0,1104127.0
2025-06-18 12:32:05.508999,332.75,770051.0,1104127.0
2025-06-18 12:32:06.505562,332.75,770051.0,1104127.0
2025-06-18 12:32:07.017267,332.75,776638.0,1095081.0
2025-06-18 12:32:07.515279,332.85,776638.0,1095081.0
2025-06-18 12:32:08.504580,332.75,776638.0,1095081.0
2025-06-18 12:32:10.510420,332.75,776638.0,1095081.0
2025-06-18 12:32:11.514471,332.85,776638.0,1095081.0
2025-06-18 12:32:11.622124,332.8,780745.0,1094020.0
2025-06-18 12:32:12.506458,332.8,780745.0,1094020.0
2025-06-18 12:32:13.506195,332.8,780745.0,1094020.0
2025-06-18 12:32:15.507850,332.85,780745.0,1094020.0
2025-06-18 12:32:16.226908,332.8,780901.0,1094025.0
2025-06-18 12:32:16.513544,332.8,780901.0,1094025.0
2025-06-18 12:32:17.509493,332.85,780901.0,1094025.0
2025-06-18 12:32:19.505634,332.8,780901.0,1094025.0
2025-06-18 12:32:20.505248,332.8,780901.0,1094025.0
2025-06-18 12:32:20.726240,332.8,780788.0,1102231.0
2025-06-18 12:32:21.555701,332.8,780788.0,1102231.0
2025-06-18 12:32:22.503953,332.85,780788.0,1102231.0
2025-06-18 12:32:23.508609,332.85,780788.0,1102231.0
2025-06-18 12:32:25.234826,332.85,782777.0,1101725.0
2025-06-18 12:32:26.515393,332.8,782777.0,1101725.0
2025-06-18 12:32:27.504412,332.85,782777.0,1101725.0
2025-06-18 12:32:28.504655,332.85,782777.0,1101725.0
2025-06-18 12:32:29.536984,332.85,782394.0,1101902.0
2025-06-18 12:32:30.512184,332.85,782394.0,1101902.0
2025-06-18 12:32:31.534411,332.85,782394.0,1101902.0
2025-06-18 12:32:32.505197,332.85,782394.0,1101902.0
2025-06-18 12:32:33.507642,332.85,782394.0,1101902.0
2025-06-18 12:32:34.137281,332.85,782923.0,1099633.0
2025-06-18 12:32:34.515234,332.85,782923.0,1099633.0
2025-06-18 12:32:36.510586,332.8,782923.0,1099633.0
2025-06-18 12:32:38.513036,332.85,782923.0,1099633.0
2025-06-18 12:32:39.239272,332.85,790128.0,1087195.0
2025-06-18 12:32:42.510894,332.9,790128.0,1087195.0
2025-06-18 12:32:44.345343,332.9,785632.0,1085149.0
2025-06-18 12:32:44.508667,332.9,785632.0,1085149.0
2025-06-18 12:32:46.513130,332.9,785632.0,1085149.0
2025-06-18 12:32:48.505975,333.0,785632.0,1085149.0
2025-06-18 12:32:49.346527,333.0,789997.0,1085199.0
2025-06-18 12:32:50.514918,333.0,789997.0,1085199.0
2025-06-18 12:32:52.509033,333.0,789997.0,1085199.0
2025-06-18 12:32:54.046220,333.0,792399.0,1086747.0
2025-06-18 12:32:56.579211,332.95,792399.0,1086747.0
2025-06-18 12:32:58.511912,333.2,792399.0,1086747.0
2025-06-18 12:32:58.748107,333.2,837009.0,1079174.0
2025-06-18 12:33:00.508065,333.1,837009.0,1079174.0
2025-06-18 12:33:01.506525,333.1,837009.0,1079174.0
2025-06-18 12:33:02.048104,333.1,832450.0,1079888.0
2025-06-18 12:33:02.504808,333.2,832450.0,1079888.0
2025-06-18 12:33:03.050286,333.2,834288.0,1079100.0
2025-06-18 12:33:04.052196,333.2,833338.0,1080858.0
2025-06-18 12:33:05.053274,333.2,834333.0,1080578.0
2025-06-18 12:33:05.955603,333.15,834664.0,1080946.0
2025-06-18 12:33:06.506015,333.1,834664.0,1080946.0
2025-06-18 12:33:06.953710,333.1,834938.0,1080230.0
2025-06-18 12:33:07.509060,333.15,834938.0,1080230.0
2025-06-18 12:33:07.954726,333.15,835601.0,1079711.0
2025-06-18 12:33:08.955551,333.1,835210.0,1079427.0
2025-06-18 12:33:09.512115,333.1,835210.0,1079427.0
2025-06-18 12:33:09.953502,333.15,835210.0,1079426.0
2025-06-18 12:33:10.508780,333.0,835210.0,1079426.0
2025-06-18 12:33:10.955936,333.1,826920.0,1082759.0
2025-06-18 12:33:11.506987,333.1,826920.0,1082759.0
2025-06-18 12:33:11.956058,333.05,788457.0,1089708.0
2025-06-18 12:33:12.505424,333.05,788457.0,1089708.0
2025-06-18 12:33:12.956301,333.05,788983.0,1089114.0
2025-06-18 12:33:13.957404,333.05,789907.0,1088951.0
2025-06-18 12:33:14.958851,333.2,793769.0,1071068.0
2025-06-18 12:33:15.509153,333.2,793769.0,1071068.0
2025-06-18 12:33:15.862252,333.1,794000.0,1074897.0
2025-06-18 12:33:16.512157,333.1,794000.0,1074897.0
2025-06-18 12:33:16.859294,333.05,794485.0,1075176.0
2025-06-18 12:33:17.505095,333.2,794485.0,1075176.0
2025-06-18 12:33:17.864290,333.2,797841.0,1074401.0
2025-06-18 12:33:18.860487,333.05,797469.0,1079439.0
2025-06-18 12:33:19.506038,333.05,797469.0,1079439.0
2025-06-18 12:33:19.860722,333.2,796946.0,1078891.0
2025-06-18 12:33:20.506254,333.2,796946.0,1078891.0
2025-06-18 12:33:20.861219,333.2,797913.0,1078535.0
2025-06-18 12:33:21.507634,333.2,797913.0,1078535.0
2025-06-18 12:33:21.862494,333.05,797750.0,1078101.0
2025-06-18 12:33:22.508349,333.15,797750.0,1078101.0
2025-06-18 12:33:22.863058,333.15,795172.0,1078639.0
2025-06-18 12:33:23.535977,333.2,795172.0,1078639.0
2025-06-18 12:33:23.808249,333.2,796409.0,1078811.0
2025-06-18 12:33:24.504955,333.05,796409.0,1078811.0
2025-06-18 12:33:24.770020,333.05,796976.0,1078294.0
2025-06-18 12:33:25.767094,333.05,796850.0,1078452.0
2025-06-18 12:33:26.514261,333.15,796850.0,1078452.0
2025-06-18 12:33:26.767543,333.05,795462.0,1080859.0
2025-06-18 12:33:27.507370,333.15,795462.0,1080859.0
2025-06-18 12:33:27.772003,333.15,794939.0,1079504.0
2025-06-18 12:33:28.770314,333.15,794864.0,1079405.0
2025-06-18 12:33:29.868395,333.15,794972.0,1079282.0
2025-06-18 12:33:30.771362,333.15,794799.0,1079119.0
2025-06-18 12:33:31.511382,333.15,794799.0,1079119.0
2025-06-18 12:33:31.872819,333.05,794462.0,1079386.0
2025-06-18 12:33:32.538756,333.15,794462.0,1079386.0
2025-06-18 12:33:32.971783,333.15,794795.0,1078891.0
2025-06-18 12:33:33.544436,333.15,794795.0,1078891.0
2025-06-18 12:33:34.073152,333.15,794555.0,1078462.0
2025-06-18 12:33:34.511841,333.15,794555.0,1078462.0
2025-06-18 12:33:35.073212,333.15,794442.0,1078293.0
2025-06-18 12:33:36.135909,333.1,794337.0,1079063.0
2025-06-18 12:33:36.506951,333.1,794337.0,1079063.0
2025-06-18 12:33:37.073326,333.1,794690.0,1079475.0
2025-06-18 12:33:37.510211,333.1,794690.0,1079475.0
2025-06-18 12:33:38.078188,333.05,794354.0,1079992.0
2025-06-18 12:33:38.509920,333.05,794354.0,1079992.0
2025-06-18 12:33:39.076078,333.05,792846.0,1079664.0
2025-06-18 12:33:39.510444,333.05,792846.0,1079664.0
2025-06-18 12:33:40.075419,333.05,794464.0,1079664.0
2025-06-18 12:33:41.174951,333.1,794299.0,1079145.0
2025-06-18 12:33:41.508215,333.1,794299.0,1079145.0
2025-06-18 12:33:42.275215,333.05,794142.0,1079145.0
2025-06-18 12:33:42.511019,333.05,794142.0,1079145.0
2025-06-18 12:33:43.277569,333.05,794157.0,1079145.0
2025-06-18 12:33:44.278579,333.05,794446.0,1079145.0
2025-06-18 12:33:45.279966,333.1,794630.0,1079136.0
2025-06-18 12:33:45.508532,333.1,794630.0,1079136.0
2025-06-18 12:33:46.279852,333.0,790305.0,1084997.0
2025-06-18 12:33:46.509184,333.0,790305.0,1084997.0
2025-06-18 12:33:47.287881,333.0,793102.0,1084568.0
2025-06-18 12:33:47.544360,333.0,793102.0,1084568.0
2025-06-18 12:33:48.284088,333.0,793407.0,1084840.0
2025-06-18 12:33:48.512650,333.0,793407.0,1084840.0
2025-06-18 12:33:49.281928,333.0,792069.0,1084510.0
2025-06-18 12:33:50.282600,333.0,791989.0,1084051.0
2025-06-18 12:33:50.511981,333.0,791989.0,1084051.0
2025-06-18 12:33:51.384161,332.95,781637.0,1091975.0
2025-06-18 12:33:51.555708,332.95,781637.0,1091975.0
2025-06-18 12:33:52.386428,333.0,782087.0,1087684.0
2025-06-18 12:33:52.513825,333.0,782087.0,1087684.0
2025-06-18 12:33:53.385504,333.0,782758.0,1085356.0
2025-06-18 12:33:53.509395,333.0,782758.0,1085356.0
2025-06-18 12:33:54.386780,333.0,783346.0,1085337.0
2025-06-18 12:33:55.385244,333.0,784438.0,1084868.0
2025-06-18 12:33:56.387069,332.95,784277.0,1084135.0
2025-06-18 12:33:56.510340,332.95,784277.0,1084135.0
2025-06-18 12:33:57.386686,333.05,784495.0,1084743.0
2025-06-18 12:33:57.511800,333.05,784495.0,1084743.0
2025-06-18 12:33:58.288666,333.05,784515.0,1084472.0
2025-06-18 12:33:59.390380,333.05,784766.0,1084577.0
2025-06-18 12:34:00.385965,333.05,784561.0,1084618.0
2025-06-18 12:34:00.642289,333.05,784561.0,1084618.0
2025-06-18 12:34:01.508241,333.05,784561.0,1084618.0
2025-06-18 12:34:01.770258,333.05,784561.0,1084618.0
2025-06-18 12:34:01.888369,332.95,784672.0,1084586.0
2025-06-18 12:34:02.512500,333.05,784672.0,1084586.0
2025-06-18 12:34:02.727423,333.05,784672.0,1084586.0
2025-06-18 12:34:02.787791,332.95,784326.0,1084970.0
2025-06-18 12:34:03.510732,332.95,784326.0,1084970.0
2025-06-18 12:34:03.714227,332.95,784326.0,1084970.0
2025-06-18 12:34:03.788767,332.95,784492.0,1084580.0
2025-06-18 12:34:04.507690,332.95,784492.0,1084580.0
2025-06-18 12:34:04.656731,332.95,784492.0,1084580.0
2025-06-18 12:34:04.787895,332.95,786303.0,1084597.0
2025-06-18 12:34:05.553713,332.95,786303.0,1084597.0
2025-06-18 12:34:05.691803,332.95,785945.0,1084252.0
2025-06-18 12:34:06.513453,332.95,785945.0,1084252.0
2025-06-18 12:34:06.641482,332.95,785945.0,1084252.0
2025-06-18 12:34:06.691298,332.95,787170.0,1085329.0
2025-06-18 12:34:07.218030,332.95,787170.0,1085329.0
2025-06-18 12:34:07.521278,333.0,787170.0,1085329.0
2025-06-18 12:34:07.604589,333.0,789574.0,1083553.0
2025-06-18 12:34:07.871803,333.0,789574.0,1083553.0
2025-06-18 12:34:08.137275,333.0,789574.0,1083553.0
2025-06-18 12:34:08.600663,333.0,791063.0,1083353.0
2025-06-18 12:34:09.409523,333.0,791063.0,1083353.0
2025-06-18 12:34:09.599833,333.0,791163.0,1083552.0
2025-06-18 12:34:10.513771,333.0,791163.0,1083552.0
2025-06-18 12:34:10.701432,333.0,791163.0,1083552.0
2025-06-18 12:34:10.702244,333.0,794754.0,1083490.0
2025-06-18 12:34:11.515054,333.1,794754.0,1083490.0
2025-06-18 12:34:11.568689,333.1,794754.0,1083490.0
2025-06-18 12:34:11.697034,333.0,794900.0,1083516.0
2025-06-18 12:34:12.558601,333.0,794900.0,1083516.0
2025-06-18 12:34:12.795635,333.0,796497.0,1083353.0
2025-06-18 12:34:12.981705,333.0,796497.0,1083353.0
2025-06-18 12:34:13.800028,333.1,796523.0,1083333.0
2025-06-18 12:34:14.163755,333.1,796523.0,1083333.0
2025-06-18 12:34:14.520300,333.1,796523.0,1083333.0
2025-06-18 12:34:14.697424,333.1,796108.0,1083550.0
2025-06-18 12:34:15.427716,333.1,796108.0,1083550.0
2025-06-18 12:34:15.696231,333.1,795896.0,1083322.0
2025-06-18 12:34:16.514240,333.05,795896.0,1083322.0
2025-06-18 12:34:16.612989,333.05,796311.0,1084820.0
2025-06-18 12:34:16.924110,333.05,796311.0,1084820.0
2025-06-18 12:34:17.515928,333.1,796311.0,1084820.0
2025-06-18 12:34:17.700993,333.1,796243.0,1084536.0
2025-06-18 12:34:18.556415,333.05,796243.0,1084536.0
2025-06-18 12:34:18.699617,333.05,794469.0,1085377.0
2025-06-18 12:34:19.516271,333.05,794469.0,1085377.0
2025-06-18 12:34:19.704257,333.05,794909.0,1084559.0
2025-06-18 12:34:20.522152,333.1,794909.0,1084559.0
2025-06-18 12:34:20.700090,333.1,795372.0,1084578.0
2025-06-18 12:34:21.523724,333.1,795372.0,1084578.0
2025-06-18 12:34:21.611744,333.05,797332.0,1084354.0
2025-06-18 12:34:22.503314,333.1,797408.0,1084351.0
2025-06-18 12:34:22.518478,333.1,797408.0,1084351.0
2025-06-18 12:34:23.504015,333.1,797405.0,1084351.0
2025-06-18 12:34:24.506901,333.05,797071.0,1084351.0
2025-06-18 12:34:24.522719,333.05,797071.0,1084351.0
2025-06-18 12:34:26.244378,333.0,797398.0,1081683.0
2025-06-18 12:34:26.246571,333.0,797398.0,1081683.0
2025-06-18 12:34:26.507024,333.0,796213.0,1081682.0
2025-06-18 12:34:26.515666,333.0,796213.0,1081682.0
2025-06-18 12:34:27.521706,333.1,796213.0,1081682.0
2025-06-18 12:34:27.617414,333.1,797218.0,1081008.0
2025-06-18 12:34:28.520141,333.1,797218.0,1081008.0
2025-06-18 12:34:28.705371,333.1,796223.0,1081327.0
2025-06-18 12:34:29.525376,333.0,796223.0,1081327.0
2025-06-18 12:34:29.620593,333.0,796307.0,1081326.0
2025-06-18 12:34:30.524994,333.0,796307.0,1081326.0
2025-06-18 12:34:30.527587,333.0,795762.0,1083254.0
2025-06-18 12:34:31.411707,333.1,796779.0,1082981.0
2025-06-18 12:34:31.523858,333.1,796779.0,1082981.0
2025-06-18 12:34:32.414628,333.1,796959.0,1082739.0
2025-06-18 12:34:32.521005,333.1,796959.0,1082739.0
2025-06-18 12:34:33.411250,333.1,796667.0,1083597.0
2025-06-18 12:34:34.413582,333.0,794905.0,1084593.0
2025-06-18 12:34:34.516910,333.0,794905.0,1084593.0
2025-06-18 12:34:35.416880,333.0,794901.0,1084593.0
2025-06-18 12:34:36.317487,333.0,794774.0,1084555.0
2025-06-18 12:34:36.557817,333.0,794774.0,1084555.0
2025-06-18 12:34:37.314677,333.0,790682.0,1090805.0
2025-06-18 12:34:37.516895,333.0,790682.0,1090805.0
2025-06-18 12:34:38.320543,332.95,789970.0,1090202.0
2025-06-18 12:34:38.519032,333.05,789970.0,1090202.0
2025-06-18 12:34:39.316097,333.05,801449.0,1083762.0
2025-06-18 12:34:40.318326,333.05,801354.0,1084910.0
2025-06-18 12:34:40.513081,333.1,801354.0,1084910.0
2025-06-18 12:34:41.317072,333.05,804187.0,1084656.0
2025-06-18 12:34:42.017039,333.05,804187.0,1084656.0
2025-06-18 12:34:42.221419,333.0,804764.0,1084656.0
2025-06-18 12:34:42.522136,333.0,804764.0,1084656.0
2025-06-18 12:34:43.130386,333.0,803251.0,1084656.0
2025-06-18 12:34:44.129249,333.0,804714.0,1084494.0
2025-06-18 12:34:44.548331,333.0,804714.0,1084494.0
2025-06-18 12:34:45.223411,333.0,802373.0,1085364.0
2025-06-18 12:34:45.520871,333.0,802373.0,1085364.0
2025-06-18 12:34:46.220982,333.0,802886.0,1085700.0
2025-06-18 12:34:46.514855,333.05,802886.0,1085700.0
2025-06-18 12:34:47.135508,333.0,801928.0,1084947.0
2025-06-18 12:34:47.516181,333.05,801928.0,1084947.0
2025-06-18 12:34:48.035478,333.05,801978.0,1084673.0
2025-06-18 12:34:49.039212,333.05,802002.0,1084383.0
2025-06-18 12:34:49.939243,333.05,802065.0,1084798.0
2025-06-18 12:34:50.518730,333.0,802065.0,1084798.0
2025-06-18 12:34:51.038433,333.05,801574.0,1084963.0
2025-06-18 12:34:51.560619,333.05,801574.0,1084963.0
2025-06-18 12:34:51.939541,333.05,803956.0,1082716.0
2025-06-18 12:34:52.514742,333.05,803956.0,1082716.0
2025-06-18 12:34:52.941867,333.0,799247.0,1084590.0
2025-06-18 12:34:53.521909,333.0,799247.0,1084590.0
2025-06-18 12:34:53.941212,333.0,798878.0,1084175.0
2025-06-18 12:34:55.040713,333.0,798953.0,1084175.0
2025-06-18 12:34:55.942188,333.0,798343.0,1084175.0
2025-06-18 12:34:56.521406,333.0,798343.0,1084175.0
2025-06-18 12:34:56.942475,333.0,799081.0,1084174.0
2025-06-18 12:34:57.514873,333.05,799081.0,1084174.0
2025-06-18 12:34:57.848549,333.0,798531.0,1083592.0
2025-06-18 12:34:58.523461,333.1,798531.0,1083592.0
2025-06-18 12:34:58.846458,333.1,799732.0,1083595.0
2025-06-18 12:34:59.745013,333.1,798732.0,1083619.0
2025-06-18 12:35:00.652417,333.1,802668.0,1082480.0
2025-06-18 12:35:01.661582,333.0,801795.0,1082491.0
2025-06-18 12:35:02.523711,333.1,801795.0,1082491.0
2025-06-18 12:35:04.522251,333.0,801795.0,1082491.0
2025-06-18 12:35:06.522188,333.0,801795.0,1082491.0
2025-06-18 12:35:06.554125,333.0,802724.0,1085264.0
2025-06-18 12:35:08.528190,333.05,802724.0,1085264.0
2025-06-18 12:35:10.525393,333.05,802724.0,1085264.0
2025-06-18 12:35:11.556955,333.05,802431.0,1084369.0
2025-06-18 12:35:12.524955,333.05,802431.0,1084369.0
2025-06-18 12:35:16.592769,333.0,802431.0,1084369.0
2025-06-18 12:35:16.594629,333.0,798661.0,1083617.0
2025-06-18 12:35:18.537903,333.0,798661.0,1083617.0
2025-06-18 12:35:20.548320,333.1,798661.0,1083617.0
2025-06-18 12:35:21.173330,333.1,799321.0,1081585.0
2025-06-18 12:35:22.523711,333.1,799321.0,1081585.0
2025-06-18 12:35:24.520416,333.0,799321.0,1081585.0
2025-06-18 12:35:25.868159,333.05,798056.0,1083714.0
2025-06-18 12:35:26.525793,333.05,798056.0,1083714.0
2025-06-18 12:35:28.525964,333.05,798056.0,1083714.0
2025-06-18 12:35:30.368827,333.0,799597.0,1085089.0
2025-06-18 12:35:30.528930,333.0,799597.0,1085089.0
2025-06-18 12:35:32.526866,333.05,799597.0,1085089.0
2025-06-18 12:35:34.532600,333.05,799597.0,1085089.0
2025-06-18 12:35:34.971378,333.05,800828.0,1086496.0
2025-06-18 12:35:36.575105,333.0,800828.0,1086496.0
2025-06-18 12:35:38.523325,333.05,800828.0,1086496.0
2025-06-18 12:35:39.377222,333.05,801837.0,1086535.0
2025-06-18 12:35:42.530601,333.0,801837.0,1086535.0
2025-06-18 12:35:43.780381,333.0,802244.0,1086726.0
2025-06-18 12:35:46.579608,333.0,802244.0,1086726.0
2025-06-18 12:35:48.385299,333.05,801445.0,1086629.0
2025-06-18 12:35:48.572399,333.05,801445.0,1086629.0
2025-06-18 12:35:52.539251,333.05,801445.0,1086629.0
2025-06-18 12:35:52.786809,333.05,800718.0,1085855.0
2025-06-18 12:35:54.533591,333.0,800718.0,1085855.0
2025-06-18 12:35:56.530050,333.0,800718.0,1085855.0
2025-06-18 12:35:57.392929,333.05,801255.0,1087063.0
2025-06-18 12:35:58.529353,333.0,801255.0,1087063.0
2025-06-18 12:36:00.522878,333.05,801255.0,1087063.0
2025-06-18 12:36:01.695678,333.0,800875.0,1087618.0
2025-06-18 12:36:02.527217,333.05,800875.0,1087618.0
2025-06-18 12:36:04.523376,333.0,800875.0,1087618.0
2025-06-18 12:36:06.194934,333.05,801260.0,1088000.0
2025-06-18 12:36:06.526665,333.05,801260.0,1088000.0
2025-06-18 12:36:08.526248,333.05,801260.0,1088000.0
2025-06-18 12:36:11.705907,333.0,801734.0,1086919.0
2025-06-18 12:36:12.532762,333.0,801734.0,1086919.0
2025-06-18 12:36:16.505281,333.0,804718.0,1084062.0
2025-06-18 12:36:16.560871,333.0,804718.0,1084062.0
2025-06-18 12:36:18.533357,333.0,804718.0,1084062.0
2025-06-18 12:36:20.532632,333.1,804718.0,1084062.0
2025-06-18 12:36:21.909918,333.1,807222.0,1074571.0
2025-06-18 12:36:22.529922,333.1,807222.0,1074571.0
2025-06-18 12:36:24.532753,333.05,807222.0,1074571.0
2025-06-18 12:36:26.529223,333.25,807222.0,1074571.0
2025-06-18 12:36:26.911380,333.2,813333.0,1073264.0
2025-06-18 12:36:28.539415,333.2,813333.0,1073264.0
2025-06-18 12:36:30.535679,333.25,813333.0,1073264.0
2025-06-18 12:36:31.615184,333.2,810619.0,1074014.0
2025-06-18 12:36:32.528189,333.25,810619.0,1074014.0
2025-06-18 12:36:34.539066,333.3,810619.0,1074014.0
2025-06-18 12:36:36.416082,333.25,808443.0,1070561.0
2025-06-18 12:36:36.527001,333.3,808443.0,1070561.0
2025-06-18 12:36:38.536540,333.25,808443.0,1070561.0
2025-06-18 12:36:41.018451,333.3,809645.0,1074426.0
2025-06-18 12:36:42.532895,333.45,809645.0,1074426.0
2025-06-18 12:36:45.532969,333.35,818508.0,1062531.0
2025-06-18 12:36:46.530654,333.35,818508.0,1062531.0
2025-06-18 12:36:48.526419,333.45,818508.0,1062531.0
2025-06-18 12:36:50.136036,333.45,817912.0,1062304.0
2025-06-18 12:36:52.540009,333.4,817912.0,1062304.0
2025-06-18 12:36:54.429498,333.35,812240.0,1063501.0
2025-06-18 12:36:54.528758,333.35,812240.0,1063501.0
2025-06-18 12:36:56.531976,333.35,812240.0,1063501.0
2025-06-18 12:36:58.533238,333.4,812240.0,1063501.0
2025-06-18 12:36:59.329589,333.4,814834.0,1063679.0
2025-06-18 12:37:00.996864,333.4,814834.0,1063679.0
2025-06-18 12:37:01.526846,333.4,814834.0,1063679.0
2025-06-18 12:37:01.534160,333.4,812343.0,1063538.0
2025-06-18 12:37:02.144638,333.4,812343.0,1063538.0
2025-06-18 12:37:02.523358,333.4,812343.0,1063538.0
2025-06-18 12:37:02.640625,333.4,814163.0,1063838.0
2025-06-18 12:37:03.082784,333.4,814163.0,1063838.0
2025-06-18 12:37:03.550488,333.4,813767.0,1063204.0
2025-06-18 12:37:04.066928,333.4,813767.0,1063204.0
2025-06-18 12:37:04.520395,333.35,813767.0,1063204.0
2025-06-18 12:37:04.536079,333.35,813767.0,1063030.0
2025-06-18 12:37:04.988022,333.35,813767.0,1063030.0
2025-06-18 12:37:05.544185,333.4,813767.0,1063030.0
2025-06-18 12:37:05.661213,333.4,813819.0,1064711.0
2025-06-18 12:37:05.838687,333.4,813819.0,1064711.0
2025-06-18 12:37:06.522509,333.55,813819.0,1064711.0
2025-06-18 12:37:06.736273,333.4,814973.0,1057661.0
2025-06-18 12:37:06.979424,333.4,814973.0,1057661.0
2025-06-18 12:37:07.524441,333.4,814973.0,1057661.0
2025-06-18 12:37:07.549595,333.4,814973.0,1057661.0
2025-06-18 12:37:07.740453,333.4,814927.0,1063076.0
2025-06-18 12:37:07.957006,333.4,814927.0,1063076.0
2025-06-18 12:37:08.466769,333.4,814927.0,1063076.0
2025-06-18 12:37:08.544152,333.4,814927.0,1063076.0
2025-06-18 12:37:08.739362,333.4,814851.0,1063141.0
2025-06-18 12:37:08.845070,333.4,814851.0,1063141.0
2025-06-18 12:37:09.728345,333.4,814851.0,1063141.0
2025-06-18 12:37:09.750458,333.35,814217.0,1063436.0
2025-06-18 12:37:10.526113,333.35,814217.0,1063436.0
2025-06-18 12:37:10.739311,333.35,810666.0,1063436.0
2025-06-18 12:37:10.996461,333.35,810666.0,1063436.0
2025-06-18 12:37:11.524774,333.4,810666.0,1063436.0
2025-06-18 12:37:11.741627,333.35,811588.0,1063583.0
2025-06-18 12:37:11.848752,333.35,811588.0,1063583.0
2025-06-18 12:37:12.526624,333.4,811588.0,1063583.0
2025-06-18 12:37:12.738870,333.35,812880.0,1063202.0
2025-06-18 12:37:13.256763,333.35,812880.0,1063202.0
2025-06-18 12:37:13.530262,333.35,812880.0,1063202.0
2025-06-18 12:37:13.838603,333.4,812916.0,1063351.0
2025-06-18 12:37:14.406268,333.4,812916.0,1063351.0
2025-06-18 12:37:14.522479,333.4,812916.0,1063351.0
2025-06-18 12:37:14.939994,333.35,812088.0,1063499.0
2025-06-18 12:37:15.521097,333.35,812088.0,1063499.0
2025-06-18 12:37:15.550695,333.35,812088.0,1063499.0
2025-06-18 12:37:15.840154,333.4,812253.0,1062690.0
2025-06-18 12:37:16.527671,333.5,812253.0,1062690.0
2025-06-18 12:37:16.941632,333.35,817202.0,1061556.0
2025-06-18 12:37:17.200097,333.35,817202.0,1061556.0
2025-06-18 12:37:17.523987,333.5,817202.0,1061556.0
2025-06-18 12:37:17.941380,333.5,814547.0,1065608.0
2025-06-18 12:37:19.044940,333.5,815646.0,1065445.0
2025-06-18 12:37:20.156134,333.5,815677.0,1065413.0
2025-06-18 12:37:21.153935,333.5,816818.0,1064957.0
2025-06-18 12:37:21.521960,333.5,816818.0,1064957.0
2025-06-18 12:37:22.243723,333.35,817234.0,1063355.0
2025-06-18 12:37:22.522871,333.5,817234.0,1063355.0
2025-06-18 12:37:23.242946,333.5,817460.0,1063420.0
2025-06-18 12:37:23.521427,333.5,817460.0,1063420.0
2025-06-18 12:37:24.245801,333.5,817419.0,1063420.0
2025-06-18 12:37:25.156520,333.5,817419.0,1063618.0
2025-06-18 12:37:26.157228,333.35,817453.0,1063328.0
2025-06-18 12:37:26.524291,333.35,817453.0,1063328.0
2025-06-18 12:37:27.247577,333.5,817414.0,1063113.0
2025-06-18 12:37:27.526405,333.5,817414.0,1063113.0
2025-06-18 12:37:28.247959,333.5,817453.0,1062369.0
2025-06-18 12:37:28.524774,333.35,817453.0,1062369.0
2025-06-18 12:37:29.252023,333.5,816978.0,1063185.0
2025-06-18 12:37:29.530683,333.5,816978.0,1063185.0
2025-06-18 12:37:30.251225,333.5,817769.0,1062953.0
2025-06-18 12:37:31.252469,333.5,819250.0,1064570.0
2025-06-18 12:37:31.527607,333.5,819250.0,1064570.0
2025-06-18 12:37:32.256447,333.35,815932.0,1063714.0
2025-06-18 12:37:32.526131,333.5,815932.0,1063714.0
2025-06-18 12:37:33.254232,333.5,817070.0,1064270.0
2025-06-18 12:37:34.252573,333.5,817078.0,1064048.0
2025-06-18 12:37:34.524671,333.5,817078.0,1064048.0
2025-06-18 12:37:36.181629,333.5,816079.0,1063778.0
2025-06-18 12:37:36.216908,333.5,816079.0,1063778.0
2025-06-18 12:37:36.254378,333.35,817474.0,1063837.0
2025-06-18 12:37:36.523839,333.35,817474.0,1063837.0
2025-06-18 12:37:37.254732,333.35,817367.0,1063867.0
2025-06-18 12:37:37.522848,333.4,817367.0,1063867.0
2025-06-18 12:37:38.257052,333.4,817365.0,1064062.0
2025-06-18 12:37:39.358826,333.35,818296.0,1064189.0
2025-06-18 12:37:39.522053,333.45,818296.0,1064189.0
2025-06-18 12:37:40.370439,333.45,819921.0,1063867.0
2025-06-18 12:37:41.363344,333.5,820237.0,1064279.0
2025-06-18 12:37:41.526590,333.5,820237.0,1064279.0
2025-06-18 12:37:42.358221,333.35,820567.0,1064448.0
2025-06-18 12:37:42.525066,333.35,820567.0,1064448.0
2025-06-18 12:37:43.357998,333.35,820510.0,1064498.0
2025-06-18 12:37:44.368440,333.35,820308.0,1056670.0
2025-06-18 12:37:45.460975,333.35,820466.0,1058556.0
2025-06-18 12:37:46.524964,333.35,820466.0,1058556.0
2025-06-18 12:37:46.561047,333.35,818164.0,1058456.0
2025-06-18 12:37:47.523426,333.45,818164.0,1058456.0
2025-06-18 12:37:47.670919,333.45,817973.0,1058138.0
2025-06-18 12:37:48.566244,333.45,817631.0,1058138.0
2025-06-18 12:37:49.522495,333.45,817631.0,1058138.0
2025-06-18 12:37:49.767175,333.45,820330.0,1060134.0
2025-06-18 12:37:50.769512,333.35,820463.0,1058634.0
2025-06-18 12:37:51.524711,333.45,820463.0,1058634.0
2025-06-18 12:37:51.769573,333.35,819662.0,1058558.0
2025-06-18 12:37:52.528716,333.45,819662.0,1058558.0
2025-06-18 12:37:52.869458,333.45,820014.0,1058627.0
2025-06-18 12:37:53.872459,333.35,819538.0,1058556.0
2025-06-18 12:37:54.527727,333.35,819538.0,1058556.0
2025-06-18 12:37:54.872950,333.35,818911.0,1058762.0
2025-06-18 12:37:55.874334,333.35,818480.0,1058931.0
2025-06-18 12:37:56.524503,333.45,818480.0,1058931.0
2025-06-18 12:37:56.874925,333.35,818390.0,1058890.0
2025-06-18 12:37:57.534347,333.45,818390.0,1058890.0
2025-06-18 12:37:57.874246,333.45,817290.0,1059351.0
2025-06-18 12:37:58.525156,333.35,817290.0,1059351.0
2025-06-18 12:37:58.778405,333.35,819133.0,1058156.0
2025-06-18 12:37:59.529326,333.4,819133.0,1058156.0
2025-06-18 12:37:59.777963,333.4,820339.0,1057633.0
2025-06-18 12:38:00.549561,333.35,820339.0,1057633.0
2025-06-18 12:38:00.689296,333.35,821440.0,1060186.0
2025-06-18 12:38:01.523892,333.5,821440.0,1060186.0
2025-06-18 12:38:01.780453,333.35,816671.0,1061059.0
2025-06-18 12:38:02.527184,333.5,816671.0,1061059.0
2025-06-18 12:38:02.778861,333.5,817933.0,1060269.0
2025-06-18 12:38:03.780713,333.5,822736.0,1059697.0
2025-06-18 12:38:04.879783,333.5,824082.0,1059921.0
2025-06-18 12:38:05.981219,333.4,818568.0,1061076.0
2025-06-18 12:38:06.526428,333.4,818568.0,1061076.0
2025-06-18 12:38:07.080142,333.4,820501.0,1059030.0
2025-06-18 12:38:07.527378,333.4,820501.0,1059030.0
2025-06-18 12:38:08.081549,333.4,820203.0,1060131.0
2025-06-18 12:38:08.529370,333.4,820203.0,1060131.0
2025-06-18 12:38:09.183314,333.35,820964.0,1060432.0
2025-06-18 12:38:09.526988,333.35,820964.0,1060432.0
2025-06-18 12:38:10.180935,333.35,819874.0,1060702.0
2025-06-18 12:38:11.184631,333.4,819527.0,1059712.0
2025-06-18 12:38:11.528236,333.4,819527.0,1059712.0
2025-06-18 12:38:12.081760,333.35,819580.0,1059712.0
2025-06-18 12:38:12.525086,333.35,819580.0,1059712.0
2025-06-18 12:38:13.082209,333.35,822197.0,1060426.0
2025-06-18 12:38:14.182572,333.35,821972.0,1060426.0
2025-06-18 12:38:15.183054,333.35,821873.0,1060426.0
2025-06-18 12:38:16.285624,333.35,819892.0,1060186.0
2025-06-18 12:38:16.526788,333.35,819892.0,1060186.0
2025-06-18 12:38:17.186378,333.35,820826.0,1060550.0
2025-06-18 12:38:17.567346,333.4,820826.0,1060550.0
2025-06-18 12:38:18.285676,333.4,820848.0,1060665.0
2025-06-18 12:38:19.486994,333.35,820497.0,1061214.0
2025-06-18 12:38:19.525112,333.35,820497.0,1061214.0
2025-06-18 12:38:20.489069,333.4,817888.0,1061624.0
2025-06-18 12:38:20.566397,333.4,817888.0,1061624.0
2025-06-18 12:38:21.489766,333.4,818091.0,1061891.0
2025-06-18 12:38:21.530477,333.4,818091.0,1061891.0
2025-06-18 12:38:22.386921,333.4,818926.0,1061346.0
2025-06-18 12:38:22.525215,333.4,818926.0,1061346.0
2025-06-18 12:38:23.487884,333.4,820015.0,1060789.0
2025-06-18 12:38:23.526999,333.4,820015.0,1060789.0
2025-06-18 12:38:24.527597,333.35,820015.0,1060789.0
2025-06-18 12:38:24.590523,333.35,821284.0,1061730.0
2025-06-18 12:38:25.525256,333.5,821284.0,1061730.0
2025-06-18 12:38:25.588592,333.5,822298.0,1061838.0
2025-06-18 12:38:26.489389,333.4,821232.0,1062972.0
2025-06-18 12:38:26.529164,333.4,821232.0,1062972.0
2025-06-18 12:38:27.490707,333.4,820347.0,1062972.0
2025-06-18 12:38:27.539435,333.4,820347.0,1062972.0
2025-06-18 12:38:28.490877,333.4,821984.0,1062567.0
2025-06-18 12:38:29.491965,333.35,819925.0,1063005.0
2025-06-18 12:38:29.525312,333.35,819925.0,1063005.0
2025-06-18 12:38:30.491489,333.45,820491.0,1063817.0
2025-06-18 12:38:30.525666,333.45,820491.0,1063817.0
2025-06-18 12:38:31.493454,333.45,813845.0,1068345.0
2025-06-18 12:38:31.530197,333.45,813845.0,1068345.0
2025-06-18 12:38:32.494878,333.45,814994.0,1069000.0
2025-06-18 12:38:32.524504,333.45,814994.0,1069000.0
2025-06-18 12:38:33.497483,333.45,816540.0,1067963.0
2025-06-18 12:38:33.530950,333.45,816540.0,1067963.0
2025-06-18 12:38:34.498249,333.45,816620.0,1067963.0
2025-06-18 12:38:34.528460,333.45,816620.0,1067963.0
2025-06-18 12:38:35.593853,333.45,816524.0,1066998.0
2025-06-18 12:38:36.528781,333.35,816524.0,1066998.0
2025-06-18 12:38:36.596526,333.35,816859.0,1067196.0
2025-06-18 12:38:37.525519,333.45,816859.0,1067196.0
2025-06-18 12:38:37.696654,333.45,816968.0,1066865.0
2025-06-18 12:38:38.797564,333.45,816993.0,1066382.0
2025-06-18 12:38:39.527513,333.35,816993.0,1066382.0
2025-06-18 12:38:39.798574,333.3,804403.0,1081994.0
2025-06-18 12:38:40.524946,333.25,804403.0,1081994.0
2025-06-18 12:38:40.801332,333.25,804548.0,1077071.0
2025-06-18 12:38:41.530460,333.3,804548.0,1077071.0
2025-06-18 12:38:41.801634,333.3,806268.0,1075253.0
2025-06-18 12:38:42.527790,333.3,806268.0,1075253.0
2025-06-18 12:38:42.803490,333.3,807321.0,1075420.0
2025-06-18 12:38:43.806285,333.3,807243.0,1075420.0
2025-06-18 12:38:44.527595,333.3,807243.0,1075420.0
2025-06-18 12:38:44.803602,333.3,806629.0,1074926.0
2025-06-18 12:38:45.805191,333.25,807489.0,1076354.0
2025-06-18 12:38:46.545489,333.25,807489.0,1076354.0
2025-06-18 12:38:46.810921,333.25,807500.0,1076351.0
2025-06-18 12:38:47.527566,333.3,807500.0,1076351.0
2025-06-18 12:38:47.812248,333.25,807533.0,1076496.0
2025-06-18 12:38:48.526499,333.25,807533.0,1076496.0
2025-06-18 12:38:48.805047,333.25,807279.0,1076766.0
2025-06-18 12:38:49.805777,333.3,806058.0,1076503.0
2025-06-18 12:38:50.526395,333.3,806058.0,1076503.0
2025-06-18 12:38:50.706389,333.3,806144.0,1076890.0
2025-06-18 12:38:51.524119,333.3,806144.0,1076890.0
2025-06-18 12:38:51.705253,333.25,805778.0,1076880.0
2025-06-18 12:38:52.531240,333.3,805778.0,1076880.0
2025-06-18 12:38:52.707449,333.3,805550.0,1076877.0
2025-06-18 12:38:53.529227,333.25,805550.0,1076877.0
2025-06-18 12:38:53.711679,333.25,798163.0,1086482.0
2025-06-18 12:38:54.527424,333.25,798163.0,1086482.0
2025-06-18 12:38:54.708258,333.25,799979.0,1084767.0
2025-06-18 12:38:55.528298,333.2,799979.0,1084767.0
2025-06-18 12:38:55.710356,333.2,799995.0,1084115.0
2025-06-18 12:38:56.534835,333.15,799995.0,1084115.0
2025-06-18 12:38:56.709657,333.15,798900.0,1087054.0
2025-06-18 12:38:57.525730,333.2,798900.0,1087054.0
2025-06-18 12:38:57.712172,333.2,799880.0,1086020.0
2025-06-18 12:38:58.526949,333.2,799880.0,1086020.0
2025-06-18 12:38:58.812461,333.15,799821.0,1085783.0
2025-06-18 12:38:59.526169,333.15,799821.0,1085783.0
2025-06-18 12:38:59.812711,333.15,799811.0,1085783.0
2025-06-18 12:39:00.816100,333.15,798927.0,1085904.0
2025-06-18 12:39:01.533377,333.2,798927.0,1085904.0
2025-06-18 12:39:01.913797,333.15,799736.0,1085902.0
2025-06-18 12:39:02.530307,333.15,799736.0,1085902.0
2025-06-18 12:39:02.914306,333.15,792335.0,1089412.0
2025-06-18 12:39:03.531176,333.1,792335.0,1089412.0
2025-06-18 12:39:03.817112,333.15,793011.0,1087757.0
2025-06-18 12:39:04.530444,333.1,793011.0,1087757.0
2025-06-18 12:39:04.816800,333.1,793141.0,1088221.0
2025-06-18 12:39:05.531211,333.1,793141.0,1088221.0
2025-06-18 12:39:06.319680,333.05,794934.0,1088906.0
2025-06-18 12:39:06.531334,333.05,794934.0,1088906.0
2025-06-18 12:39:07.420911,333.1,792778.0,1088396.0
2025-06-18 12:39:07.532645,333.1,792778.0,1088396.0
2025-06-18 12:39:08.595188,333.1,792778.0,1088396.0
2025-06-18 12:39:08.619095,333.1,793103.0,1087509.0
2025-06-18 12:39:09.534637,333.05,793103.0,1087509.0
2025-06-18 12:39:09.718651,333.05,794764.0,1086742.0
2025-06-18 12:39:10.821755,333.05,794764.0,1086742.0
2025-06-18 12:39:11.598149,333.1,794764.0,1086742.0
2025-06-18 12:39:11.918968,333.05,794840.0,1086740.0
2025-06-18 12:39:12.528374,333.05,794840.0,1086740.0
2025-06-18 12:39:12.919438,333.05,794885.0,1086740.0
2025-06-18 12:39:13.821467,333.05,794864.0,1086394.0
2025-06-18 12:39:14.921037,333.05,794862.0,1086394.0
2025-06-18 12:39:15.534449,333.1,794862.0,1086394.0
2025-06-18 12:39:15.922145,333.05,794309.0,1087218.0
2025-06-18 12:39:16.541461,333.05,794309.0,1087218.0
2025-06-18 12:39:17.023469,333.05,794092.0,1087359.0
2025-06-18 12:39:17.536261,333.1,794092.0,1087359.0
2025-06-18 12:39:17.923868,333.1,794314.0,1087497.0
2025-06-18 12:39:18.534040,333.05,794314.0,1087497.0
2025-06-18 12:39:18.923780,333.05,793487.0,1088014.0
2025-06-18 12:39:19.826033,333.05,793492.0,1087893.0
2025-06-18 12:39:20.827768,333.05,793668.0,1086823.0
2025-06-18 12:39:21.533368,333.05,793668.0,1086823.0
2025-06-18 12:39:21.924726,333.05,793587.0,1086252.0
2025-06-18 12:39:22.531220,333.1,793587.0,1086252.0
2025-06-18 12:39:22.925936,333.1,793759.0,1086047.0
2025-06-18 12:39:23.540216,333.1,793759.0,1086047.0
2025-06-18 12:39:23.925646,333.1,793248.0,1086243.0
2025-06-18 12:39:24.933628,333.1,793531.0,1085973.0
2025-06-18 12:39:25.534861,333.0,793531.0,1085973.0
2025-06-18 12:39:26.027729,333.0,794046.0,1087768.0
2025-06-18 12:39:26.534491,333.0,794046.0,1087768.0
2025-06-18 12:39:27.131432,333.1,793762.0,1088504.0
2025-06-18 12:39:27.563912,333.1,793762.0,1088504.0
2025-06-18 12:39:28.126869,333.1,793040.0,1088572.0
2025-06-18 12:39:29.029138,333.1,793003.0,1088574.0
2025-06-18 12:39:30.127035,333.1,793528.0,1088304.0
2025-06-18 12:39:31.227768,333.1,792621.0,1088301.0
2025-06-18 12:39:31.617030,333.1,792621.0,1088301.0
2025-06-18 12:39:32.219422,333.0,793447.0,1088233.0
2025-06-18 12:39:32.531684,333.1,793447.0,1088233.0
2025-06-18 12:39:33.131994,333.1,792256.0,1088954.0
2025-06-18 12:39:33.530781,333.0,792256.0,1088954.0
2025-06-18 12:39:34.227862,333.1,793571.0,1088941.0
2025-06-18 12:39:34.558789,333.1,793571.0,1088941.0
2025-06-18 12:39:35.329586,333.0,784812.0,1089172.0
2025-06-18 12:39:35.552094,333.0,784812.0,1089172.0
2025-06-18 12:39:36.437252,333.0,786693.0,1088934.0
2025-06-18 12:39:36.530516,333.0,786693.0,1088934.0
2025-06-18 12:39:37.331381,333.0,792574.0,1089216.0
2025-06-18 12:39:37.533835,333.1,792574.0,1089216.0
2025-06-18 12:39:38.232286,333.1,793573.0,1089213.0
2025-06-18 12:39:39.334914,333.1,793064.0,1089629.0
2025-06-18 12:39:40.435618,333.1,792996.0,1088603.0
2025-06-18 12:39:40.534697,333.1,792996.0,1088603.0
2025-06-18 12:39:41.531455,333.0,792996.0,1088603.0
2025-06-18 12:39:41.540264,333.0,793391.0,1088451.0
2025-06-18 12:39:42.534560,333.1,793391.0,1088451.0
2025-06-18 12:39:42.546102,333.1,793435.0,1089146.0
2025-06-18 12:39:43.549201,333.0,793435.0,1089146.0
2025-06-18 12:39:43.555372,333.0,790953.0,1088970.0
2025-06-18 12:39:44.548072,333.0,791737.0,1088968.0
2025-06-18 12:39:45.544525,333.0,790313.0,1089029.0
2025-06-18 12:39:46.535778,333.0,790313.0,1089029.0
2025-06-18 12:39:46.547471,333.0,792695.0,1089343.0
2025-06-18 12:39:47.533094,333.05,792695.0,1089343.0
2025-06-18 12:39:47.691695,333.05,791738.0,1091238.0
2025-06-18 12:39:48.532392,333.0,791738.0,1091238.0
2025-06-18 12:39:48.550315,333.0,797824.0,1090485.0
2025-06-18 12:39:49.532208,333.0,797824.0,1090485.0
2025-06-18 12:39:49.545806,333.0,797332.0,1090465.0
2025-06-18 12:39:50.654275,333.0,801859.0,1090330.0
2025-06-18 12:39:51.553608,333.05,801859.0,1090330.0
2025-06-18 12:39:51.562192,333.05,801796.0,1090341.0
2025-06-18 12:39:52.543661,333.05,801796.0,1090341.0
2025-06-18 12:39:52.553606,333.05,800643.0,1090454.0
2025-06-18 12:39:53.531293,333.05,800643.0,1090454.0
2025-06-18 12:39:53.671279,333.05,801173.0,1090414.0
2025-06-18 12:39:54.745105,333.05,802244.0,1090514.0
2025-06-18 12:39:55.847923,333.0,802946.0,1089806.0
2025-06-18 12:39:56.533659,333.0,802946.0,1089806.0
2025-06-18 12:39:56.747882,333.0,801672.0,1090949.0
2025-06-18 12:39:57.531114,333.05,801672.0,1090949.0
2025-06-18 12:39:57.849810,333.05,801945.0,1090631.0
2025-06-18 12:39:58.532910,333.05,801945.0,1090631.0
2025-06-18 12:39:58.949322,333.05,803940.0,1089719.0
2025-06-18 12:39:59.851453,333.05,804460.0,1090565.0
2025-06-18 12:40:00.536616,333.05,804460.0,1090565.0
2025-06-18 12:40:01.501399,333.05,804460.0,1090565.0
2025-06-18 12:40:01.542808,333.1,804460.0,1090565.0
2025-06-18 12:40:02.537840,333.05,804460.0,1090565.0
2025-06-18 12:40:02.642003,333.05,804460.0,1090565.0
2025-06-18 12:40:03.542896,333.1,804460.0,1090565.0
2025-06-18 12:40:03.598198,333.1,804460.0,1090565.0
2025-06-18 12:40:03.953858,333.1,803555.0,1090483.0
2025-06-18 12:40:04.581499,333.1,803555.0,1090483.0
2025-06-18 12:40:05.506810,333.1,803555.0,1090483.0
2025-06-18 12:40:05.551973,333.1,803555.0,1090483.0
2025-06-18 12:40:06.361121,333.1,803555.0,1090483.0
2025-06-18 12:40:07.507358,333.1,803555.0,1090483.0
2025-06-18 12:40:08.073052,333.1,803555.0,1090483.0
2025-06-18 12:40:08.757348,333.0,793737.0,1102725.0
2025-06-18 12:40:08.969024,333.0,793737.0,1102725.0
2025-06-18 12:40:09.359809,333.0,793737.0,1102725.0
2025-06-18 12:40:09.546319,333.0,793737.0,1102725.0
2025-06-18 12:40:10.267668,333.0,793737.0,1102725.0
2025-06-18 12:40:11.510817,333.0,793737.0,1102725.0
2025-06-18 12:40:12.393510,333.0,793737.0,1102725.0
2025-06-18 12:40:12.541891,333.0,793737.0,1102725.0
2025-06-18 12:40:13.558470,333.0,796003.0,1099504.0
2025-06-18 12:40:13.791944,333.0,796003.0,1099504.0
2025-06-18 12:40:14.947200,333.0,796003.0,1099504.0
2025-06-18 12:40:15.554064,333.05,796003.0,1099504.0
2025-06-18 12:40:16.101650,333.05,796003.0,1099504.0
2025-06-18 12:40:17.580543,333.05,796003.0,1099504.0
2025-06-18 12:40:18.552774,332.9,796003.0,1099504.0
2025-06-18 12:40:18.563213,332.9,791139.0,1101871.0
2025-06-18 12:40:21.547155,332.9,791139.0,1101871.0
2025-06-18 12:40:23.872728,332.95,792167.0,1101775.0
2025-06-18 12:40:24.539824,332.95,792167.0,1101775.0
2025-06-18 12:40:27.546710,332.95,792167.0,1101775.0
2025-06-18 12:40:28.970832,332.95,793870.0,1100365.0
2025-06-18 12:40:33.542827,332.9,793870.0,1100365.0
2025-06-18 12:40:34.185098,332.95,794111.0,1101121.0
2025-06-18 12:40:36.546202,332.9,794111.0,1101121.0
2025-06-18 12:40:38.974399,332.95,797698.0,1100804.0
2025-06-18 12:40:39.540846,332.9,797698.0,1100804.0
2025-06-18 12:40:42.541271,332.9,797698.0,1100804.0
2025-06-18 12:40:43.875202,332.9,800897.0,1101276.0
2025-06-18 12:40:46.545392,332.9,800897.0,1101276.0
2025-06-18 12:40:48.780385,332.9,800339.0,1100640.0
2025-06-18 12:40:49.540762,332.95,800339.0,1100640.0
2025-06-18 12:40:50.557104,332.95,800339.0,1100640.0
2025-06-18 12:40:53.482953,333.05,804989.0,1095721.0
2025-06-18 12:40:53.542222,333.05,804989.0,1095721.0
2025-06-18 12:40:56.552993,333.05,804989.0,1095721.0
2025-06-18 12:40:58.187340,332.95,809652.0,1095640.0
2025-06-18 12:40:58.546191,332.95,809652.0,1095640.0
2025-06-18 12:41:01.556974,332.95,809652.0,1095640.0
2025-06-18 12:41:01.690500,333.0,809772.0,1095100.0
2025-06-18 12:41:02.543804,333.0,809772.0,1095100.0
2025-06-18 12:41:02.788208,333.0,812444.0,1095111.0
2025-06-18 12:41:03.790054,333.0,814869.0,1095813.0
2025-06-18 12:41:04.796457,333.0,813169.0,1096047.0
2025-06-18 12:41:05.543789,333.05,813169.0,1096047.0
2025-06-18 12:41:05.792197,333.05,812770.0,1096003.0
2025-06-18 12:41:06.541133,333.0,812770.0,1096003.0
2025-06-18 12:41:06.792589,333.0,811828.0,1096482.0
2025-06-18 12:41:07.541965,333.05,811828.0,1096482.0
2025-06-18 12:41:07.890350,333.05,812827.0,1096288.0
2025-06-18 12:41:08.901767,333.05,813346.0,1095935.0
2025-06-18 12:41:09.892748,333.05,814469.0,1095918.0
2025-06-18 12:41:10.546729,333.05,814469.0,1095918.0
2025-06-18 12:41:10.799513,333.05,813583.0,1095913.0
2025-06-18 12:41:11.544068,333.0,813583.0,1095913.0
2025-06-18 12:41:11.893522,333.0,812472.0,1096128.0
2025-06-18 12:41:12.542692,333.0,812472.0,1096128.0
2025-06-18 12:41:12.898493,333.0,812542.0,1095924.0
2025-06-18 12:41:13.995221,333.0,813578.0,1095924.0
2025-06-18 12:41:15.095989,333.0,813256.0,1093470.0
2025-06-18 12:41:15.998558,333.0,812425.0,1093575.0
2025-06-18 12:41:16.542906,333.0,812425.0,1093575.0
2025-06-18 12:41:16.999207,333.0,812573.0,1093588.0
2025-06-18 12:41:17.545924,333.05,812573.0,1093588.0
2025-06-18 12:41:17.999077,333.05,811389.0,1094171.0
2025-06-18 12:41:18.548041,333.0,811389.0,1094171.0
2025-06-18 12:41:19.000273,333.0,812911.0,1093753.0
2025-06-18 12:41:19.542399,333.0,812911.0,1093753.0
2025-06-18 12:41:20.000585,333.0,812602.0,1093917.0
2025-06-18 12:41:20.542398,333.05,812602.0,1093917.0
2025-06-18 12:41:21.000326,333.05,812477.0,1093769.0
2025-06-18 12:41:21.542006,333.05,812477.0,1093769.0
2025-06-18 12:41:22.003383,333.0,812515.0,1093538.0
2025-06-18 12:41:22.542702,333.05,812515.0,1093538.0
2025-06-18 12:41:23.001745,333.05,813073.0,1093534.0
2025-06-18 12:41:24.001817,333.05,812599.0,1093534.0
2025-06-18 12:41:26.594527,333.05,806993.0,1093860.0
2025-06-18 12:41:26.632644,333.0,806993.0,1093860.0
2025-06-18 12:41:26.702118,333.0,807069.0,1094576.0
2025-06-18 12:41:27.559426,333.05,807069.0,1094576.0
2025-06-18 12:41:27.810608,333.05,812386.0,1094224.0
2025-06-18 12:41:28.906704,333.05,813589.0,1094224.0
2025-06-18 12:41:30.004600,333.05,813611.0,1094224.0
2025-06-18 12:41:31.106977,333.05,813149.0,1093613.0
2025-06-18 12:41:31.547369,333.05,813149.0,1093613.0
2025-06-18 12:41:32.428437,333.0,815070.0,1093754.0
2025-06-18 12:41:32.547507,333.05,815070.0,1093754.0
2025-06-18 12:41:33.307073,333.05,815054.0,1094468.0
2025-06-18 12:41:33.544969,333.05,815054.0,1094468.0
2025-06-18 12:41:34.408167,333.1,815245.0,1093148.0
2025-06-18 12:41:34.542094,333.1,815245.0,1093148.0
2025-06-18 12:41:35.407549,333.1,816363.0,1092988.0
2025-06-18 12:41:36.310036,333.05,816735.0,1092819.0
2025-06-18 12:41:36.544620,333.05,816735.0,1092819.0
2025-06-18 12:41:37.408566,333.05,816104.0,1092986.0
2025-06-18 12:41:37.547541,333.05,816104.0,1092986.0
2025-06-18 12:41:38.411137,333.1,817361.0,1092814.0
2025-06-18 12:41:38.558905,333.1,817361.0,1092814.0
2025-06-18 12:41:39.414188,333.05,815940.0,1092981.0
2025-06-18 12:41:39.546440,333.05,815940.0,1092981.0
2025-06-18 12:41:40.411333,333.05,815285.0,1093657.0
2025-06-18 12:41:41.312501,333.1,815823.0,1093655.0
2025-06-18 12:41:41.543196,333.1,815823.0,1093655.0
2025-06-18 12:41:42.318997,333.05,817149.0,1092810.0
2025-06-18 12:41:42.543279,333.1,817149.0,1092810.0
2025-06-18 12:41:43.412518,333.1,817157.0,1092759.0
2025-06-18 12:41:44.511118,333.05,818488.0,1092293.0
2025-06-18 12:41:44.543843,333.05,818488.0,1092293.0
2025-06-18 12:41:45.513793,333.25,814800.0,1087534.0
2025-06-18 12:41:45.542896,333.05,814800.0,1087534.0
2025-06-18 12:41:46.512031,333.05,813172.0,1096742.0
2025-06-18 12:41:46.542631,333.05,813172.0,1096742.0
2025-06-18 12:41:47.544516,333.1,813172.0,1096742.0
2025-06-18 12:41:47.623033,333.1,811057.0,1095526.0
2025-06-18 12:41:48.614226,333.1,811266.0,1093424.0
2025-06-18 12:41:49.547547,333.1,811266.0,1093424.0
2025-06-18 12:41:49.715588,333.1,813669.0,1093324.0
2025-06-18 12:41:50.549354,333.05,813669.0,1093324.0
2025-06-18 12:41:50.716248,333.05,814215.0,1090909.0
2025-06-18 12:41:51.551553,333.1,814215.0,1090909.0
2025-06-18 12:41:51.617811,333.05,813960.0,1090901.0
2025-06-18 12:41:52.543522,333.1,813960.0,1090901.0
2025-06-18 12:41:52.717323,333.1,813776.0,1090630.0
2025-06-18 12:41:53.817491,333.1,815245.0,1090296.0
2025-06-18 12:41:54.542786,333.15,815245.0,1090296.0
2025-06-18 12:41:54.817847,333.15,814880.0,1090295.0
2025-06-18 12:41:55.542625,333.05,814880.0,1090295.0
2025-06-18 12:41:55.819663,333.05,814344.0,1090230.0
2025-06-18 12:41:56.568935,333.05,814344.0,1090230.0
2025-06-18 12:41:56.920053,333.1,814285.0,1090054.0
2025-06-18 12:41:57.545769,333.15,814285.0,1090054.0
2025-06-18 12:41:57.821831,333.15,817357.0,1089770.0
2025-06-18 12:41:58.822600,333.15,815485.0,1090200.0
2025-06-18 12:41:59.831703,333.1,815230.0,1089484.0
2025-06-18 12:42:00.542752,333.1,815230.0,1089484.0
2025-06-18 12:42:00.823715,333.1,815445.0,1089605.0
2025-06-18 12:42:01.550112,333.1,815445.0,1089605.0
2025-06-18 12:42:01.823576,333.05,815381.0,1089607.0
2025-06-18 12:42:02.547226,333.1,815381.0,1089607.0
2025-06-18 12:42:02.823541,333.05,817468.0,1089476.0
2025-06-18 12:42:03.545641,333.1,817468.0,1089476.0
2025-06-18 12:42:03.925804,333.1,817207.0,1090306.0
2025-06-18 12:42:05.023346,333.1,817279.0,1089726.0
2025-06-18 12:42:05.551225,333.1,817279.0,1089726.0
2025-06-18 12:42:06.129417,333.05,817041.0,1089680.0
2025-06-18 12:42:06.551606,333.05,817041.0,1089680.0
2025-06-18 12:42:07.125109,333.05,817166.0,1089680.0
2025-06-18 12:42:07.551090,333.1,817166.0,1089680.0
2025-06-18 12:42:08.127309,333.1,817034.0,1089676.0
2025-06-18 12:42:09.125604,333.1,815471.0,1089677.0
2025-06-18 12:42:09.551692,333.1,815471.0,1089677.0
2025-06-18 12:42:10.227945,333.1,817737.0,1092248.0
2025-06-18 12:42:11.328013,333.1,818655.0,1092524.0
2025-06-18 12:42:11.549203,333.1,818655.0,1092524.0
2025-06-18 12:42:12.326775,333.05,816026.0,1091981.0
2025-06-18 12:42:12.544701,333.05,816026.0,1091981.0
2025-06-18 12:42:13.428189,333.05,815899.0,1092251.0
2025-06-18 12:42:13.545255,333.05,815899.0,1092251.0
2025-06-18 12:42:14.528579,333.05,815487.0,1092258.0
2025-06-18 12:42:15.545985,333.1,815487.0,1092258.0
2025-06-18 12:42:15.629006,333.1,815501.0,1091879.0
2025-06-18 12:42:16.541233,333.05,815501.0,1091879.0
2025-06-18 12:42:16.728138,333.05,815963.0,1091608.0
2025-06-18 12:42:17.557236,333.1,815963.0,1091608.0
2025-06-18 12:42:17.829022,333.1,813352.0,1091589.0
2025-06-18 12:42:18.540839,333.1,813352.0,1091589.0
2025-06-18 12:42:18.927665,333.05,815087.0,1093134.0
2025-06-18 12:42:19.547029,333.05,815087.0,1093134.0
2025-06-18 12:42:20.028683,333.05,814390.0,1093134.0
2025-06-18 12:42:20.541850,333.05,814390.0,1093134.0
2025-06-18 12:42:20.931197,333.1,814412.0,1093313.0
2025-06-18 12:42:21.544056,333.05,814412.0,1093313.0
2025-06-18 12:42:22.029860,333.1,814521.0,1093313.0
2025-06-18 12:42:22.540791,333.1,814521.0,1093313.0
2025-06-18 12:42:23.028143,333.1,814812.0,1094025.0
2025-06-18 12:42:23.956334,333.1,814458.0,1094025.0
2025-06-18 12:42:25.032020,333.1,815741.0,1094025.0
2025-06-18 12:42:25.958998,333.05,814350.0,1094025.0
2025-06-18 12:42:26.539630,333.1,814350.0,1094025.0
2025-06-18 12:42:26.933616,333.05,813345.0,1093306.0
2025-06-18 12:42:27.550550,333.1,813345.0,1093306.0
2025-06-18 12:42:28.033669,333.1,815296.0,1093305.0
2025-06-18 12:42:28.540318,333.1,815296.0,1093305.0
2025-06-18 12:42:29.034648,333.05,813634.0,1092379.0
2025-06-18 12:42:29.543804,333.05,813634.0,1092379.0
2025-06-18 12:42:30.035867,333.05,817028.0,1092724.0
2025-06-18 12:42:30.936551,333.1,817262.0,1092587.0
2025-06-18 12:42:31.557731,333.1,817262.0,1092587.0
2025-06-18 12:42:32.034399,333.05,818378.0,1092779.0
2025-06-18 12:42:32.546011,333.1,818378.0,1092779.0
2025-06-18 12:42:33.039716,333.1,816539.0,1092807.0
2025-06-18 12:42:33.542866,333.05,816539.0,1092807.0
2025-06-18 12:42:34.038608,333.1,818168.0,1092796.0
2025-06-18 12:42:34.542769,333.1,818168.0,1092796.0
2025-06-18 12:42:35.036378,333.1,816967.0,1092960.0
2025-06-18 12:42:35.544062,333.05,816967.0,1092960.0
2025-06-18 12:42:36.136943,333.05,816670.0,1093548.0
2025-06-18 12:42:36.560435,333.05,816670.0,1093548.0
2025-06-18 12:42:37.147970,333.05,817202.0,1093247.0
2025-06-18 12:42:37.545886,333.1,817202.0,1093247.0
2025-06-18 12:42:38.137995,333.1,816314.0,1092930.0
2025-06-18 12:42:39.141142,333.1,816960.0,1093079.0
2025-06-18 12:42:40.143321,333.1,816963.0,1093046.0
2025-06-18 12:42:41.143608,333.1,818639.0,1093074.0
2025-06-18 12:42:41.545277,333.1,818639.0,1093074.0
2025-06-18 12:42:42.544561,333.05,818639.0,1093074.0
2025-06-18 12:42:42.645108,333.05,818420.0,1093074.0
2025-06-18 12:42:43.646197,333.05,818561.0,1093074.0
2025-06-18 12:42:44.544927,333.1,818561.0,1093074.0
2025-06-18 12:42:44.650694,333.1,819457.0,1093073.0
2025-06-18 12:42:45.538814,333.05,819457.0,1093073.0
2025-06-18 12:42:45.545442,333.05,818259.0,1093184.0
2025-06-18 12:42:46.678568,333.05,818259.0,1093184.0
2025-06-18 12:42:46.710828,333.05,817514.0,1093436.0
2025-06-18 12:42:47.545396,333.1,817514.0,1093436.0
2025-06-18 12:42:47.653157,333.1,818869.0,1093179.0
2025-06-18 12:42:48.544013,333.05,818869.0,1093179.0
2025-06-18 12:42:48.743118,333.05,819191.0,1093158.0
2025-06-18 12:42:49.842203,333.05,818089.0,1093259.0
2025-06-18 12:42:50.844990,333.1,819231.0,1093223.0
2025-06-18 12:42:51.544406,333.1,819231.0,1093223.0
2025-06-18 12:42:54.769560,333.05,818957.0,1093246.0
2025-06-18 12:42:54.920149,333.1,818957.0,1093246.0
2025-06-18 12:42:54.961333,333.1,818251.0,1093242.0
2025-06-18 12:42:55.012408,333.1,818615.0,1093242.0
2025-06-18 12:42:55.149804,333.1,817865.0,1093242.0
2025-06-18 12:42:56.048971,333.05,812475.0,1105566.0
2025-06-18 12:42:56.545579,333.0,812475.0,1105566.0
2025-06-18 12:42:57.051555,333.05,813333.0,1107753.0
2025-06-18 12:42:57.545822,333.05,813333.0,1107753.0
2025-06-18 12:42:58.542908,333.0,813333.0,1107753.0
2025-06-18 12:42:58.553926,333.0,812457.0,1107783.0
2025-06-18 12:42:59.448195,333.0,811778.0,1107686.0
2025-06-18 12:42:59.545876,333.0,811778.0,1107686.0
2025-06-18 12:43:00.457029,333.05,811555.0,1105241.0
2025-06-18 12:43:00.541032,333.05,811555.0,1105241.0
2025-06-18 12:43:01.573978,333.05,811555.0,1105241.0
2025-06-18 12:43:01.951416,333.0,811236.0,1106153.0
2025-06-18 12:43:02.199935,333.0,811236.0,1106153.0
2025-06-18 12:43:02.545906,333.05,811236.0,1106153.0
2025-06-18 12:43:03.332920,333.05,811236.0,1106153.0
2025-06-18 12:43:04.291977,333.05,811236.0,1106153.0
2025-06-18 12:43:05.278102,333.05,811236.0,1106153.0
2025-06-18 12:43:05.546485,333.05,811236.0,1106153.0
2025-06-18 12:43:06.227712,333.05,811236.0,1106153.0
2025-06-18 12:43:06.548897,333.0,811236.0,1106153.0
2025-06-18 12:43:07.067695,333.0,811236.0,1106153.0
2025-06-18 12:43:07.163117,333.0,811694.0,1104150.0
2025-06-18 12:43:08.201349,333.0,811694.0,1104150.0
2025-06-18 12:43:08.551039,333.05,811694.0,1104150.0
2025-06-18 12:43:08.771056,333.05,811694.0,1104150.0
2025-06-18 12:43:09.197002,333.05,811694.0,1104150.0
2025-06-18 12:43:10.058958,333.05,811694.0,1104150.0
2025-06-18 12:43:12.203398,333.05,811694.0,1104150.0
2025-06-18 12:43:12.254683,333.05,815011.0,1096101.0
2025-06-18 12:43:12.551940,333.05,815011.0,1096101.0
2025-06-18 12:43:13.075703,333.05,815011.0,1096101.0
2025-06-18 12:43:14.475234,333.05,815011.0,1096101.0
2025-06-18 12:43:14.549740,333.0,815011.0,1096101.0
2025-06-18 12:43:15.622351,333.0,815011.0,1096101.0
2025-06-18 12:43:16.552165,333.05,815011.0,1096101.0
2025-06-18 12:43:16.787122,333.05,815011.0,1096101.0
2025-06-18 12:43:17.176991,333.0,816579.0,1095817.0
2025-06-18 12:43:18.268576,333.0,816579.0,1095817.0
2025-06-18 12:43:18.552034,333.0,816579.0,1095817.0
2025-06-18 12:43:20.551115,333.05,816579.0,1095817.0
2025-06-18 12:43:22.552467,333.05,816579.0,1095817.0
2025-06-18 12:43:22.563048,333.05,815509.0,1095721.0
2025-06-18 12:43:24.552410,333.0,815509.0,1095721.0
2025-06-18 12:43:26.548475,333.0,815509.0,1095721.0
2025-06-18 12:43:27.567374,333.1,815549.0,1099420.0
2025-06-18 12:43:28.552128,333.1,815549.0,1099420.0
2025-06-18 12:43:30.552374,333.05,815549.0,1099420.0
2025-06-18 12:43:32.545285,333.05,815549.0,1099420.0
2025-06-18 12:43:32.681133,333.05,816422.0,1099287.0
2025-06-18 12:43:34.550307,333.0,816422.0,1099287.0
2025-06-18 12:43:36.552665,333.0,816422.0,1099287.0
2025-06-18 12:43:37.374317,333.05,818703.0,1099531.0
2025-06-18 12:43:38.550122,333.05,818703.0,1099531.0
2025-06-18 12:43:42.378973,333.0,818331.0,1098720.0
2025-06-18 12:43:42.552571,333.05,818331.0,1098720.0
2025-06-18 12:43:46.553337,333.0,818331.0,1098720.0
2025-06-18 12:43:47.079333,333.0,815564.0,1098860.0
2025-06-18 12:43:48.553829,333.05,815564.0,1098860.0
2025-06-18 12:43:50.549444,333.05,815564.0,1098860.0
2025-06-18 12:43:51.884681,333.0,814263.0,1101287.0
2025-06-18 12:43:52.554351,333.0,814263.0,1101287.0
2025-06-18 12:43:54.552776,333.1,814263.0,1101287.0
2025-06-18 12:43:56.566123,333.0,814263.0,1101287.0
2025-06-18 12:43:56.890669,333.0,810723.0,1100683.0
2025-06-18 12:43:58.550654,333.0,810723.0,1100683.0
2025-06-18 12:44:00.552780,333.0,810723.0,1100683.0
2025-06-18 12:44:01.897809,333.0,807799.0,1100200.0
2025-06-18 12:44:02.553951,333.1,807799.0,1100200.0
2025-06-18 12:44:04.549984,333.1,807799.0,1100200.0
2025-06-18 12:44:06.498589,333.0,793323.0,1100167.0
2025-06-18 12:44:06.557716,333.0,793323.0,1100167.0
2025-06-18 12:44:08.552681,333.05,793323.0,1100167.0
2025-06-18 12:44:10.555889,333.0,793323.0,1100167.0
2025-06-18 12:44:11.304356,333.1,797154.0,1099109.0
2025-06-18 12:44:12.560878,333.05,797154.0,1099109.0
2025-06-18 12:44:14.554095,333.05,797154.0,1099109.0
2025-06-18 12:44:15.805580,333.0,797711.0,1098986.0
2025-06-18 12:44:16.552790,333.0,797711.0,1098986.0
2025-06-18 12:44:18.562471,333.1,797711.0,1098986.0
2025-06-18 12:44:20.408692,333.1,796976.0,1098786.0
2025-06-18 12:44:20.552987,333.1,796976.0,1098786.0
2025-06-18 12:44:22.557145,333.1,796976.0,1098786.0
2025-06-18 12:44:24.912819,333.1,804264.0,1099382.0
2025-06-18 12:44:26.554286,333.1,804264.0,1099382.0
2025-06-18 12:44:28.557669,333.15,804264.0,1099382.0
2025-06-18 12:44:29.816256,333.15,803483.0,1095768.0
2025-06-18 12:44:32.561530,333.15,803483.0,1095768.0
2025-06-18 12:44:34.570310,333.1,803483.0,1095768.0
2025-06-18 12:44:34.722392,333.1,802164.0,1095551.0
2025-06-18 12:44:36.565148,333.0,802164.0,1095551.0
2025-06-18 12:44:38.553287,333.1,802164.0,1095551.0
2025-06-18 12:44:39.527307,333.1,802010.0,1095715.0
2025-06-18 12:44:42.558655,333.0,802010.0,1095715.0
2025-06-18 12:44:44.331413,333.1,800114.0,1095316.0
2025-06-18 12:44:44.554338,333.1,800114.0,1095316.0
2025-06-18 12:44:46.553200,333.0,800114.0,1095316.0
2025-06-18 12:44:48.557452,333.1,800114.0,1095316.0
2025-06-18 12:44:49.440872,333.1,800772.0,1095738.0
2025-06-18 12:44:53.557851,333.1,800772.0,1095738.0
2025-06-18 12:44:54.439958,333.1,797235.0,1096036.0
2025-06-18 12:44:58.554780,333.1,797235.0,1096036.0
2025-06-18 12:44:59.844599,333.1,798537.0,1095624.0
2025-06-18 12:45:01.555576,333.1,798537.0,1095624.0
2025-06-18 12:45:04.572053,333.0,798537.0,1095624.0
2025-06-18 12:45:04.847113,333.0,796057.0,1096421.0
2025-06-18 12:45:07.554856,333.1,796057.0,1096421.0
2025-06-18 12:45:09.953084,333.1,797222.0,1096089.0
2025-06-18 12:45:10.559313,333.1,797222.0,1096089.0
2025-06-18 12:45:13.561571,333.1,797222.0,1096089.0
2025-06-18 12:45:14.954719,333.1,798187.0,1096435.0
2025-06-18 12:45:16.554661,333.0,798187.0,1096435.0
2025-06-18 12:45:19.558145,333.0,798187.0,1096435.0
2025-06-18 12:45:20.053823,333.0,800352.0,1099997.0
2025-06-18 12:45:20.578949,333.05,800352.0,1099997.0
2025-06-18 12:45:22.563096,333.05,800352.0,1099997.0
2025-06-18 12:45:24.560141,333.05,800352.0,1099997.0
2025-06-18 12:45:25.058580,333.05,800574.0,1101191.0
2025-06-18 12:45:26.561517,333.05,800574.0,1101191.0
2025-06-18 12:45:28.598633,333.0,800574.0,1101191.0
2025-06-18 12:45:30.258923,333.0,797652.0,1096525.0
2025-06-18 12:45:30.558403,333.05,797652.0,1096525.0
2025-06-18 12:45:32.560915,333.15,797652.0,1096525.0
2025-06-18 12:45:34.568188,333.2,797652.0,1096525.0
2025-06-18 12:45:35.963371,333.1,797954.0,1087436.0
2025-06-18 12:45:36.585975,333.1,797954.0,1087436.0
2025-06-18 12:45:38.560035,333.2,797954.0,1087436.0
2025-06-18 12:45:41.067819,333.2,801588.0,1087219.0
2025-06-18 12:45:42.561059,333.1,801588.0,1087219.0
2025-06-18 12:45:44.564513,333.2,801588.0,1087219.0
2025-06-18 12:45:45.871869,333.1,802470.0,1090249.0
2025-06-18 12:45:46.562018,333.1,802470.0,1090249.0
2025-06-18 12:45:48.557059,333.15,802470.0,1090249.0
2025-06-18 12:45:50.695931,333.15,806010.0,1089851.0
2025-06-18 12:45:52.590939,333.1,806010.0,1089851.0
2025-06-18 12:45:54.557760,333.15,806010.0,1089851.0
2025-06-18 12:45:55.580016,333.05,805693.0,1089227.0
2025-06-18 12:45:56.561797,333.05,805693.0,1089227.0
2025-06-18 12:45:58.559414,333.15,805693.0,1089227.0
2025-06-18 12:46:00.277992,333.05,804977.0,1090475.0
2025-06-18 12:46:00.577787,333.15,804977.0,1090475.0
2025-06-18 12:46:04.040699,333.15,804977.0,1090475.0
2025-06-18 12:46:04.089849,333.15,804977.0,1090475.0
2025-06-18 12:46:04.117361,333.15,804977.0,1090475.0
2025-06-18 12:46:04.454152,333.15,804977.0,1090475.0
2025-06-18 12:46:04.566731,333.1,804977.0,1090475.0
2025-06-18 12:46:04.979431,333.1,802708.0,1096150.0
2025-06-18 12:46:05.440047,333.1,802708.0,1096150.0
2025-06-18 12:46:06.365419,333.1,802708.0,1096150.0
2025-06-18 12:46:06.560360,333.05,802708.0,1096150.0
2025-06-18 12:46:07.220401,333.05,802708.0,1096150.0
2025-06-18 12:46:08.368512,333.05,802708.0,1096150.0
2025-06-18 12:46:08.557874,333.1,802708.0,1096150.0
2025-06-18 12:46:08.952864,333.1,802708.0,1096150.0
2025-06-18 12:46:09.360871,333.1,802708.0,1096150.0
2025-06-18 12:46:09.986150,333.1,802096.0,1096856.0
2025-06-18 12:46:10.238541,333.1,802096.0,1096856.0
2025-06-18 12:46:10.561376,333.1,802096.0,1096856.0
2025-06-18 12:46:11.129827,333.1,802096.0,1096856.0
2025-06-18 12:46:12.415804,333.1,802096.0,1096856.0
2025-06-18 12:46:12.583641,333.05,802096.0,1096856.0
2025-06-18 12:46:13.342504,333.05,802096.0,1096856.0
2025-06-18 12:46:14.713258,333.05,802096.0,1096856.0
2025-06-18 12:46:14.786476,333.05,802157.0,1096613.0
2025-06-18 12:46:15.825324,333.05,802157.0,1096613.0
2025-06-18 12:46:16.979025,333.05,802157.0,1096613.0
2025-06-18 12:46:17.571921,333.1,802157.0,1096613.0
2025-06-18 12:46:18.477750,333.1,802157.0,1096613.0
2025-06-18 12:46:18.562578,333.05,802157.0,1096613.0
2025-06-18 12:46:19.994399,333.05,804799.0,1090914.0
2025-06-18 12:46:20.560863,333.1,804799.0,1090914.0
2025-06-18 12:46:22.591705,333.1,804799.0,1090914.0
2025-06-18 12:46:24.565606,333.1,804799.0,1090914.0
2025-06-18 12:46:25.196237,333.1,807126.0,1089587.0
2025-06-18 12:46:26.566987,333.1,807126.0,1089587.0
2025-06-18 12:46:28.593227,333.15,807126.0,1089587.0
2025-06-18 12:46:29.996182,333.15,814799.0,1092727.0
2025-06-18 12:46:32.574531,333.15,814799.0,1092727.0
2025-06-18 12:46:34.569409,333.15,814799.0,1092727.0
2025-06-18 12:46:35.499197,333.15,813725.0,1092405.0
2025-06-18 12:46:36.563901,333.1,813725.0,1092405.0
2025-06-18 12:46:38.566245,333.1,813725.0,1092405.0
2025-06-18 12:46:40.503742,333.05,812957.0,1092112.0
2025-06-18 12:46:40.562324,333.15,812957.0,1092112.0
2025-06-18 12:46:42.571559,333.15,812957.0,1092112.0
2025-06-18 12:46:45.402461,333.15,811554.0,1092632.0
2025-06-18 12:46:46.561364,333.05,811554.0,1092632.0
2025-06-18 12:46:48.562048,333.15,811554.0,1092632.0
2025-06-18 12:46:50.206176,333.15,809233.0,1094135.0
2025-06-18 12:46:52.581725,333.15,809233.0,1094135.0
2025-06-18 12:46:54.564028,333.15,809233.0,1094135.0
2025-06-18 12:46:55.011053,333.15,809742.0,1094729.0
2025-06-18 12:46:56.565541,333.0,809742.0,1094729.0
2025-06-18 12:46:58.564365,333.1,809742.0,1094729.0
2025-06-18 12:46:59.814736,333.1,814924.0,1096868.0
2025-06-18 12:47:00.573623,333.1,814924.0,1096868.0
2025-06-18 12:47:02.568816,333.1,814924.0,1096868.0
2025-06-18 12:47:04.317024,333.0,811912.0,1095950.0
2025-06-18 12:47:04.581285,333.0,811912.0,1095950.0
2025-06-18 12:47:06.575038,333.0,811912.0,1095950.0
2025-06-18 12:47:08.569313,333.05,811912.0,1095950.0
2025-06-18 12:47:09.420353,333.05,814039.0,1103958.0
2025-06-18 12:47:12.575669,333.0,814039.0,1103958.0
2025-06-18 12:47:14.523577,333.05,815913.0,1100928.0
2025-06-18 12:47:14.562746,333.05,815913.0,1100928.0
2025-06-18 12:47:16.567003,333.05,815913.0,1100928.0
2025-06-18 12:47:18.565609,333.05,815913.0,1100928.0
2025-06-18 12:47:18.923658,333.05,815913.0,1101856.0
2025-06-18 12:47:20.573886,333.05,815913.0,1101856.0
2025-06-18 12:47:22.569559,333.1,815913.0,1101856.0
2025-06-18 12:47:23.426717,333.1,814609.0,1101863.0
2025-06-18 12:47:24.606162,333.05,814609.0,1101863.0
2025-06-18 12:47:26.569030,333.0,814609.0,1101863.0
2025-06-18 12:47:28.229372,333.1,816820.0,1101721.0
2025-06-18 12:47:28.560630,333.1,816820.0,1101721.0
2025-06-18 12:47:30.569364,333.05,816820.0,1101721.0
2025-06-18 12:47:32.570843,333.05,816820.0,1101721.0
2025-06-18 12:47:33.131947,333.05,814607.0,1103985.0
2025-06-18 12:47:34.573791,333.05,814607.0,1103985.0
2025-06-18 12:47:36.601621,333.0,814607.0,1103985.0
2025-06-18 12:47:37.635698,333.05,816291.0,1100680.0
2025-06-18 12:47:38.570623,333.05,816291.0,1100680.0
2025-06-18 12:47:39.573095,333.05,816291.0,1100680.0
2025-06-18 12:47:41.577585,333.05,816291.0,1100680.0
2025-06-18 12:47:42.337928,333.05,817137.0,1101348.0
2025-06-18 12:47:42.584380,333.05,817137.0,1101348.0
2025-06-18 12:47:45.571524,333.05,817137.0,1101348.0
2025-06-18 12:47:46.566717,333.0,817137.0,1101348.0
2025-06-18 12:47:46.939032,333.0,817720.0,1101317.0
2025-06-18 12:47:47.568017,333.05,817720.0,1101317.0
2025-06-18 12:47:48.569174,333.05,817720.0,1101317.0
2025-06-18 12:47:49.565327,333.05,817720.0,1101317.0
2025-06-18 12:47:50.563859,333.05,817720.0,1101317.0
2025-06-18 12:47:51.340743,333.05,817022.0,1095887.0
2025-06-18 12:47:51.567314,333.05,817022.0,1095887.0
2025-06-18 12:47:52.567633,333.05,817022.0,1095887.0
2025-06-18 12:47:53.565430,333.1,817022.0,1095887.0
2025-06-18 12:47:54.569279,333.0,817022.0,1095887.0
2025-06-18 12:47:56.149558,333.0,817897.0,1093774.0
2025-06-18 12:47:56.567178,333.0,817897.0,1093774.0
2025-06-18 12:47:57.567610,333.1,817897.0,1093774.0
2025-06-18 12:47:58.583614,333.05,817897.0,1093774.0
2025-06-18 12:48:00.570060,333.05,817897.0,1093774.0
2025-06-18 12:48:00.943039,333.05,814598.0,1095862.0
2025-06-18 12:48:01.570142,333.05,814598.0,1095862.0
2025-06-18 12:48:02.578523,333.05,814598.0,1095862.0
2025-06-18 12:48:05.566438,333.05,814598.0,1095862.0
2025-06-18 12:48:05.949578,333.0,815278.0,1094915.0
2025-06-18 12:48:06.566749,333.0,815278.0,1094915.0
2025-06-18 12:48:07.569759,333.05,815278.0,1094915.0
2025-06-18 12:48:08.569607,333.0,815278.0,1094915.0
2025-06-18 12:48:10.660061,333.0,815332.0,1092184.0
2025-06-18 12:48:11.570436,333.05,815332.0,1092184.0
2025-06-18 12:48:13.565509,333.0,815332.0,1092184.0
2025-06-18 12:48:15.354697,333.05,813300.0,1093090.0
2025-06-18 12:48:15.562874,333.05,813300.0,1093090.0
2025-06-18 12:48:17.568020,333.05,813300.0,1093090.0
2025-06-18 12:48:19.568033,333.0,813300.0,1093090.0
2025-06-18 12:48:20.161534,333.0,811394.0,1092299.0
2025-06-18 12:48:21.570530,333.05,811394.0,1092299.0
2025-06-18 12:48:23.566341,333.1,811394.0,1092299.0
2025-06-18 12:48:24.959163,333.1,813272.0,1086671.0
2025-06-18 12:48:25.569883,333.15,813272.0,1086671.0
2025-06-18 12:48:27.574484,333.1,813272.0,1086671.0
2025-06-18 12:48:29.568043,333.15,813272.0,1086671.0
2025-06-18 12:48:29.763912,333.1,815412.0,1091406.0
2025-06-18 12:48:31.570981,333.15,815412.0,1091406.0
2025-06-18 12:48:33.564391,333.1,815412.0,1091406.0
2025-06-18 12:48:34.262155,333.15,817203.0,1089941.0
2025-06-18 12:48:35.570430,333.15,817203.0,1089941.0
2025-06-18 12:48:37.586357,333.15,817203.0,1089941.0
2025-06-18 12:48:38.566842,333.15,816938.0,1090115.0
2025-06-18 12:48:41.567310,333.1,816938.0,1090115.0
2025-06-18 12:48:43.067521,333.1,817528.0,1089961.0
2025-06-18 12:48:43.571591,333.15,817528.0,1089961.0
2025-06-18 12:48:47.569218,333.15,817528.0,1089961.0
2025-06-18 12:48:47.773220,333.15,813885.0,1090169.0
2025-06-18 12:48:51.572223,333.15,813885.0,1090169.0
2025-06-18 12:48:52.574202,333.15,814204.0,1090938.0
2025-06-18 12:48:53.570075,333.1,814204.0,1090938.0
2025-06-18 12:48:57.278441,333.1,814322.0,1090152.0
2025-06-18 12:48:57.572943,333.1,814322.0,1090152.0
2025-06-18 12:48:59.568439,333.1,814322.0,1090152.0
2025-06-18 12:49:01.571915,333.15,814322.0,1090152.0
2025-06-18 12:49:01.878381,333.1,814401.0,1089000.0
2025-06-18 12:49:02.697692,333.1,814401.0,1089000.0
2025-06-18 12:49:03.569406,333.1,814401.0,1089000.0
2025-06-18 12:49:04.016262,333.1,814401.0,1089000.0
2025-06-18 12:49:04.981863,333.1,814401.0,1089000.0
2025-06-18 12:49:05.572942,333.15,814401.0,1089000.0
2025-06-18 12:49:05.984349,333.15,814401.0,1089000.0
2025-06-18 12:49:06.687928,333.1,809425.0,1093441.0
2025-06-18 12:49:06.929217,333.1,809425.0,1093441.0
2025-06-18 12:49:07.794960,333.1,809425.0,1093441.0
2025-06-18 12:49:08.568087,333.1,809425.0,1093441.0
2025-06-18 12:49:08.979581,333.1,809425.0,1093441.0
2025-06-18 12:49:09.575926,333.0,809425.0,1093441.0
2025-06-18 12:49:09.588476,333.0,809425.0,1093441.0
2025-06-18 12:49:10.499041,333.0,809425.0,1093441.0
2025-06-18 12:49:11.780580,333.0,809425.0,1093441.0
2025-06-18 12:49:12.290177,332.95,789963.0,1102431.0
2025-06-18 12:49:12.571186,333.0,789963.0,1102431.0
2025-06-18 12:49:13.047790,333.0,789963.0,1102431.0
2025-06-18 12:49:15.714584,333.0,789963.0,1102431.0
2025-06-18 12:49:15.729514,332.95,789963.0,1102431.0
2025-06-18 12:49:16.520458,332.95,789963.0,1102431.0
2025-06-18 12:49:17.674086,332.95,789963.0,1102431.0
2025-06-18 12:49:18.092087,332.95,791084.0,1083084.0
2025-06-18 12:49:18.565800,333.0,791084.0,1083084.0
2025-06-18 12:49:19.248841,333.0,791084.0,1083084.0
2025-06-18 12:49:21.567828,333.1,791084.0,1083084.0
2025-06-18 12:49:23.897138,332.95,796349.0,1093127.0
2025-06-18 12:49:24.572111,332.95,796349.0,1093127.0
2025-06-18 12:49:27.572034,333.0,796349.0,1093127.0
2025-06-18 12:49:28.584419,333.15,796349.0,1093127.0
2025-06-18 12:49:28.909575,333.15,860180.0,1079060.0
2025-06-18 12:49:30.575789,333.1,860180.0,1079060.0
2025-06-18 12:49:32.576340,333.15,860180.0,1079060.0
2025-06-18 12:49:33.802067,333.15,859553.0,1083235.0
2025-06-18 12:49:34.577184,333.15,859553.0,1083235.0
2025-06-18 12:49:36.594108,333.1,859553.0,1083235.0
2025-06-18 12:49:38.586850,333.15,859553.0,1083235.0
2025-06-18 12:49:38.606382,333.15,850431.0,1088589.0
2025-06-18 12:49:42.574896,333.15,850431.0,1088589.0
2025-06-18 12:49:43.415346,333.1,802818.0,1090867.0
2025-06-18 12:49:44.583799,333.15,802818.0,1090867.0
2025-06-18 12:49:46.607102,333.1,802818.0,1090867.0
2025-06-18 12:49:48.225777,333.15,808650.0,1092302.0
2025-06-18 12:49:48.573978,333.15,808650.0,1092302.0
2025-06-18 12:49:50.578214,333.15,808650.0,1092302.0
2025-06-18 12:49:52.605742,333.15,808650.0,1092302.0
2025-06-18 12:49:52.958382,333.15,809116.0,1092776.0
2025-06-18 12:49:54.576891,333.15,809116.0,1092776.0
2025-06-18 12:49:56.581110,333.1,809116.0,1092776.0
2025-06-18 12:49:57.920991,333.15,811896.0,1090898.0
2025-06-18 12:49:58.578173,333.1,811896.0,1090898.0
2025-06-18 12:50:00.582744,333.15,811896.0,1090898.0
2025-06-18 12:50:01.573902,333.1,811896.0,1090898.0
2025-06-18 12:50:01.820475,333.15,810477.0,1091379.0
2025-06-18 12:50:02.579594,333.15,810477.0,1091379.0
2025-06-18 12:50:02.820706,333.15,812059.0,1091248.0
2025-06-18 12:50:03.571358,333.15,812059.0,1091248.0
2025-06-18 12:50:04.323427,333.15,818051.0,1090637.0
2025-06-18 12:50:04.583993,333.15,818051.0,1090637.0
2025-06-18 12:50:05.424634,333.15,815880.0,1090356.0
2025-06-18 12:50:05.585110,333.15,815880.0,1090356.0
2025-06-18 12:50:06.423721,333.1,816460.0,1091287.0
2025-06-18 12:50:06.572601,333.15,816460.0,1091287.0
2025-06-18 12:50:07.429076,333.15,817643.0,1091459.0
2025-06-18 12:50:07.587072,333.15,817643.0,1091459.0
2025-06-18 12:50:08.527708,333.1,821329.0,1087215.0
2025-06-18 12:50:08.576601,333.1,821329.0,1087215.0
2025-06-18 12:50:09.576372,333.15,821329.0,1087215.0
2025-06-18 12:50:09.626930,333.15,822604.0,1087791.0
2025-06-18 12:50:10.625585,333.15,821715.0,1087960.0
2025-06-18 12:50:11.580011,333.1,821715.0,1087960.0
2025-06-18 12:50:11.627836,333.1,821291.0,1087015.0
2025-06-18 12:50:12.574480,333.1,821291.0,1087015.0
2025-06-18 12:50:12.632933,333.1,824521.0,1087697.0
2025-06-18 12:50:13.626313,333.1,824521.0,1087697.0
2025-06-18 12:50:14.627271,333.1,824800.0,1087389.0
2025-06-18 12:50:15.627204,333.1,824608.0,1087510.0
2025-06-18 12:50:16.590141,333.1,824608.0,1087510.0
2025-06-18 12:50:16.725983,333.1,824487.0,1087509.0
2025-06-18 12:50:17.580529,333.15,824487.0,1087509.0
2025-06-18 12:50:17.827552,333.15,824340.0,1087505.0
2025-06-18 12:50:18.575086,333.1,824340.0,1087505.0
2025-06-18 12:50:18.928134,333.1,825349.0,1087365.0
2025-06-18 12:50:20.029114,333.1,825323.0,1086777.0
2025-06-18 12:50:20.575804,333.1,825323.0,1086777.0
2025-06-18 12:50:21.031828,333.15,825414.0,1087369.0
2025-06-18 12:50:21.573870,333.15,825414.0,1087369.0
2025-06-18 12:50:22.029312,333.1,823510.0,1087371.0
2025-06-18 12:50:22.573418,333.15,823510.0,1087371.0
2025-06-18 12:50:23.033130,333.15,824533.0,1087364.0
2025-06-18 12:50:24.034283,333.15,824965.0,1087364.0
2025-06-18 12:50:25.033624,333.15,825140.0,1086991.0
2025-06-18 12:50:25.574383,333.15,825140.0,1086991.0
2025-06-18 12:50:26.135960,333.1,824741.0,1086203.0
2025-06-18 12:50:26.573186,333.15,824741.0,1086203.0
2025-06-18 12:50:27.136519,333.15,823436.0,1085513.0
2025-06-18 12:50:27.611487,333.15,823436.0,1085513.0
2025-06-18 12:50:28.240628,333.15,824378.0,1084791.0
2025-06-18 12:50:28.573358,333.1,824378.0,1084791.0
2025-06-18 12:50:29.339073,333.1,823291.0,1085061.0
2025-06-18 12:50:30.536473,333.15,823582.0,1085411.0
2025-06-18 12:50:30.577421,333.15,823582.0,1085411.0
2025-06-18 12:50:31.440727,333.15,823491.0,1085430.0
2025-06-18 12:50:31.579477,333.15,823491.0,1085430.0
2025-06-18 12:50:32.446890,333.15,823215.0,1085546.0
2025-06-18 12:50:32.571993,333.15,823215.0,1085546.0
2025-06-18 12:50:34.240613,333.15,823306.0,1085389.0
2025-06-18 12:50:34.575072,333.15,823306.0,1085389.0
2025-06-18 12:50:35.248482,333.15,823270.0,1085386.0
2025-06-18 12:50:35.577165,333.1,823270.0,1085386.0
2025-06-18 12:50:36.147002,333.1,827408.0,1085113.0
2025-06-18 12:50:36.584085,333.1,827408.0,1085113.0
2025-06-18 12:50:37.244596,333.15,827716.0,1085109.0
2025-06-18 12:50:37.579218,333.15,827716.0,1085109.0
2025-06-18 12:50:38.352152,333.1,828188.0,1085520.0
2025-06-18 12:50:38.589359,333.1,828188.0,1085520.0
2025-06-18 12:50:39.447329,333.1,828438.0,1086108.0
2025-06-18 12:50:40.452565,333.1,827899.0,1086763.0
2025-06-18 12:50:41.449451,333.15,827030.0,1086101.0
2025-06-18 12:50:41.579547,333.15,827030.0,1086101.0
2025-06-18 12:50:42.450451,333.1,827172.0,1086759.0
2025-06-18 12:50:42.575292,333.1,827172.0,1086759.0
2025-06-18 12:50:43.549918,333.1,824725.0,1086969.0
2025-06-18 12:50:43.572886,333.1,824725.0,1086969.0
2025-06-18 12:50:44.656562,333.1,825539.0,1087057.0
2025-06-18 12:50:45.657758,333.1,825479.0,1086251.0
2025-06-18 12:50:46.581254,333.1,825479.0,1086251.0
2025-06-18 12:50:46.657260,333.1,825114.0,1086250.0
2025-06-18 12:50:47.582169,333.15,825114.0,1086250.0
2025-06-18 12:50:47.658327,333.15,825145.0,1086515.0
2025-06-18 12:50:48.576319,333.15,825145.0,1086515.0
2025-06-18 12:50:48.656475,333.15,824996.0,1085971.0
2025-06-18 12:50:49.657775,333.15,823842.0,1086120.0
2025-06-18 12:50:50.656301,333.15,824930.0,1086282.0
2025-06-18 12:50:51.556059,333.15,825230.0,1086274.0
2025-06-18 12:50:51.580528,333.15,825230.0,1086274.0
2025-06-18 12:50:52.586042,333.15,825230.0,1086274.0
2025-06-18 12:50:52.661547,333.15,824739.0,1085541.0
2025-06-18 12:50:53.624017,333.1,824739.0,1085541.0
2025-06-18 12:50:53.756702,333.1,823973.0,1087147.0
2025-06-18 12:50:54.579407,333.1,823973.0,1087147.0
2025-06-18 12:50:54.859119,333.1,822409.0,1087343.0
2025-06-18 12:50:55.580001,333.1,822409.0,1087343.0
2025-06-18 12:50:55.857542,333.1,823226.0,1087062.0
2025-06-18 12:50:56.579891,333.1,823226.0,1087062.0
2025-06-18 12:50:56.760270,333.1,822470.0,1086692.0
2025-06-18 12:50:57.583074,333.1,822470.0,1086692.0
2025-06-18 12:50:57.758336,333.1,822058.0,1087307.0
2025-06-18 12:50:58.581041,333.15,822058.0,1087307.0
2025-06-18 12:50:58.855929,333.15,822104.0,1086888.0
2025-06-18 12:50:59.577371,333.1,822104.0,1086888.0
2025-06-18 12:50:59.859744,333.1,821921.0,1086231.0
2025-06-18 12:51:00.599051,333.1,821921.0,1086231.0
2025-06-18 12:51:00.859957,333.15,824824.0,1086378.0
2025-06-18 12:51:02.589349,333.15,824824.0,1086378.0
2025-06-18 12:51:04.565494,333.1,818528.0,1087309.0
2025-06-18 12:51:04.581532,333.1,818528.0,1087309.0
2025-06-18 12:51:06.606676,333.1,818528.0,1087309.0
2025-06-18 12:51:08.587296,333.15,818528.0,1087309.0
2025-06-18 12:51:09.677812,333.15,820171.0,1087067.0
2025-06-18 12:51:10.585170,333.15,820171.0,1087067.0
2025-06-18 12:51:12.587702,333.1,820171.0,1087067.0
2025-06-18 12:51:14.368311,333.15,817195.0,1087959.0
2025-06-18 12:51:14.584928,333.15,817195.0,1087959.0
2025-06-18 12:51:16.584124,333.1,817195.0,1087959.0
2025-06-18 12:51:18.585941,333.1,817195.0,1087959.0
2025-06-18 12:51:19.681449,333.1,816009.0,1087956.0
2025-06-18 12:51:20.584157,333.1,816009.0,1087956.0
2025-06-18 12:51:22.587979,333.15,816009.0,1087956.0
2025-06-18 12:51:24.878955,333.15,818911.0,1087519.0
2025-06-18 12:51:26.587272,333.15,818911.0,1087519.0
2025-06-18 12:51:28.589606,333.15,818911.0,1087519.0
2025-06-18 12:51:30.378532,333.15,817305.0,1086739.0
2025-06-18 12:51:32.587902,333.15,817305.0,1086739.0
2025-06-18 12:51:34.709856,333.15,817305.0,1086739.0
2025-06-18 12:51:35.386899,333.1,819723.0,1086344.0
2025-06-18 12:51:36.591633,333.1,819723.0,1086344.0
2025-06-18 12:51:38.594275,333.15,819723.0,1086344.0
2025-06-18 12:51:40.488270,333.15,818500.0,1085916.0
2025-06-18 12:51:40.589392,333.15,818500.0,1085916.0
2025-06-18 12:51:42.590216,333.15,818500.0,1085916.0
2025-06-18 12:51:44.586760,333.1,818500.0,1085916.0
2025-06-18 12:51:45.207949,333.1,815728.0,1085647.0
2025-06-18 12:51:46.588384,333.1,815728.0,1085647.0
2025-06-18 12:51:48.592601,333.1,815728.0,1085647.0
2025-06-18 12:51:50.092241,333.15,820928.0,1086760.0
2025-06-18 12:51:50.619371,333.15,820928.0,1086760.0
2025-06-18 12:51:52.594590,333.15,820928.0,1086760.0
2025-06-18 12:51:54.588128,333.15,820928.0,1086760.0
2025-06-18 12:51:55.091285,333.15,820215.0,1086935.0
2025-06-18 12:51:56.592329,333.1,820215.0,1086935.0
2025-06-18 12:51:58.594166,333.15,820215.0,1086935.0
2025-06-18 12:51:59.994497,333.15,818857.0,1087650.0
2025-06-18 12:52:02.588720,333.15,818857.0,1087650.0
2025-06-18 12:52:03.180395,333.15,818857.0,1087650.0
2025-06-18 12:52:04.305306,333.15,818857.0,1087650.0
2025-06-18 12:52:04.494903,333.15,820318.0,1087409.0
2025-06-18 12:52:04.586926,333.15,820318.0,1087409.0
2025-06-18 12:52:05.499112,333.15,820318.0,1087409.0
2025-06-18 12:52:06.489427,333.15,820318.0,1087409.0
2025-06-18 12:52:06.589542,333.15,820318.0,1087409.0
2025-06-18 12:52:07.430674,333.15,820318.0,1087409.0
2025-06-18 12:52:08.296120,333.15,820318.0,1087409.0
2025-06-18 12:52:08.588972,333.15,820318.0,1087409.0
2025-06-18 12:52:09.396297,333.15,820789.0,1087588.0
2025-06-18 12:52:09.479485,333.15,820789.0,1087588.0
2025-06-18 12:52:10.042746,333.15,820789.0,1087588.0
2025-06-18 12:52:11.350592,333.15,820789.0,1087588.0
2025-06-18 12:52:12.255504,333.15,820789.0,1087588.0
2025-06-18 12:52:12.592691,333.1,820789.0,1087588.0
2025-06-18 12:52:13.521778,333.1,820789.0,1087588.0
2025-06-18 12:52:14.101324,333.1,820998.0,1087439.0
2025-06-18 12:52:14.405835,333.1,820998.0,1087439.0
2025-06-18 12:52:15.828504,333.1,820998.0,1087439.0
2025-06-18 12:52:16.588470,333.1,820998.0,1087439.0
2025-06-18 12:52:16.993245,333.1,820998.0,1087439.0
2025-06-18 12:52:18.153973,333.1,820998.0,1087439.0
2025-06-18 12:52:18.594841,333.1,820998.0,1087439.0
2025-06-18 12:52:18.711606,333.1,818375.0,1087651.0
2025-06-18 12:52:19.655059,333.1,818375.0,1087651.0
2025-06-18 12:52:20.588388,333.15,818375.0,1087651.0
2025-06-18 12:52:22.589305,333.15,818375.0,1087651.0
2025-06-18 12:52:23.409048,333.1,818100.0,1087145.0
2025-06-18 12:52:24.590621,333.1,818100.0,1087145.0
2025-06-18 12:52:26.593946,333.1,818100.0,1087145.0
2025-06-18 12:52:27.911258,333.1,813711.0,1086461.0
2025-06-18 12:52:28.594004,333.1,813711.0,1086461.0
2025-06-18 12:52:30.590394,333.1,813711.0,1086461.0
2025-06-18 12:52:32.320508,333.1,816648.0,1087070.0
2025-06-18 12:52:32.594475,333.2,816648.0,1087070.0
2025-06-18 12:52:34.596977,333.1,816648.0,1087070.0
2025-06-18 12:52:36.591124,333.1,816648.0,1087070.0
2025-06-18 12:52:37.113386,333.05,806877.0,1094274.0
2025-06-18 12:52:38.596305,333.05,806877.0,1094274.0
2025-06-18 12:52:40.591521,333.1,806877.0,1094274.0
2025-06-18 12:52:42.119158,333.1,816915.0,1088186.0
2025-06-18 12:52:42.595581,333.1,816915.0,1088186.0
2025-06-18 12:52:46.611672,333.1,816915.0,1088186.0
2025-06-18 12:52:47.024316,333.1,816013.0,1089845.0
2025-06-18 12:52:48.595367,333.15,816013.0,1089845.0
2025-06-18 12:52:50.594280,333.15,816013.0,1089845.0
2025-06-18 12:52:52.026541,333.1,812138.0,1087012.0
2025-06-18 12:52:52.596663,333.1,812138.0,1087012.0
2025-06-18 12:52:56.594576,333.15,812138.0,1087012.0
2025-06-18 12:52:56.733939,333.05,813808.0,1086043.0
2025-06-18 12:52:58.597650,333.15,813808.0,1086043.0
2025-06-18 12:53:00.596692,333.25,813808.0,1086043.0
2025-06-18 12:53:01.333332,333.25,816238.0,1078407.0
2025-06-18 12:53:01.591115,333.25,816238.0,1078407.0
2025-06-18 12:53:02.628454,333.25,816238.0,1078407.0
2025-06-18 12:53:03.246074,333.25,811407.0,1077868.0
2025-06-18 12:53:04.133306,333.25,812279.0,1079486.0
2025-06-18 12:53:05.136518,333.25,812159.0,1079475.0
2025-06-18 12:53:06.134832,333.15,811786.0,1079319.0
2025-06-18 12:53:06.589439,333.15,811786.0,1079319.0
2025-06-18 12:53:07.136377,333.15,812166.0,1078994.0
2025-06-18 12:53:07.595270,333.25,812166.0,1078994.0
2025-06-18 12:53:08.136176,333.25,815331.0,1079289.0
2025-06-18 12:53:09.136878,333.25,815088.0,1080987.0
2025-06-18 12:53:10.136205,333.25,814629.0,1080737.0
2025-06-18 12:53:10.587747,333.25,814629.0,1080737.0
2025-06-18 12:53:11.251733,333.25,814431.0,1080747.0
2025-06-18 12:53:11.593957,333.25,814431.0,1080747.0
2025-06-18 12:53:12.360122,333.15,813820.0,1080747.0
2025-06-18 12:53:12.588137,333.15,813820.0,1080747.0
2025-06-18 12:53:13.342874,333.15,813899.0,1080566.0
2025-06-18 12:53:14.344107,333.15,813949.0,1080566.0
2025-06-18 12:53:15.441678,333.15,813857.0,1080407.0
2025-06-18 12:53:15.585760,333.15,813857.0,1080407.0
2025-06-18 12:53:16.544955,333.15,813941.0,1080400.0
2025-06-18 12:53:16.586419,333.15,813941.0,1080400.0
2025-06-18 12:53:17.588246,333.25,813941.0,1080400.0
2025-06-18 12:53:17.648730,333.25,813892.0,1080396.0
2025-06-18 12:53:18.650182,333.25,813884.0,1080396.0
2025-06-18 12:53:19.649969,333.25,813558.0,1079881.0
2025-06-18 12:53:20.591245,333.25,813558.0,1079881.0
2025-06-18 12:53:20.745829,333.25,813178.0,1079878.0
2025-06-18 12:53:21.584492,333.25,813178.0,1079878.0
2025-06-18 12:53:21.747027,333.2,812052.0,1080489.0
2025-06-18 12:53:22.589281,333.25,812052.0,1080489.0
2025-06-18 12:53:22.748091,333.25,811977.0,1080476.0
2025-06-18 12:53:23.747326,333.25,812017.0,1082246.0
2025-06-18 12:53:24.748069,333.25,811445.0,1083596.0
2025-06-18 12:53:25.588474,333.2,811445.0,1083596.0
2025-06-18 12:53:25.749669,333.2,810770.0,1083475.0
2025-06-18 12:53:26.585698,333.15,810770.0,1083475.0
2025-06-18 12:53:27.160167,333.2,811963.0,1083989.0
2025-06-18 12:53:27.588051,333.2,811963.0,1083989.0
2025-06-18 12:53:28.161929,333.2,812085.0,1083574.0
2025-06-18 12:53:29.161762,333.15,813381.0,1083701.0
2025-06-18 12:53:29.587031,333.2,813381.0,1083701.0
2025-06-18 12:53:30.159940,333.2,813148.0,1083700.0
2025-06-18 12:53:31.158918,333.2,813185.0,1084000.0
2025-06-18 12:53:31.599936,333.2,813185.0,1084000.0
2025-06-18 12:53:32.055619,333.15,813312.0,1084000.0
2025-06-18 12:53:32.586203,333.2,813312.0,1084000.0
2025-06-18 12:53:33.061307,333.2,813342.0,1084037.0
2025-06-18 12:53:34.057910,333.2,813327.0,1083871.0
2025-06-18 12:53:34.586361,333.2,813327.0,1083871.0
2025-06-18 12:53:35.058051,333.2,813323.0,1083710.0
2025-06-18 12:53:36.058900,333.15,812545.0,1083336.0
2025-06-18 12:53:36.588300,333.1,812545.0,1083336.0
2025-06-18 12:53:36.958330,333.1,812853.0,1083237.0
2025-06-18 12:53:37.590357,333.1,812853.0,1083237.0
2025-06-18 12:53:37.958139,333.1,813514.0,1084464.0
2025-06-18 12:53:38.608524,333.1,813514.0,1084464.0
2025-06-18 12:53:38.958199,333.1,812533.0,1084639.0
2025-06-18 12:53:39.605107,333.1,812533.0,1084639.0
2025-06-18 12:53:39.960667,333.1,813343.0,1084639.0
2025-06-18 12:53:40.960190,333.15,813404.0,1084636.0
2025-06-18 12:53:41.587946,333.15,813404.0,1084636.0
2025-06-18 12:53:41.961486,333.1,808469.0,1091642.0
2025-06-18 12:53:42.586223,333.1,808469.0,1091642.0
2025-06-18 12:53:42.962278,333.1,809476.0,1089755.0
2025-06-18 12:53:43.959588,333.15,808502.0,1088961.0
2025-06-18 12:53:44.592324,333.15,808502.0,1088961.0
2025-06-18 12:53:44.958576,333.15,808502.0,1089014.0
2025-06-18 12:53:45.960780,333.1,806029.0,1091862.0
2025-06-18 12:53:46.616112,333.1,806029.0,1091862.0
2025-06-18 12:53:46.961520,333.1,807603.0,1091242.0
2025-06-18 12:53:47.594593,333.15,807603.0,1091242.0
2025-06-18 12:53:47.961635,333.15,807194.0,1090450.0
2025-06-18 12:53:48.624873,333.1,807194.0,1090450.0
2025-06-18 12:53:48.961323,333.1,806724.0,1090478.0
2025-06-18 12:53:49.960969,333.1,806930.0,1090406.0
2025-06-18 12:53:50.591493,333.1,806930.0,1090406.0
2025-06-18 12:53:50.970060,333.15,807229.0,1089654.0
2025-06-18 12:53:51.591621,333.15,807229.0,1089654.0
2025-06-18 12:53:51.962395,333.1,808008.0,1090038.0
2025-06-18 12:53:52.624551,333.15,808008.0,1090038.0
2025-06-18 12:53:52.963724,333.15,807420.0,1089979.0
2025-06-18 12:53:53.965831,333.15,807364.0,1090010.0
2025-06-18 12:53:54.964954,333.15,808585.0,1090010.0
2025-06-18 12:53:56.066756,333.15,808288.0,1090133.0
2025-06-18 12:53:56.591789,333.15,808288.0,1090133.0
2025-06-18 12:53:57.070424,333.15,808137.0,1090332.0
2025-06-18 12:53:57.622767,333.15,808137.0,1090332.0
2025-06-18 12:53:58.069657,333.15,807603.0,1090332.0
2025-06-18 12:53:59.069022,333.15,807793.0,1089565.0
2025-06-18 12:54:00.170988,333.15,807340.0,1089835.0
2025-06-18 12:54:02.472747,333.15,806038.0,1093110.0
2025-06-18 12:54:02.605377,333.15,806038.0,1093110.0
2025-06-18 12:54:04.598496,333.05,806038.0,1093110.0
2025-06-18 12:54:06.599893,333.05,806038.0,1093110.0
2025-06-18 12:54:07.180018,333.15,806419.0,1092475.0
2025-06-18 12:54:08.599493,333.15,806419.0,1092475.0
2025-06-18 12:54:11.787750,333.05,806098.0,1093973.0
2025-06-18 12:54:12.605759,333.05,806098.0,1093973.0
2025-06-18 12:54:14.600864,333.1,806098.0,1093973.0
2025-06-18 12:54:16.380227,332.85,785385.0,1114575.0
2025-06-18 12:54:16.604490,332.95,785385.0,1114575.0
2025-06-18 12:54:18.606187,332.8,785385.0,1114575.0
2025-06-18 12:54:21.385489,333.1,823993.0,1078101.0
2025-06-18 12:54:22.606604,333.15,823993.0,1078101.0
2025-06-18 12:54:24.601845,333.15,823993.0,1078101.0
2025-06-18 12:54:26.186315,333.15,820780.0,1090128.0
2025-06-18 12:54:26.607362,333.1,820780.0,1090128.0
2025-06-18 12:54:28.606895,333.15,820780.0,1090128.0
2025-06-18 12:54:30.609323,333.15,820780.0,1090128.0
2025-06-18 12:54:31.196362,333.15,819789.0,1092158.0
2025-06-18 12:54:32.605003,333.15,819789.0,1092158.0
2025-06-18 12:54:34.603670,333.15,819789.0,1092158.0
2025-06-18 12:54:36.095986,333.1,819514.0,1092113.0
2025-06-18 12:54:36.606401,333.1,819514.0,1092113.0
2025-06-18 12:54:38.605404,333.1,819514.0,1092113.0
2025-06-18 12:54:40.897758,333.15,818092.0,1091093.0
2025-06-18 12:54:42.606911,333.1,818092.0,1091093.0
2025-06-18 12:54:44.638031,333.15,818092.0,1091093.0
2025-06-18 12:54:45.501356,333.15,819154.0,1090351.0
2025-06-18 12:54:46.613913,333.1,819154.0,1090351.0
2025-06-18 12:54:48.606562,333.1,819154.0,1090351.0
2025-06-18 12:54:50.403690,333.15,816755.0,1090857.0
2025-06-18 12:54:50.601081,333.15,816755.0,1090857.0
2025-06-18 12:54:52.606732,333.15,816755.0,1090857.0
2025-06-18 12:54:54.614614,333.1,816755.0,1090857.0
2025-06-18 12:54:54.907163,333.1,815886.0,1090546.0
2025-06-18 12:54:56.603598,333.1,815886.0,1090546.0
2025-06-18 12:54:58.606882,333.15,815886.0,1090546.0
2025-06-18 12:54:59.410779,333.15,814485.0,1089804.0
2025-06-18 12:55:01.605809,333.1,814485.0,1089804.0
2025-06-18 12:55:01.812648,333.1,813326.0,1089608.0
2025-06-18 12:55:02.597578,333.15,813326.0,1089608.0
2025-06-18 12:55:02.808898,333.15,809518.0,1090184.0
2025-06-18 12:55:03.605870,333.15,809518.0,1090184.0
2025-06-18 12:55:03.607094,333.1,809518.0,1090184.0
2025-06-18 12:55:03.728571,333.1,808831.0,1090184.0
2025-06-18 12:55:04.725282,333.1,808831.0,1090184.0
2025-06-18 12:55:04.742959,333.1,808931.0,1089805.0
2025-06-18 12:55:05.601861,333.1,808931.0,1089805.0
2025-06-18 12:55:05.656950,333.1,808931.0,1089805.0
2025-06-18 12:55:05.808560,333.1,806905.0,1090197.0
2025-06-18 12:55:06.605133,333.1,806905.0,1090197.0
2025-06-18 12:55:06.803020,333.1,806905.0,1090197.0
2025-06-18 12:55:06.815283,333.15,807314.0,1090195.0
2025-06-18 12:55:07.602154,333.15,807314.0,1090195.0
2025-06-18 12:55:07.734994,333.15,807314.0,1090195.0
2025-06-18 12:55:07.908588,333.15,807849.0,1089682.0
2025-06-18 12:55:08.605962,333.15,807849.0,1089682.0
2025-06-18 12:55:08.908821,333.15,807910.0,1089682.0
2025-06-18 12:55:09.604378,333.1,807910.0,1089682.0
2025-06-18 12:55:09.764357,333.1,807910.0,1089682.0
2025-06-18 12:55:09.910423,333.1,807725.0,1089682.0
2025-06-18 12:55:10.348060,333.1,807725.0,1089682.0
2025-06-18 12:55:10.911184,333.15,806164.0,1089948.0
2025-06-18 12:55:11.260132,333.15,806164.0,1089948.0
2025-06-18 12:55:11.607451,333.15,806164.0,1089948.0
2025-06-18 12:55:11.680660,333.15,806164.0,1089948.0
2025-06-18 12:55:12.012265,333.15,806209.0,1088232.0
2025-06-18 12:55:13.454353,333.15,806209.0,1088232.0
2025-06-18 12:55:13.503058,333.15,806209.0,1088232.0
2025-06-18 12:55:13.509809,333.15,807144.0,1090002.0
2025-06-18 12:55:13.797709,333.15,807144.0,1090002.0
2025-06-18 12:55:14.012415,333.1,807368.0,1090002.0
2025-06-18 12:55:14.613373,333.1,807368.0,1090002.0
2025-06-18 12:55:14.731551,333.1,807368.0,1090002.0
2025-06-18 12:55:14.913795,333.1,807206.0,1090002.0
2025-06-18 12:55:15.598770,333.1,807206.0,1090002.0
2025-06-18 12:55:16.012386,333.1,807437.0,1090123.0
2025-06-18 12:55:16.101294,333.1,807437.0,1090123.0
2025-06-18 12:55:16.618714,333.1,807437.0,1090123.0
2025-06-18 12:55:17.013826,333.1,807463.0,1090122.0
2025-06-18 12:55:17.271193,333.1,807463.0,1090122.0
2025-06-18 12:55:17.603150,333.15,807463.0,1090122.0
2025-06-18 12:55:18.114112,333.15,807632.0,1089814.0
2025-06-18 12:55:18.429313,333.15,807632.0,1089814.0
2025-06-18 12:55:18.598579,333.1,807632.0,1089814.0
2025-06-18 12:55:19.225629,333.15,806227.0,1089811.0
2025-06-18 12:55:19.604168,333.15,806227.0,1089811.0
2025-06-18 12:55:19.936463,333.15,806227.0,1089811.0
2025-06-18 12:55:20.315620,333.15,808014.0,1089676.0
2025-06-18 12:55:20.596812,333.15,808014.0,1089676.0
2025-06-18 12:55:21.416236,333.15,808816.0,1089492.0
2025-06-18 12:55:21.602444,333.15,808816.0,1089492.0
2025-06-18 12:55:22.516605,333.15,808588.0,1089652.0
2025-06-18 12:55:22.606355,333.15,808588.0,1089652.0
2025-06-18 12:55:23.521184,333.15,809025.0,1089655.0
2025-06-18 12:55:24.635558,333.15,809020.0,1089655.0
2025-06-18 12:55:25.622537,333.15,807756.0,1089655.0
2025-06-18 12:55:26.598968,333.15,807756.0,1089655.0
2025-06-18 12:55:26.623308,333.1,808257.0,1089509.0
2025-06-18 12:55:27.600088,333.15,808257.0,1089509.0
2025-06-18 12:55:27.625033,333.15,808307.0,1083087.0
2025-06-18 12:55:28.600275,333.1,808307.0,1083087.0
2025-06-18 12:55:28.636739,333.1,806126.0,1084942.0
2025-06-18 12:55:29.613278,333.1,806126.0,1084942.0
2025-06-18 12:55:29.626365,333.1,806002.0,1086366.0
2025-06-18 12:55:30.624269,333.1,806709.0,1086487.0
2025-06-18 12:55:31.606788,333.15,806709.0,1086487.0
2025-06-18 12:55:31.624954,333.1,807348.0,1085643.0
2025-06-18 12:55:32.603983,333.15,807348.0,1085643.0
2025-06-18 12:55:32.632514,333.15,806024.0,1086475.0
2025-06-18 12:55:33.626645,333.15,806901.0,1086475.0
2025-06-18 12:55:34.623440,333.1,806901.0,1086475.0
2025-06-18 12:55:34.629695,333.1,805730.0,1086460.0
2025-06-18 12:55:35.637158,333.1,805650.0,1086460.0
2025-06-18 12:55:36.530831,333.1,806538.0,1086459.0
2025-06-18 12:55:36.599717,333.1,806538.0,1086459.0
2025-06-18 12:55:37.604328,333.15,806538.0,1086459.0
2025-06-18 12:55:37.628492,333.15,807502.0,1085689.0
2025-06-18 12:55:38.529116,333.15,807358.0,1086249.0
2025-06-18 12:55:38.606259,333.15,807358.0,1086249.0
2025-06-18 12:55:39.739171,333.15,806354.0,1086297.0
2025-06-18 12:55:40.740646,333.15,805386.0,1086467.0
2025-06-18 12:55:41.605232,333.15,805386.0,1086467.0
2025-06-18 12:55:41.834100,333.15,806654.0,1086729.0
2025-06-18 12:55:42.607310,333.1,806654.0,1086729.0
2025-06-18 12:55:42.831603,333.1,806455.0,1086695.0
2025-06-18 12:55:43.831032,333.1,804955.0,1084540.0
2025-06-18 12:55:44.930926,333.1,805028.0,1084540.0
2025-06-18 12:55:46.033009,333.1,804159.0,1084660.0
2025-06-18 12:55:46.623247,333.1,804159.0,1084660.0
2025-06-18 12:55:47.037167,333.1,804664.0,1084659.0
2025-06-18 12:55:47.607823,333.15,804664.0,1084659.0
2025-06-18 12:55:48.033198,333.15,803670.0,1084851.0
2025-06-18 12:55:49.039685,333.15,802806.0,1084676.0
2025-06-18 12:55:51.190279,333.15,802802.0,1084728.0
2025-06-18 12:55:51.316057,333.15,803785.0,1085098.0
2025-06-18 12:55:51.613887,333.15,803785.0,1085098.0
2025-06-18 12:55:52.249473,333.15,803785.0,1083597.0
2025-06-18 12:55:52.606322,333.15,803785.0,1083597.0
2025-06-18 12:55:53.339619,333.15,803331.0,1083493.0
2025-06-18 12:55:54.439207,333.15,803741.0,1084993.0
2025-06-18 12:55:55.442773,333.15,803742.0,1084993.0
2025-06-18 12:55:56.549180,333.1,803244.0,1086032.0
2025-06-18 12:55:56.607461,333.1,803244.0,1086032.0
2025-06-18 12:55:57.542614,333.15,802661.0,1085977.0
2025-06-18 12:55:57.609363,333.15,802661.0,1085977.0
2025-06-18 12:55:58.641185,333.15,802486.0,1085509.0
2025-06-18 12:55:59.753532,333.15,802484.0,1085779.0
2025-06-18 12:56:00.608283,333.1,802484.0,1085779.0
2025-06-18 12:56:00.766141,333.1,802482.0,1085900.0
2025-06-18 12:56:01.612016,333.15,802482.0,1085900.0
2025-06-18 12:56:02.614495,333.15,802482.0,1085900.0
2025-06-18 12:56:03.616418,333.1,802482.0,1085900.0
2025-06-18 12:56:03.649209,333.1,797034.0,1087230.0
2025-06-18 12:56:05.697779,333.05,797034.0,1087230.0
2025-06-18 12:56:07.616332,333.05,797034.0,1087230.0
2025-06-18 12:56:08.750649,333.05,799180.0,1090871.0
2025-06-18 12:56:09.614899,333.0,799180.0,1090871.0
2025-06-18 12:56:11.632130,333.0,799180.0,1090871.0
2025-06-18 12:56:13.354850,333.0,796502.0,1091853.0
2025-06-18 12:56:13.612861,333.0,796502.0,1091853.0
2025-06-18 12:56:15.613056,333.0,796502.0,1091853.0
2025-06-18 12:56:17.623447,332.95,796502.0,1091853.0
2025-06-18 12:56:17.955502,333.05,793776.0,1092698.0
2025-06-18 12:56:19.635353,332.95,793776.0,1092698.0
2025-06-18 12:56:21.690325,333.05,793776.0,1092698.0
2025-06-18 12:56:22.557806,333.05,796478.0,1091200.0
2025-06-18 12:56:23.615768,332.95,796478.0,1091200.0
2025-06-18 12:56:25.630173,333.05,796478.0,1091200.0
2025-06-18 12:56:27.060164,333.05,789347.0,1093106.0
2025-06-18 12:56:27.618794,333.05,789347.0,1093106.0
2025-06-18 12:56:29.643166,333.05,789347.0,1093106.0
2025-06-18 12:56:31.615192,333.05,789347.0,1093106.0
2025-06-18 12:56:31.664077,332.95,795389.0,1094926.0
2025-06-18 12:56:33.620696,332.95,795389.0,1094926.0
2025-06-18 12:56:35.613731,333.0,795389.0,1094926.0
2025-06-18 12:56:36.166078,332.95,797004.0,1092579.0
2025-06-18 12:56:37.613524,333.0,797004.0,1092579.0
2025-06-18 12:56:39.614834,332.95,797004.0,1092579.0
2025-06-18 12:56:40.865998,333.05,797898.0,1092414.0
2025-06-18 12:56:41.611477,333.05,797898.0,1092414.0
2025-06-18 12:56:43.622087,333.0,797898.0,1092414.0
2025-06-18 12:56:45.165804,332.95,798272.0,1096206.0
2025-06-18 12:56:45.616104,333.0,798272.0,1096206.0
2025-06-18 12:56:47.614194,333.0,798272.0,1096206.0
2025-06-18 12:56:49.612801,333.15,798272.0,1096206.0
2025-06-18 12:56:49.768144,333.15,832341.0,1089122.0
2025-06-18 12:56:51.616720,333.15,832341.0,1089122.0
2025-06-18 12:56:53.620631,333.1,832341.0,1089122.0
2025-06-18 12:56:55.072185,333.1,834337.0,1089408.0
2025-06-18 12:56:57.614356,333.15,834337.0,1089408.0
2025-06-18 12:56:59.620722,333.15,834337.0,1089408.0
2025-06-18 12:56:59.876512,333.15,830881.0,1086285.0
2025-06-18 12:57:01.608100,333.15,830881.0,1086285.0
2025-06-18 12:57:01.772694,333.1,829608.0,1085536.0
2025-06-18 12:57:02.607913,333.15,829608.0,1085536.0
2025-06-18 12:57:02.877581,333.15,829616.0,1085528.0
2025-06-18 12:57:03.614811,333.1,829616.0,1085528.0
2025-06-18 12:57:03.888643,333.1,828929.0,1085143.0
2025-06-18 12:57:04.609317,333.1,828929.0,1085143.0
2025-06-18 12:57:04.980298,333.1,829025.0,1085052.0
2025-06-18 12:57:05.612004,333.15,829025.0,1085052.0
2025-06-18 12:57:05.978560,333.1,828714.0,1084974.0
2025-06-18 12:57:06.620240,333.1,828714.0,1084974.0
2025-06-18 12:57:06.882767,333.1,828633.0,1084817.0
2025-06-18 12:57:07.607398,333.15,828633.0,1084817.0
2025-06-18 12:57:07.887045,333.15,828646.0,1084813.0
2025-06-18 12:57:08.617697,333.1,828646.0,1084813.0
2025-06-18 12:57:08.882655,333.1,828589.0,1084974.0
2025-06-18 12:57:09.881717,333.1,828594.0,1084974.0
2025-06-18 12:57:10.980254,333.15,828590.0,1084883.0
2025-06-18 12:57:11.609760,333.15,828590.0,1084883.0
2025-06-18 12:57:12.082884,333.15,828854.0,1071843.0
2025-06-18 12:57:12.615709,333.15,828854.0,1071843.0
2025-06-18 12:57:13.182187,333.15,828993.0,1075871.0
2025-06-18 12:57:13.616692,333.1,828993.0,1075871.0
2025-06-18 12:57:14.282788,333.15,829796.0,1071829.0
2025-06-18 12:57:14.612369,333.15,829796.0,1071829.0
2025-06-18 12:57:15.383996,333.2,828836.0,1074076.0
2025-06-18 12:57:15.610550,333.2,828836.0,1074076.0
2025-06-18 12:57:16.383817,333.1,829691.0,1075361.0
2025-06-18 12:57:16.611385,333.1,829691.0,1075361.0
2025-06-18 12:57:17.487555,333.15,828113.0,1073707.0
2025-06-18 12:57:17.613537,333.15,828113.0,1073707.0
2025-06-18 12:57:18.586063,333.1,826486.0,1073558.0
2025-06-18 12:57:18.615838,333.1,826486.0,1073558.0
2025-06-18 12:57:19.614066,333.15,826486.0,1073558.0
2025-06-18 12:57:19.685270,333.15,827862.0,1074747.0
2025-06-18 12:57:20.606385,333.1,827862.0,1074747.0
2025-06-18 12:57:20.786801,333.15,823284.0,1076192.0
2025-06-18 12:57:21.610192,333.15,823284.0,1076192.0
2025-06-18 12:57:21.783003,333.1,823294.0,1074035.0
2025-06-18 12:57:22.613462,333.15,823294.0,1074035.0
2025-06-18 12:57:22.784939,333.15,823669.0,1073452.0
2025-06-18 12:57:23.608300,333.1,823669.0,1073452.0
2025-06-18 12:57:23.882550,333.15,820188.0,1073893.0
2025-06-18 12:57:24.603986,333.1,820188.0,1073893.0
2025-06-18 12:57:25.294581,333.1,821736.0,1073567.0
2025-06-18 12:57:25.604177,333.1,821736.0,1073567.0
2025-06-18 12:57:26.284907,333.1,821644.0,1073519.0
2025-06-18 12:57:26.622777,333.1,821644.0,1073519.0
2025-06-18 12:57:27.287354,333.15,820233.0,1074508.0
2025-06-18 12:57:27.601999,333.15,820233.0,1074508.0
2025-06-18 12:57:28.285607,333.15,819744.0,1073455.0
2025-06-18 12:57:28.612185,333.15,819744.0,1073455.0
2025-06-18 12:57:29.386503,333.15,819607.0,1073296.0
2025-06-18 12:57:29.601085,333.15,819607.0,1073296.0
2025-06-18 12:57:30.387441,333.15,819350.0,1073414.0
2025-06-18 12:57:30.604529,333.15,819350.0,1073414.0
2025-06-18 12:57:31.286623,333.15,820728.0,1072822.0
2025-06-18 12:57:31.606156,333.15,820728.0,1072822.0
2025-06-18 12:57:32.387333,333.15,819495.0,1074373.0
2025-06-18 12:57:32.606158,333.15,819495.0,1074373.0
2025-06-18 12:57:33.486196,333.15,819830.0,1074229.0
2025-06-18 12:57:33.604785,333.15,819830.0,1074229.0
2025-06-18 12:57:34.585092,333.15,819819.0,1074071.0
2025-06-18 12:57:34.602573,333.15,819819.0,1074071.0
2025-06-18 12:57:35.585135,333.15,817534.0,1073892.0
2025-06-18 12:57:35.598894,333.15,817534.0,1073892.0
2025-06-18 12:57:36.598807,333.15,817534.0,1073892.0
2025-06-18 12:57:36.684338,333.1,817260.0,1073761.0
2025-06-18 12:57:37.597770,333.15,817260.0,1073761.0
2025-06-18 12:57:37.682590,333.15,818292.0,1075428.0
2025-06-18 12:57:38.602426,333.0,818292.0,1075428.0
2025-06-18 12:57:38.684091,333.0,788077.0,1098399.0
2025-06-18 12:57:39.596909,333.0,788077.0,1098399.0
2025-06-18 12:57:39.684247,333.0,789454.0,1094222.0
2025-06-18 12:57:40.584123,332.95,789947.0,1091447.0
2025-06-18 12:57:40.597485,332.95,789947.0,1091447.0
2025-06-18 12:57:41.598537,333.05,789947.0,1091447.0
2025-06-18 12:57:41.684298,333.1,804991.0,1069477.0
2025-06-18 12:57:42.597931,333.1,804991.0,1069477.0
2025-06-18 12:57:42.684735,333.1,803870.0,1075013.0
2025-06-18 12:57:43.684566,333.1,804595.0,1075132.0
2025-06-18 12:57:44.686121,333.1,804024.0,1074731.0
2025-06-18 12:57:45.592341,333.1,801455.0,1087657.0
2025-06-18 12:57:46.595599,333.05,801455.0,1087657.0
2025-06-18 12:57:46.688926,333.05,799286.0,1098205.0
2025-06-18 12:57:47.732467,333.05,803742.0,1095552.0
2025-06-18 12:57:48.720337,333.0,804378.0,1094828.0
2025-06-18 12:57:49.599720,333.0,804378.0,1094828.0
2025-06-18 12:57:49.789584,333.0,802672.0,1094944.0
2025-06-18 12:57:50.890486,333.05,802953.0,1094668.0
2025-06-18 12:57:51.603014,333.05,802953.0,1094668.0
2025-06-18 12:57:51.891524,333.0,803141.0,1094669.0
2025-06-18 12:57:52.597837,333.05,803141.0,1094669.0
2025-06-18 12:57:52.889905,333.05,803614.0,1094665.0
2025-06-18 12:57:53.596607,333.05,803614.0,1094665.0
2025-06-18 12:57:53.889443,333.05,803573.0,1094566.0
2025-06-18 12:57:54.612462,333.05,803573.0,1094566.0
2025-06-18 12:57:54.889675,333.05,805625.0,1093374.0
2025-06-18 12:57:55.792438,333.0,806773.0,1093104.0
2025-06-18 12:57:56.604046,333.15,806773.0,1093104.0
2025-06-18 12:57:56.792440,333.15,818148.0,1053722.0
2025-06-18 12:57:57.596917,333.2,818148.0,1053722.0
2025-06-18 12:57:57.714061,333.2,820204.0,1061969.0
2025-06-18 12:57:59.310358,333.25,820204.0,1061969.0
2025-06-18 12:57:59.314950,333.25,814122.0,1068844.0
2025-06-18 12:57:59.794657,333.15,811186.0,1073036.0
2025-06-18 12:58:00.597129,333.15,811186.0,1073036.0
2025-06-18 12:58:00.700977,333.15,810520.0,1075134.0
2025-06-18 12:58:01.597046,333.15,810520.0,1075134.0
2025-06-18 12:58:02.246549,333.1,812750.0,1072889.0
2025-06-18 12:58:02.604054,333.15,812750.0,1072889.0
2025-06-18 12:58:03.300869,333.15,814516.0,1067235.0
2025-06-18 12:58:03.597564,333.1,814516.0,1067235.0
2025-06-18 12:58:03.971328,333.1,814516.0,1067235.0
2025-06-18 12:58:04.295321,333.1,812104.0,1073236.0
2025-06-18 12:58:05.072369,333.1,812104.0,1073236.0
2025-06-18 12:58:05.295388,333.1,812103.0,1072947.0
2025-06-18 12:58:05.596145,333.15,812103.0,1072947.0
2025-06-18 12:58:06.030622,333.15,812103.0,1072947.0
2025-06-18 12:58:06.595837,333.1,812103.0,1072947.0
2025-06-18 12:58:06.603546,333.1,811750.0,1072901.0
2025-06-18 12:58:07.024300,333.1,811750.0,1072901.0
2025-06-18 12:58:07.594857,333.15,811750.0,1072901.0
2025-06-18 12:58:07.702115,333.15,814414.0,1072857.0
2025-06-18 12:58:08.107518,333.15,814414.0,1072857.0
2025-06-18 12:58:08.594006,333.15,814414.0,1072857.0
2025-06-18 12:58:08.707572,333.15,813383.0,1084372.0
2025-06-18 12:58:08.967904,333.15,813383.0,1084372.0
2025-06-18 12:58:09.727170,333.15,812397.0,1084270.0
2025-06-18 12:58:10.142387,333.15,812397.0,1084270.0
2025-06-18 12:58:10.800746,333.15,804901.0,1084325.0
2025-06-18 12:58:11.143553,333.15,804901.0,1084325.0
2025-06-18 12:58:11.594323,333.15,804901.0,1084325.0
2025-06-18 12:58:11.642806,333.15,804901.0,1084325.0
2025-06-18 12:58:11.902961,333.1,808776.0,1082954.0
2025-06-18 12:58:12.023910,333.1,808776.0,1082954.0
2025-06-18 12:58:12.594506,333.1,808776.0,1082954.0
2025-06-18 12:58:12.911611,333.1,808776.0,1082954.0
2025-06-18 12:58:13.027689,333.15,808778.0,1082952.0
2025-06-18 12:58:13.598314,333.15,808778.0,1082952.0
2025-06-18 12:58:13.905079,333.15,810561.0,1082952.0
2025-06-18 12:58:14.185332,333.15,810561.0,1082952.0
2025-06-18 12:58:15.019134,333.15,810512.0,1082952.0
2025-06-18 12:58:15.094669,333.15,810512.0,1082952.0
2025-06-18 12:58:15.596361,333.1,810512.0,1082952.0
2025-06-18 12:58:16.106490,333.05,806967.0,1084029.0
2025-06-18 12:58:16.490424,333.05,806967.0,1084029.0
2025-06-18 12:58:16.601650,333.05,806967.0,1084029.0
2025-06-18 12:58:17.107743,333.05,807487.0,1084031.0
2025-06-18 12:58:17.604004,333.15,807487.0,1084031.0
2025-06-18 12:58:17.624476,333.15,807487.0,1084031.0
2025-06-18 12:58:18.305035,333.15,801628.0,1088209.0
2025-06-18 12:58:18.595370,333.05,801628.0,1088209.0
2025-06-18 12:58:18.786409,333.05,801628.0,1088209.0
2025-06-18 12:58:19.251281,333.05,801998.0,1089542.0
2025-06-18 12:58:19.606581,333.05,801998.0,1089542.0
2025-06-18 12:58:20.250923,333.05,801847.0,1089542.0
2025-06-18 12:58:20.287084,333.05,801847.0,1089542.0
2025-06-18 12:58:20.601024,333.05,801847.0,1089542.0
2025-06-18 12:58:21.307547,333.1,801562.0,1089588.0
2025-06-18 12:58:21.599652,333.1,801562.0,1089588.0
2025-06-18 12:58:22.306925,333.1,801795.0,1089584.0
2025-06-18 12:58:22.595426,333.1,801795.0,1089584.0
2025-06-18 12:58:23.309045,333.1,800523.0,1088659.0
2025-06-18 12:58:24.312540,333.1,800523.0,1088809.0
2025-06-18 12:58:25.313844,333.1,800523.0,1088536.0
2025-06-18 12:58:25.597547,333.1,800523.0,1088536.0
2025-06-18 12:58:26.511776,333.05,798553.0,1088535.0
2025-06-18 12:58:26.594997,333.05,798553.0,1088535.0
2025-06-18 12:58:27.414077,333.1,797205.0,1090854.0
2025-06-18 12:58:27.600018,333.1,797205.0,1090854.0
2025-06-18 12:58:28.521296,333.1,798865.0,1092354.0
2025-06-18 12:58:29.415617,333.1,798728.0,1092354.0
2025-06-18 12:58:30.516185,333.1,797853.0,1092043.0
2025-06-18 12:58:30.598785,333.1,797853.0,1092043.0
2025-06-18 12:58:31.601527,333.1,797853.0,1092043.0
2025-06-18 12:58:31.617106,333.1,797855.0,1092040.0
2025-06-18 12:58:32.599778,333.1,797855.0,1092040.0
2025-06-18 12:58:32.727907,333.1,796963.0,1092508.0
2025-06-18 12:58:33.594665,333.1,796963.0,1092508.0
2025-06-18 12:58:33.817603,333.1,797730.0,1092448.0
2025-06-18 12:58:34.595721,333.1,797730.0,1092448.0
2025-06-18 12:58:34.818054,333.1,796415.0,1092133.0
2025-06-18 12:58:35.597355,333.1,796415.0,1092133.0
2025-06-18 12:58:35.727951,333.1,810122.0,1087665.0
2025-06-18 12:58:36.596660,333.1,810122.0,1087665.0
2025-06-18 12:58:36.819146,333.1,809538.0,1088366.0
2025-06-18 12:58:37.601770,333.15,809538.0,1088366.0
2025-06-18 12:58:37.819228,333.15,808277.0,1091362.0
2025-06-18 12:58:38.600656,333.15,808277.0,1091362.0
2025-06-18 12:58:38.826009,333.15,809634.0,1091360.0
2025-06-18 12:58:39.928598,333.15,809567.0,1091360.0
2025-06-18 12:58:41.022932,333.15,811835.0,1091107.0
2025-06-18 12:58:41.600570,333.1,811835.0,1091107.0
2025-06-18 12:58:42.024806,333.1,811520.0,1090762.0
2025-06-18 12:58:42.602901,333.1,811520.0,1090762.0
2025-06-18 12:58:43.024487,333.1,811845.0,1091107.0
2025-06-18 12:58:43.599245,333.1,811845.0,1091107.0
2025-06-18 12:58:44.025215,333.1,811118.0,1090901.0
2025-06-18 12:58:45.026179,333.1,811112.0,1090901.0
2025-06-18 12:58:46.125331,333.1,812291.0,1090676.0
2025-06-18 12:58:46.600851,333.1,812291.0,1090676.0
2025-06-18 12:58:47.141699,333.1,812225.0,1090676.0
2025-06-18 12:58:47.602045,333.15,812225.0,1090676.0
2025-06-18 12:58:48.127895,333.15,812223.0,1090739.0
2025-06-18 12:58:49.132191,333.15,812223.0,1090469.0
2025-06-18 12:58:50.129283,333.15,812224.0,1090468.0
2025-06-18 12:58:50.616683,333.15,812224.0,1090468.0
2025-06-18 12:58:51.234169,333.15,811942.0,1090788.0
2025-06-18 12:58:51.597540,333.15,811942.0,1090788.0
2025-06-18 12:58:52.331729,333.15,810214.0,1091015.0
2025-06-18 12:58:52.600154,333.15,810214.0,1091015.0
2025-06-18 12:58:53.434922,333.1,811335.0,1091015.0
2025-06-18 12:58:53.609460,333.1,811335.0,1091015.0
2025-06-18 12:58:54.331525,333.1,811335.0,1090974.0
2025-06-18 12:58:55.332026,333.1,811335.0,1090974.0
2025-06-18 12:58:56.333373,333.1,811387.0,1090973.0
2025-06-18 12:58:56.602488,333.1,811387.0,1090973.0
2025-06-18 12:58:57.433296,333.15,811304.0,1091227.0
2025-06-18 12:58:57.597331,333.15,811304.0,1091227.0
2025-06-18 12:58:58.634084,333.15,811304.0,1091227.0
2025-06-18 12:58:59.533066,333.15,811304.0,1091227.0
2025-06-18 12:59:00.639777,333.15,811428.0,1091347.0
2025-06-18 12:59:01.606454,333.15,811428.0,1091347.0
2025-06-18 12:59:03.615188,333.15,811428.0,1091347.0
2025-06-18 12:59:05.539179,333.1,811567.0,1091074.0
2025-06-18 12:59:05.606576,333.1,811567.0,1091074.0
2025-06-18 12:59:07.617306,333.15,811567.0,1091074.0
2025-06-18 12:59:09.605221,333.15,811567.0,1091074.0
2025-06-18 12:59:10.151973,333.15,809890.0,1084075.0
2025-06-18 12:59:11.614911,333.15,809890.0,1084075.0
2025-06-18 12:59:13.607090,333.15,809890.0,1084075.0
2025-06-18 12:59:14.665607,333.15,809676.0,1084017.0
2025-06-18 12:59:15.607184,333.15,809676.0,1084017.0
2025-06-18 12:59:17.609506,333.15,809676.0,1084017.0
2025-06-18 12:59:19.047202,333.1,809607.0,1084426.0
2025-06-18 12:59:19.615540,333.1,809607.0,1084426.0
2025-06-18 12:59:21.624921,333.1,809607.0,1084426.0
2025-06-18 12:59:23.612021,333.15,809607.0,1084426.0
2025-06-18 12:59:23.647699,333.15,800607.0,1084914.0
2025-06-18 12:59:25.611188,333.1,800607.0,1084914.0
2025-06-18 12:59:27.685402,333.15,800607.0,1084914.0
2025-06-18 12:59:28.448356,333.15,799956.0,1084812.0
2025-06-18 12:59:31.622200,333.1,799956.0,1084812.0
2025-06-18 12:59:32.851565,333.15,798189.0,1085633.0
2025-06-18 12:59:33.610151,333.15,798189.0,1085633.0
2025-06-18 12:59:35.608071,333.15,798189.0,1085633.0
2025-06-18 12:59:37.157832,333.1,799091.0,1087145.0
2025-06-18 12:59:37.611441,333.15,799091.0,1087145.0
2025-06-18 12:59:41.559323,333.15,799228.0,1087422.0
2025-06-18 12:59:41.611475,333.15,799228.0,1087422.0
2025-06-18 12:59:43.612360,333.15,799228.0,1087422.0
2025-06-18 12:59:45.961200,333.1,801249.0,1086355.0
2025-06-18 12:59:47.621129,333.15,801249.0,1086355.0
2025-06-18 12:59:49.610548,333.1,801249.0,1086355.0
2025-06-18 12:59:50.562980,333.1,801509.0,1085473.0
2025-06-18 12:59:51.616677,333.15,801509.0,1085473.0
2025-06-18 12:59:53.621248,333.15,801509.0,1085473.0
2025-06-18 12:59:55.164716,333.15,801138.0,1085756.0
2025-06-18 12:59:57.617564,333.05,801138.0,1085756.0
2025-06-18 12:59:59.767310,333.05,801836.0,1085780.0
2025-06-18 13:00:02.615642,333.1,801836.0,1085780.0
2025-06-18 13:00:04.368916,333.05,805862.0,1084331.0
2025-06-18 13:00:05.607482,333.05,805862.0,1084331.0
2025-06-18 13:00:06.616317,333.05,805862.0,1084331.0
2025-06-18 13:00:08.608872,333.15,805862.0,1084331.0
2025-06-18 13:00:09.375798,333.05,802209.0,1084388.0
2025-06-18 13:00:11.612884,333.05,802209.0,1084388.0
2025-06-18 13:00:13.611580,333.05,802209.0,1084388.0
2025-06-18 13:00:14.877191,333.05,802698.0,1084333.0
2025-06-18 13:00:15.614559,333.05,802698.0,1084333.0
2025-06-18 13:00:17.614858,333.15,802698.0,1084333.0
2025-06-18 13:00:19.616392,333.05,802698.0,1084333.0
2025-06-18 13:00:19.980119,333.05,803206.0,1084587.0
2025-06-18 13:00:21.614041,333.15,803206.0,1084587.0
2025-06-18 13:00:23.613889,333.15,803206.0,1084587.0
2025-06-18 13:00:25.383362,333.05,802438.0,1084734.0
2025-06-18 13:00:25.609649,333.05,802438.0,1084734.0
2025-06-18 13:00:27.614821,333.15,802438.0,1084734.0
2025-06-18 13:00:29.613057,333.15,802438.0,1084734.0
2025-06-18 13:00:31.084568,333.15,804500.0,1084374.0
2025-06-18 13:00:31.616520,333.05,804500.0,1084374.0
2025-06-18 13:00:33.614074,333.05,804500.0,1084374.0
2025-06-18 13:00:35.613522,333.15,804500.0,1084374.0
2025-06-18 13:00:36.992505,333.05,803784.0,1084207.0
2025-06-18 13:00:37.611200,333.15,803784.0,1084207.0
2025-06-18 13:00:41.617653,333.15,803784.0,1084207.0
2025-06-18 13:00:42.900193,333.1,802878.0,1084167.0
2025-06-18 13:00:43.629516,333.1,802878.0,1084167.0
2025-06-18 13:00:45.620916,333.15,802878.0,1084167.0
2025-06-18 13:00:47.620849,333.1,802878.0,1084167.0
2025-06-18 13:00:48.201073,333.15,803473.0,1083606.0
2025-06-18 13:00:49.617874,333.15,803473.0,1083606.0
2025-06-18 13:00:51.622954,333.15,803473.0,1083606.0
2025-06-18 13:00:53.305426,333.15,806490.0,1079174.0
2025-06-18 13:00:53.620152,333.15,806490.0,1079174.0
2025-06-18 13:00:55.687370,333.15,806490.0,1079174.0
2025-06-18 13:00:57.620275,333.15,806490.0,1079174.0
2025-06-18 13:00:58.208829,333.15,809390.0,1078743.0
2025-06-18 13:00:59.619923,333.15,809390.0,1078743.0
2025-06-18 13:01:01.621697,333.15,809390.0,1078743.0
2025-06-18 13:01:02.910597,333.15,810136.0,1078861.0
2025-06-18 13:01:03.619732,333.05,810136.0,1078861.0
2025-06-18 13:01:04.425816,333.05,810136.0,1078861.0
2025-06-18 13:01:05.623678,333.25,810136.0,1078861.0
2025-06-18 13:01:05.666725,333.25,810136.0,1078861.0
2025-06-18 13:01:06.628248,333.25,810136.0,1078861.0
2025-06-18 13:01:07.624102,333.25,810136.0,1078861.0
2025-06-18 13:01:07.639662,333.15,810136.0,1078861.0
2025-06-18 13:01:08.111435,333.15,804308.0,1080757.0
2025-06-18 13:01:08.573361,333.15,804308.0,1080757.0
2025-06-18 13:01:09.585046,333.15,804308.0,1080757.0
2025-06-18 13:01:09.623083,333.15,804308.0,1080757.0
2025-06-18 13:01:10.772754,333.15,804308.0,1080757.0
2025-06-18 13:01:11.334276,333.15,804308.0,1080757.0
2025-06-18 13:01:11.625452,333.15,804308.0,1080757.0
2025-06-18 13:01:11.759119,333.15,804308.0,1080757.0
2025-06-18 13:01:12.251950,333.15,804308.0,1080757.0
2025-06-18 13:01:13.526255,333.15,804308.0,1080757.0
2025-06-18 13:01:13.535341,333.1,808055.0,1079523.0
2025-06-18 13:01:13.627479,333.1,808055.0,1079523.0
2025-06-18 13:01:14.791778,333.1,808055.0,1079523.0
2025-06-18 13:01:15.622297,333.15,808055.0,1079523.0
2025-06-18 13:01:15.681815,333.15,808055.0,1079523.0
2025-06-18 13:01:17.085937,333.15,808055.0,1079523.0
2025-06-18 13:01:17.626426,333.2,808055.0,1079523.0
2025-06-18 13:01:18.243787,333.2,808055.0,1079523.0
2025-06-18 13:01:18.421084,333.15,815221.0,1074066.0
2025-06-18 13:01:19.393022,333.15,815221.0,1074066.0
2025-06-18 13:01:19.620157,333.15,815221.0,1074066.0
2025-06-18 13:01:20.875616,333.15,815221.0,1074066.0
2025-06-18 13:01:21.627369,333.15,815221.0,1074066.0
2025-06-18 13:01:23.229571,333.1,811930.0,1081727.0
2025-06-18 13:01:23.625274,333.1,811930.0,1081727.0
2025-06-18 13:01:25.622885,333.1,811930.0,1081727.0
2025-06-18 13:01:27.626594,333.05,811930.0,1081727.0
2025-06-18 13:01:27.821417,333.05,810797.0,1080033.0
2025-06-18 13:01:31.625703,333.1,810797.0,1080033.0
2025-06-18 13:01:32.446318,333.1,813853.0,1080288.0
2025-06-18 13:01:33.627577,333.1,813853.0,1080288.0
2025-06-18 13:01:35.626971,333.1,813853.0,1080288.0
2025-06-18 13:01:36.928490,333.05,810369.0,1078593.0
2025-06-18 13:01:37.620525,333.1,810369.0,1078593.0
2025-06-18 13:01:39.623260,333.1,810369.0,1078593.0
2025-06-18 13:01:41.620342,333.1,810369.0,1078593.0
2025-06-18 13:01:41.833630,333.05,808954.0,1079903.0
2025-06-18 13:01:43.621942,333.05,808954.0,1079903.0
2025-06-18 13:01:45.623590,333.1,808954.0,1079903.0
2025-06-18 13:01:46.836156,333.05,810429.0,1080041.0
2025-06-18 13:01:47.623275,333.1,810429.0,1080041.0
2025-06-18 13:01:49.625176,333.1,810429.0,1080041.0
2025-06-18 13:01:51.634158,333.1,810429.0,1080041.0
2025-06-18 13:01:51.745418,333.05,810418.0,1080566.0
2025-06-18 13:01:53.627670,333.1,810418.0,1080566.0
2025-06-18 13:01:55.628457,333.1,810418.0,1080566.0
2025-06-18 13:01:56.544282,333.05,810847.0,1080550.0
2025-06-18 13:01:57.629891,333.1,810847.0,1080550.0
2025-06-18 13:01:59.629228,333.1,810847.0,1080550.0
2025-06-18 13:02:01.148181,333.05,809207.0,1078106.0
2025-06-18 13:02:01.625331,333.05,809207.0,1078106.0
2025-06-18 13:02:02.148452,333.05,809315.0,1078273.0
2025-06-18 13:02:02.620579,333.1,809315.0,1078273.0
2025-06-18 13:02:03.255960,333.1,810919.0,1077960.0
2025-06-18 13:02:04.258053,333.1,811480.0,1077960.0
2025-06-18 13:02:05.256202,333.15,811115.0,1077555.0
2025-06-18 13:02:05.676835,333.15,811115.0,1077555.0
2025-06-18 13:02:06.258719,333.1,809360.0,1079384.0
2025-06-18 13:02:06.619889,333.1,809360.0,1079384.0
2025-06-18 13:02:07.349899,333.1,811243.0,1079646.0
2025-06-18 13:02:07.620235,333.1,811243.0,1079646.0
2025-06-18 13:02:08.451636,333.1,809727.0,1078930.0
2025-06-18 13:02:09.353171,333.1,810305.0,1078925.0
2025-06-18 13:02:10.454381,333.1,810343.0,1079301.0
2025-06-18 13:02:10.621894,333.1,810343.0,1079301.0
2025-06-18 13:02:11.552950,333.1,810344.0,1079569.0
2025-06-18 13:02:11.694507,333.1,810344.0,1079569.0
2025-06-18 13:02:12.619900,333.05,810344.0,1079569.0
2025-06-18 13:02:12.660895,333.05,809827.0,1079569.0
2025-06-18 13:02:13.633518,333.05,809827.0,1079569.0
2025-06-18 13:02:13.754149,333.05,808219.0,1079566.0
2025-06-18 13:02:14.618666,333.1,808219.0,1079566.0
2025-06-18 13:02:14.856937,333.1,809294.0,1079294.0
2025-06-18 13:02:15.858793,333.05,808760.0,1079685.0
2025-06-18 13:02:16.618973,333.05,808760.0,1079685.0
2025-06-18 13:02:17.058531,333.05,808738.0,1079331.0
2025-06-18 13:02:17.618474,333.1,808738.0,1079331.0
2025-06-18 13:02:18.058322,333.1,808919.0,1079154.0
2025-06-18 13:02:19.058330,333.1,808919.0,1079424.0
2025-06-18 13:02:20.059994,333.1,808920.0,1079476.0
2025-06-18 13:02:20.619267,333.05,808920.0,1079476.0
2025-06-18 13:02:21.060792,333.1,808521.0,1079471.0
2025-06-18 13:02:21.627004,333.1,808521.0,1079471.0
2025-06-18 13:02:22.062214,333.1,806982.0,1078587.0
2025-06-18 13:02:22.627538,333.1,806982.0,1078587.0
2025-06-18 13:02:22.961715,333.1,808913.0,1078714.0
2025-06-18 13:02:23.622540,333.1,808913.0,1078714.0
2025-06-18 13:02:23.961690,333.1,809421.0,1078026.0
2025-06-18 13:02:24.964532,333.1,809430.0,1078085.0
2025-06-18 13:02:25.619789,333.1,809430.0,1078085.0
2025-06-18 13:02:25.964213,333.05,809071.0,1075677.0
2025-06-18 13:02:26.619919,333.05,809071.0,1075677.0
2025-06-18 13:02:26.965247,333.05,810062.0,1075565.0
2025-06-18 13:02:27.621289,333.15,810062.0,1075565.0
2025-06-18 13:02:27.966025,333.15,806002.0,1077272.0
2025-06-18 13:02:29.067172,333.15,806084.0,1077542.0
2025-06-18 13:02:30.067536,333.15,807457.0,1077208.0
2025-06-18 13:02:31.070128,333.15,807490.0,1077325.0
2025-06-18 13:02:31.623072,333.15,807490.0,1077325.0
2025-06-18 13:02:32.070102,333.15,807423.0,1077337.0
2025-06-18 13:02:32.622834,333.15,807423.0,1077337.0
2025-06-18 13:02:33.171961,333.15,807444.0,1077334.0
2025-06-18 13:02:34.171654,333.15,807100.0,1077312.0
2025-06-18 13:02:34.624408,333.15,807100.0,1077312.0
2025-06-18 13:02:35.621157,333.15,807100.0,1077312.0
2025-06-18 13:02:35.782481,333.15,811751.0,1073584.0
2025-06-18 13:02:36.626562,333.2,811751.0,1073584.0
2025-06-18 13:02:36.874965,333.1,810015.0,1077409.0
2025-06-18 13:02:37.711165,333.15,810015.0,1077409.0
2025-06-18 13:02:37.972200,333.15,809494.0,1077404.0
2025-06-18 13:02:38.625122,333.15,809494.0,1077404.0
2025-06-18 13:02:39.074104,333.15,809812.0,1077402.0
2025-06-18 13:02:40.173300,333.15,810105.0,1077571.0
2025-06-18 13:02:41.277017,333.15,810105.0,1077568.0
2025-06-18 13:02:41.624124,333.15,810105.0,1077568.0
2025-06-18 13:02:42.376233,333.1,809790.0,1077804.0
2025-06-18 13:19:33.036011,333.4,1076931.0,1076691.0
2025-06-18 13:19:33.741535,333.4,1076931.0,1076691.0
2025-06-18 13:19:35.108861,333.4,1079309.0,1078841.0
2025-06-18 13:19:35.760612,333.35,1079309.0,1078841.0
2025-06-18 13:19:37.735890,333.4,1079309.0,1078841.0
2025-06-18 13:19:39.693737,333.4,1079267.0,1078690.0
2025-06-18 13:19:39.909460,333.4,1079267.0,1078690.0
2025-06-18 13:19:41.785433,333.4,1079267.0,1078690.0
2025-06-18 13:19:43.709516,333.4,1079267.0,1078690.0
2025-06-18 13:19:44.217614,333.4,1079163.0,1078680.0
2025-06-18 13:19:45.706658,333.35,1079163.0,1078680.0
2025-06-18 13:19:47.727693,333.35,1079163.0,1078680.0
2025-06-18 13:19:48.918570,333.35,1077056.0,1079412.0
2025-06-18 13:19:49.712305,333.4,1077056.0,1079412.0
2025-06-18 13:19:51.766573,333.35,1077056.0,1079412.0
2025-06-18 13:19:53.327339,333.4,1087099.0,1079065.0
2025-06-18 13:19:53.727403,333.4,1087099.0,1079065.0
2025-06-18 13:19:55.763796,333.35,1087099.0,1079065.0
2025-06-18 13:19:57.702691,333.35,1087099.0,1079065.0
2025-06-18 13:19:57.729571,333.35,1086427.0,1078950.0
2025-06-18 13:20:01.702244,333.4,1086427.0,1078950.0
2025-06-18 13:20:01.724427,333.35,1086426.0,1079068.0
2025-06-18 13:20:03.709297,333.35,1086426.0,1079068.0
2025-06-18 13:20:05.728409,333.4,1086426.0,1079068.0
2025-06-18 13:20:06.023875,333.3,1088598.0,1073825.0
2025-06-18 13:20:07.707205,333.35,1088598.0,1073825.0
2025-06-18 13:20:09.750028,333.35,1088598.0,1073825.0
2025-06-18 13:20:10.525798,333.3,1098965.0,1075861.0
2025-06-18 13:20:11.705227,333.35,1098965.0,1075861.0
2025-06-18 13:20:13.708495,333.3,1098965.0,1075861.0
2025-06-18 13:20:14.931128,333.35,1098320.0,1075991.0
2025-06-18 13:20:15.709075,333.3,1098320.0,1075991.0
2025-06-18 13:20:17.743861,333.35,1098320.0,1075991.0
2025-06-18 13:20:19.708307,333.3,1098320.0,1075991.0
2025-06-18 13:20:19.735221,333.3,1100944.0,1076019.0
2025-06-18 13:20:21.704212,333.35,1100944.0,1076019.0
2025-06-18 13:20:23.704623,333.3,1100944.0,1076019.0
2025-06-18 13:20:24.740455,333.3,1102676.0,1076601.0
2025-06-18 13:20:25.782757,333.3,1102676.0,1076601.0
2025-06-18 13:20:27.711026,333.35,1102676.0,1076601.0
2025-06-18 13:20:29.241251,333.35,1102671.0,1077685.0
2025-06-18 13:20:29.712338,333.35,1102671.0,1077685.0
2025-06-18 13:20:31.729931,333.35,1102671.0,1077685.0
2025-06-18 13:20:33.650154,333.3,1105176.0,1076964.0
2025-06-18 13:20:33.707332,333.35,1105176.0,1076964.0
2025-06-18 13:20:35.708031,333.3,1105176.0,1076964.0
2025-06-18 13:20:37.732349,333.35,1105176.0,1076964.0
2025-06-18 13:20:38.250310,333.35,1107133.0,1077250.0
2025-06-18 13:20:39.708507,333.35,1107133.0,1077250.0
2025-06-18 13:20:41.702446,333.4,1107133.0,1077250.0
2025-06-18 13:20:42.751245,333.35,1107798.0,1073791.0
2025-06-18 13:20:43.710421,333.35,1107798.0,1073791.0
2025-06-18 13:20:45.711540,333.35,1107798.0,1073791.0
2025-06-18 13:20:47.153404,333.35,1107363.0,1073541.0
2025-06-18 13:20:47.705403,333.4,1107363.0,1073541.0
2025-06-18 13:20:51.902850,333.4,1107363.0,1073541.0
2025-06-18 13:20:51.906267,333.4,1106774.0,1072528.0
2025-06-18 13:20:53.714336,333.4,1106774.0,1072528.0
2025-06-18 13:20:55.707745,333.3,1106774.0,1072528.0
2025-06-18 13:20:56.457408,333.3,1106600.0,1074561.0
2025-06-18 13:20:57.743764,333.4,1106600.0,1074561.0
2025-06-18 13:20:59.710415,333.3,1106600.0,1074561.0
2025-06-18 13:21:00.762006,333.3,1106061.0,1077167.0
2025-06-18 13:21:01.705109,333.3,1106061.0,1077167.0
2025-06-18 13:21:03.723248,333.4,1106061.0,1077167.0
2025-06-18 13:21:05.067183,333.3,1103155.0,1079104.0
2025-06-18 13:21:05.710872,333.35,1103155.0,1079104.0
2025-06-18 13:21:07.712050,333.4,1103155.0,1079104.0
2025-06-18 13:21:10.069099,333.3,1102913.0,1079015.0
2025-06-18 13:21:11.716885,333.3,1102913.0,1079015.0
2025-06-18 13:21:13.710020,333.3,1102913.0,1079015.0
2025-06-18 13:21:14.771457,333.3,1102771.0,1079019.0
2025-06-18 13:21:15.715633,333.3,1102771.0,1079019.0
2025-06-18 13:21:17.705581,333.4,1102771.0,1079019.0
2025-06-18 13:21:19.674396,333.4,1103294.0,1079410.0
2025-06-18 13:21:19.704461,333.4,1103294.0,1079410.0
2025-06-18 13:21:21.707891,333.4,1103294.0,1079410.0
2025-06-18 13:21:23.733853,333.4,1103294.0,1079410.0
2025-06-18 13:21:24.376747,333.4,1107165.0,1074159.0
2025-06-18 13:21:25.716895,333.3,1107165.0,1074159.0
2025-06-18 13:21:27.709023,333.4,1107165.0,1074159.0
2025-06-18 13:21:28.777357,333.4,1107327.0,1074374.0
2025-06-18 13:21:29.704919,333.3,1107327.0,1074374.0
2025-06-18 13:21:31.703559,333.4,1107327.0,1074374.0
2025-06-18 13:21:33.082426,333.4,1107539.0,1074484.0
2025-06-18 13:21:33.728701,333.4,1107539.0,1074484.0
2025-06-18 13:21:35.713874,333.3,1107539.0,1074484.0
2025-06-18 13:21:37.684298,333.3,1108099.0,1074503.0
2025-06-18 13:21:37.706976,333.3,1108099.0,1074503.0
2025-06-18 13:21:41.748659,333.35,1108099.0,1074503.0
2025-06-18 13:21:42.286996,333.3,1098426.0,1074675.0
2025-06-18 13:21:43.707874,333.3,1098426.0,1074675.0
2025-06-18 13:21:46.085709,333.3,1098426.0,1074675.0
2025-06-18 13:21:47.047159,333.3,1097133.0,1074498.0
2025-06-18 13:21:47.732257,333.35,1097133.0,1074498.0
2025-06-18 13:21:49.728059,333.35,1097133.0,1074498.0
2025-06-18 13:21:51.731594,333.35,1097133.0,1074498.0
2025-06-18 13:21:51.995124,333.3,1095074.0,1074728.0
2025-06-18 13:21:53.709820,333.35,1095074.0,1074728.0
2025-06-18 13:21:55.734092,333.3,1095074.0,1074728.0
2025-06-18 13:21:57.196378,333.35,1095053.0,1075005.0
2025-06-18 13:21:57.735171,333.35,1095053.0,1075005.0
2025-06-18 13:21:59.710951,333.35,1095053.0,1075005.0
2025-06-18 13:22:01.730289,333.35,1095053.0,1075005.0
2025-06-18 13:22:01.900227,333.35,1097561.0,1071203.0
2025-06-18 13:22:03.709208,333.4,1097561.0,1071203.0
2025-06-18 13:22:05.715458,333.4,1097561.0,1071203.0
2025-06-18 13:22:06.602718,333.35,1094330.0,1068234.0
2025-06-18 13:22:07.713466,333.45,1094330.0,1068234.0
2025-06-18 13:22:08.317729,333.45,1094330.0,1068234.0
2025-06-18 13:22:09.436760,333.45,1094330.0,1068234.0
2025-06-18 13:22:10.421973,333.45,1094330.0,1068234.0
2025-06-18 13:22:11.434718,333.45,1094330.0,1068234.0
2025-06-18 13:22:11.505435,333.35,1097445.0,1068255.0
2025-06-18 13:22:12.387552,333.35,1097445.0,1068255.0
2025-06-18 13:22:12.710940,333.4,1097445.0,1068255.0
2025-06-18 13:22:13.298201,333.4,1097445.0,1068255.0
2025-06-18 13:22:13.714199,333.45,1097445.0,1068255.0
2025-06-18 13:22:14.463139,333.45,1097445.0,1068255.0
2025-06-18 13:22:15.050051,333.45,1097445.0,1068255.0
2025-06-18 13:22:15.725888,333.45,1097445.0,1068255.0
2025-06-18 13:22:15.970571,333.45,1097445.0,1068255.0
2025-06-18 13:22:16.367450,333.45,1097445.0,1068255.0
2025-06-18 13:22:16.608597,333.4,1099574.0,1062332.0
2025-06-18 13:22:17.318005,333.4,1099574.0,1062332.0
2025-06-18 13:22:17.713387,333.45,1099574.0,1062332.0
2025-06-18 13:22:18.724139,333.45,1099574.0,1062332.0
2025-06-18 13:22:19.619534,333.45,1099574.0,1062332.0
2025-06-18 13:22:21.042797,333.45,1099574.0,1062332.0
2025-06-18 13:22:21.509883,333.45,1098197.0,1062319.0
2025-06-18 13:22:21.713682,333.45,1098197.0,1062319.0
2025-06-18 13:22:22.212724,333.45,1098197.0,1062319.0
2025-06-18 13:22:23.380816,333.45,1098197.0,1062319.0
2025-06-18 13:22:23.714292,333.45,1098197.0,1062319.0
2025-06-18 13:22:24.890002,333.45,1098197.0,1062319.0
2025-06-18 13:22:25.716286,333.4,1098197.0,1062319.0
2025-06-18 13:22:26.414881,333.4,1101440.0,1061481.0
2025-06-18 13:22:27.715434,333.5,1101440.0,1061481.0
2025-06-18 13:22:29.707677,333.4,1101440.0,1061481.0
2025-06-18 13:22:31.227224,333.5,1100190.0,1061575.0
2025-06-18 13:22:31.711616,333.4,1100190.0,1061575.0
2025-06-18 13:22:33.715940,333.45,1100190.0,1061575.0
2025-06-18 13:22:35.717179,333.4,1100190.0,1061575.0
2025-06-18 13:22:36.420240,333.4,1098974.0,1060855.0
2025-06-18 13:22:37.720084,333.45,1098974.0,1060855.0
2025-06-18 13:22:39.710331,333.4,1098974.0,1060855.0
2025-06-18 13:22:41.326876,333.45,1099912.0,1061671.0
2025-06-18 13:22:41.711277,333.5,1099912.0,1061671.0
2025-06-18 13:22:43.712433,333.5,1099912.0,1061671.0
2025-06-18 13:22:45.715473,333.45,1099912.0,1061671.0
2025-06-18 13:22:46.227630,333.45,1086376.0,1066606.0
2025-06-18 13:22:47.718231,333.4,1086376.0,1066606.0
2025-06-18 13:22:49.716776,333.4,1086376.0,1066606.0
2025-06-18 13:22:51.431755,333.35,1075259.0,1076271.0
2025-06-18 13:22:51.712749,333.4,1075259.0,1076271.0
2025-06-18 13:22:53.742121,333.25,1075259.0,1076271.0
2025-06-18 13:22:55.720127,333.2,1075259.0,1076271.0
2025-06-18 13:22:56.240279,333.2,1065040.0,1087763.0
2025-06-18 13:22:57.752627,333.25,1065040.0,1087763.0
2025-06-18 13:23:00.936897,333.3,1078117.0,1079703.0
2025-06-18 13:23:01.717064,333.3,1078117.0,1079703.0
2025-06-18 13:23:03.714700,333.3,1078117.0,1079703.0
2025-06-18 13:23:05.724001,333.4,1078117.0,1079703.0
2025-06-18 13:23:05.740388,333.4,1078885.0,1079107.0
2025-06-18 13:23:07.718917,333.4,1078885.0,1079107.0
2025-06-18 13:23:09.734938,333.4,1078885.0,1079107.0
2025-06-18 13:23:10.646529,333.4,1080713.0,1075538.0
2025-06-18 13:23:11.716169,333.4,1080713.0,1075538.0
2025-06-18 13:23:13.721097,333.3,1080713.0,1075538.0
2025-06-18 13:23:15.373773,333.4,1076208.0,1075577.0
2025-06-18 13:23:15.718740,333.3,1076208.0,1075577.0
2025-06-18 13:23:17.717793,333.3,1076208.0,1075577.0
2025-06-18 13:23:19.730103,333.3,1076208.0,1075577.0
2025-06-18 13:23:20.046326,333.3,1071346.0,1079835.0
2025-06-18 13:23:21.717632,333.25,1071346.0,1079835.0
2025-06-18 13:23:23.719861,333.3,1071346.0,1079835.0
2025-06-18 13:23:24.862878,333.25,1071962.0,1078708.0
2025-06-18 13:23:25.727430,333.25,1071962.0,1078708.0
2025-06-18 13:23:27.725706,333.3,1071962.0,1078708.0
2025-06-18 13:23:29.950889,333.2,1065438.0,1085016.0
2025-06-18 13:23:31.716084,333.4,1065438.0,1085016.0
2025-06-18 13:23:33.716972,333.3,1065438.0,1085016.0
2025-06-18 13:23:34.955418,333.3,1072077.0,1083137.0
2025-06-18 13:23:35.721874,333.2,1072077.0,1083137.0
2025-06-18 13:23:37.744617,333.3,1072077.0,1083137.0
2025-06-18 13:23:39.716840,333.3,1072077.0,1083137.0
2025-06-18 13:23:40.056806,333.3,1072449.0,1086826.0
2025-06-18 13:23:41.715221,333.3,1072449.0,1086826.0
2025-06-18 13:23:43.719697,333.2,1072449.0,1086826.0
2025-06-18 13:23:45.161000,333.2,1071038.0,1092099.0
2025-06-18 13:23:45.758264,333.2,1071038.0,1092099.0
2025-06-18 13:23:47.733315,333.25,1071038.0,1092099.0
2025-06-18 13:23:49.720470,333.25,1071038.0,1092099.0
2025-06-18 13:23:50.065949,333.25,1070440.0,1091790.0
2025-06-18 13:23:51.716989,333.25,1070440.0,1091790.0
2025-06-18 13:23:53.719075,333.25,1070440.0,1091790.0
2025-06-18 13:23:54.968893,333.25,1070281.0,1090922.0
2025-06-18 13:23:55.722738,333.2,1070281.0,1090922.0
2025-06-18 13:23:57.721843,333.25,1070281.0,1090922.0
2025-06-18 13:23:59.775400,333.25,1070664.0,1091158.0
2025-06-18 13:24:01.722694,333.2,1070664.0,1091158.0
2025-06-18 13:24:03.719608,333.25,1070664.0,1091158.0
2025-06-18 13:24:04.276615,333.25,1070622.0,1091982.0
2025-06-18 13:24:05.726240,333.2,1070622.0,1091982.0
2025-06-18 13:24:07.724809,333.25,1070622.0,1091982.0
2025-06-18 13:24:08.782155,333.25,1071476.0,1092297.0
2025-06-18 13:24:09.747327,333.2,1071476.0,1092297.0
2025-06-18 13:24:11.722478,333.25,1071476.0,1092297.0
2025-06-18 13:24:13.083905,333.2,1071310.0,1092607.0
2025-06-18 13:24:13.755862,333.2,1071310.0,1092607.0
2025-06-18 13:24:15.729696,333.2,1071310.0,1092607.0
2025-06-18 13:24:17.693753,333.25,1071572.0,1092632.0
2025-06-18 13:24:17.760613,333.25,1071572.0,1092632.0
2025-06-18 13:24:21.724914,333.25,1071572.0,1092632.0
2025-06-18 13:24:22.494080,333.25,1071882.0,1090782.0
2025-06-18 13:24:23.726115,333.25,1071882.0,1090782.0
2025-06-18 13:24:25.745896,333.2,1071882.0,1090782.0
2025-06-18 13:24:27.494254,333.25,1071398.0,1090996.0
2025-06-18 13:24:27.734412,333.25,1071398.0,1090996.0
2025-06-18 13:24:29.722250,333.25,1071398.0,1090996.0
2025-06-18 13:24:31.733394,333.25,1071398.0,1090996.0
2025-06-18 13:24:32.411709,333.25,1071804.0,1083094.0
2025-06-18 13:24:33.739523,333.25,1071804.0,1083094.0
2025-06-18 13:24:35.728436,333.3,1071804.0,1083094.0
2025-06-18 13:24:37.400933,333.25,1074512.0,1081457.0
2025-06-18 13:24:37.737231,333.25,1074512.0,1081457.0
2025-06-18 13:24:39.729194,333.3,1074512.0,1081457.0
2025-06-18 13:24:41.732561,333.25,1074512.0,1081457.0
2025-06-18 13:24:42.201980,333.2,1071150.0,1080411.0
2025-06-18 13:24:43.726285,333.2,1071150.0,1080411.0
2025-06-18 13:24:45.743187,333.2,1071150.0,1080411.0
2025-06-18 13:24:46.909644,333.2,1074420.0,1079439.0
2025-06-18 13:24:47.743165,333.2,1074420.0,1079439.0
2025-06-18 13:24:50.055185,333.2,1074420.0,1079439.0
2025-06-18 13:24:51.762506,333.25,1074420.0,1079439.0
2025-06-18 13:24:51.808560,333.2,1078172.0,1079192.0
2025-06-18 13:24:52.728146,333.25,1078172.0,1079192.0
2025-06-18 13:24:53.727350,333.25,1078172.0,1079192.0
2025-06-18 13:24:55.746966,333.25,1078172.0,1079192.0
2025-06-18 13:24:56.476789,333.25,1075302.0,1080322.0
2025-06-18 13:24:56.731389,333.25,1075302.0,1080322.0
2025-06-18 13:24:57.729963,333.25,1075302.0,1080322.0
2025-06-18 13:24:58.727383,333.2,1075302.0,1080322.0
2025-06-18 13:25:01.614155,333.25,1054025.0,1081954.0
2025-06-18 13:25:01.743984,333.25,1054025.0,1081954.0
2025-06-18 13:25:02.727859,333.25,1054025.0,1081954.0
2025-06-18 13:25:05.750119,333.2,1054025.0,1081954.0
2025-06-18 13:25:06.422085,333.25,1054328.0,1078570.0
2025-06-18 13:25:06.726304,333.25,1054328.0,1078570.0
2025-06-18 13:25:07.725942,333.25,1054328.0,1078570.0
2025-06-18 13:25:08.820753,333.25,1054328.0,1078570.0
2025-06-18 13:25:09.722393,333.2,1054328.0,1078570.0
2025-06-18 13:25:09.925986,333.2,1054328.0,1078570.0
2025-06-18 13:25:10.896551,333.2,1054328.0,1078570.0
2025-06-18 13:25:10.924794,333.2,1055390.0,1079215.0
2025-06-18 13:25:11.730153,333.25,1055390.0,1079215.0
2025-06-18 13:25:11.893429,333.25,1055390.0,1079215.0
2025-06-18 13:25:12.744109,333.2,1055390.0,1079215.0
2025-06-18 13:25:12.835593,333.2,1055390.0,1079215.0
2025-06-18 13:25:13.722713,333.2,1055390.0,1079215.0
2025-06-18 13:25:14.875096,333.2,1055390.0,1079215.0
2025-06-18 13:25:15.429657,333.25,1056260.0,1079009.0
2025-06-18 13:25:15.451424,333.25,1056260.0,1079009.0
2025-06-18 13:25:15.739022,333.2,1056260.0,1079009.0
2025-06-18 13:25:15.870149,333.2,1056260.0,1079009.0
2025-06-18 13:25:16.364963,333.2,1056260.0,1079009.0
2025-06-18 13:25:16.726598,333.2,1056260.0,1079009.0
2025-06-18 13:25:16.754378,333.2,1056260.0,1079009.0
2025-06-18 13:25:17.621077,333.2,1056260.0,1079009.0
2025-06-18 13:25:17.748075,333.2,1056260.0,1079009.0
2025-06-18 13:25:18.728656,333.2,1056260.0,1079009.0
2025-06-18 13:25:18.954460,333.2,1056260.0,1079009.0
2025-06-18 13:25:19.894609,333.2,1056260.0,1079009.0
2025-06-18 13:25:20.033877,333.2,1054349.0,1078686.0
2025-06-18 13:25:21.308758,333.2,1054349.0,1078686.0
2025-06-18 13:25:21.727494,333.25,1054349.0,1078686.0
2025-06-18 13:25:22.468990,333.25,1054349.0,1078686.0
2025-06-18 13:25:22.729135,333.25,1054349.0,1078686.0
2025-06-18 13:25:23.617468,333.25,1054349.0,1078686.0
2025-06-18 13:25:24.638159,333.25,1062477.0,1079435.0
2025-06-18 13:25:25.190035,333.25,1062477.0,1079435.0
2025-06-18 13:25:25.728468,333.2,1062477.0,1079435.0
2025-06-18 13:25:26.729524,333.2,1062477.0,1079435.0
2025-06-18 13:25:27.750441,333.25,1062477.0,1079435.0
2025-06-18 13:25:28.725266,333.25,1062477.0,1079435.0
2025-06-18 13:25:29.638371,333.25,1062082.0,1079981.0
2025-06-18 13:25:31.727783,333.25,1062082.0,1079981.0
2025-06-18 13:25:32.725676,333.25,1062082.0,1079981.0
2025-06-18 13:25:33.729148,333.25,1062082.0,1079981.0
2025-06-18 13:25:34.444709,333.25,1055000.0,1088514.0
2025-06-18 13:25:35.805667,333.15,1055000.0,1088514.0
2025-06-18 13:25:36.777779,333.15,1055000.0,1088514.0
2025-06-18 13:25:37.731664,333.25,1055000.0,1088514.0
2025-06-18 13:25:38.726627,333.25,1055000.0,1088514.0
2025-06-18 13:25:39.041684,333.25,1064096.0,1088201.0
2025-06-18 13:25:41.725596,333.15,1064096.0,1088201.0
2025-06-18 13:25:42.729397,333.15,1064096.0,1088201.0
2025-06-18 13:25:43.448871,333.15,1063422.0,1086541.0
2025-06-18 13:25:43.763965,333.15,1063422.0,1086541.0
2025-06-18 13:25:45.806470,333.15,1063422.0,1086541.0
2025-06-18 13:25:46.950755,333.15,1063422.0,1086541.0
2025-06-18 13:25:47.743911,333.25,1063422.0,1086541.0
2025-06-18 13:25:47.864805,333.25,1062911.0,1086557.0
2025-06-18 13:25:48.738325,333.15,1062911.0,1086557.0
2025-06-18 13:25:51.730972,333.25,1062911.0,1086557.0
2025-06-18 13:25:52.360546,333.25,1060900.0,1084177.0
2025-06-18 13:25:52.727570,333.25,1060900.0,1084177.0
2025-06-18 13:25:54.729496,333.15,1060900.0,1084177.0
2025-06-18 13:25:55.734902,333.3,1060900.0,1084177.0
2025-06-18 13:25:56.724457,333.15,1060900.0,1084177.0
2025-06-18 13:25:56.868832,333.15,1059678.0,1087765.0
2025-06-18 13:25:57.729448,333.3,1059678.0,1087765.0
2025-06-18 13:26:01.301643,333.3,1059879.0,1086152.0
2025-06-18 13:26:01.744771,333.3,1059879.0,1086152.0
2025-06-18 13:26:02.738612,333.25,1059879.0,1086152.0
2025-06-18 13:26:03.728777,333.25,1059879.0,1086152.0
2025-06-18 13:26:04.727373,333.25,1059879.0,1086152.0
2025-06-18 13:26:05.678001,333.25,1062420.0,1083232.0
2025-06-18 13:26:05.786681,333.25,1062420.0,1083232.0
2025-06-18 13:26:06.730949,333.15,1062420.0,1083232.0
2025-06-18 13:26:07.727811,333.25,1062420.0,1083232.0
2025-06-18 13:26:10.164594,333.25,1061372.0,1083728.0
2025-06-18 13:26:11.742993,333.25,1061372.0,1083728.0
2025-06-18 13:26:12.780032,333.15,1061372.0,1083728.0
2025-06-18 13:26:13.730618,333.15,1061372.0,1083728.0
2025-06-18 13:26:14.667147,333.25,1061917.0,1083383.0
2025-06-18 13:26:14.731178,333.25,1061917.0,1083383.0
2025-06-18 13:26:15.731164,333.15,1061917.0,1083383.0
2025-06-18 13:26:16.727070,333.25,1061917.0,1083383.0
2025-06-18 13:26:17.748954,333.25,1061917.0,1083383.0
2025-06-18 13:26:18.740778,333.25,1061917.0,1083383.0
2025-06-18 13:26:18.909067,333.25,1063595.0,1083249.0
2025-06-18 13:26:19.731965,333.25,1063595.0,1083249.0
2025-06-18 13:26:21.733035,333.25,1063595.0,1083249.0
2025-06-18 13:26:22.742346,333.25,1063595.0,1083249.0
2025-06-18 13:26:22.979126,333.25,1060765.0,1083726.0
2025-06-18 13:26:25.733545,333.15,1060765.0,1083726.0
2025-06-18 13:26:26.731756,333.15,1060765.0,1083726.0
2025-06-18 13:26:27.179819,333.25,1064597.0,1083710.0
2025-06-18 13:26:27.736892,333.25,1064597.0,1083710.0
2025-06-18 13:26:28.736456,333.25,1064597.0,1083710.0
2025-06-18 13:26:29.731728,333.25,1064597.0,1083710.0
2025-06-18 13:26:30.741534,333.2,1064597.0,1083710.0
2025-06-18 13:26:31.577622,333.25,1064602.0,1081629.0
2025-06-18 13:26:31.742507,333.25,1064602.0,1081629.0
2025-06-18 13:26:32.747280,333.25,1064602.0,1081629.0
2025-06-18 13:26:33.747906,333.25,1064602.0,1081629.0
2025-06-18 13:26:35.794681,333.2,1064602.0,1081629.0
2025-06-18 13:26:35.997366,333.2,1065890.0,1081851.0
2025-06-18 13:26:36.733514,333.25,1065890.0,1081851.0
2025-06-18 13:26:37.755015,333.25,1065890.0,1081851.0
2025-06-18 13:26:40.188502,333.25,1064893.0,1081964.0
2025-06-18 13:26:41.739350,333.25,1064893.0,1081964.0
2025-06-18 13:26:42.733112,333.2,1064893.0,1081964.0
2025-06-18 13:26:44.586051,333.2,1065959.0,1082410.0
2025-06-18 13:26:44.731782,333.2,1065959.0,1082410.0
2025-06-18 13:26:45.782733,333.2,1065959.0,1082410.0
2025-06-18 13:26:46.743090,333.2,1065959.0,1082410.0
2025-06-18 13:26:47.729247,333.25,1065959.0,1082410.0
2025-06-18 13:26:48.731274,333.25,1065959.0,1082410.0
2025-06-18 13:26:48.887132,333.25,1066937.0,1082015.0
2025-06-18 13:26:49.740710,333.2,1066937.0,1082015.0
2025-06-18 13:26:52.735397,333.25,1066937.0,1082015.0
2025-06-18 13:26:53.423599,333.25,1069092.0,1083326.0
2025-06-18 13:26:55.746894,333.25,1069092.0,1083326.0
2025-06-18 13:26:56.740029,333.25,1069092.0,1083326.0
2025-06-18 13:26:57.732031,333.3,1069092.0,1083326.0
2025-06-18 13:26:57.891411,333.3,1067522.0,1083921.0
2025-06-18 13:27:01.733439,333.3,1067522.0,1083921.0
2025-06-18 13:27:02.297714,333.25,1067565.0,1083751.0
2025-06-18 13:27:02.735953,333.3,1067565.0,1083751.0
2025-06-18 13:27:04.734599,333.25,1067565.0,1083751.0
2025-06-18 13:27:05.737919,333.25,1067565.0,1083751.0
2025-06-18 13:27:06.756637,333.25,1067565.0,1083751.0
2025-06-18 13:27:06.920283,333.25,1065741.0,1082858.0
2025-06-18 13:27:07.735454,333.3,1065741.0,1082858.0
2025-06-18 13:27:11.735051,333.25,1065741.0,1082858.0
2025-06-18 13:27:12.007047,333.25,1067956.0,1083022.0
2025-06-18 13:27:12.736982,333.25,1067956.0,1083022.0
2025-06-18 13:27:15.756806,333.25,1067956.0,1083022.0
2025-06-18 13:27:16.618110,333.25,1066881.0,1083526.0
2025-06-18 13:27:16.758386,333.25,1066881.0,1083526.0
2025-06-18 13:27:17.735524,333.3,1066881.0,1083526.0
2025-06-18 13:27:20.911603,333.3,1068768.0,1081938.0
2025-06-18 13:27:21.769778,333.3,1068768.0,1081938.0
2025-06-18 13:27:22.759484,333.3,1068768.0,1081938.0
2025-06-18 13:27:25.235799,333.3,1071145.0,1081938.0
2025-06-18 13:27:25.774850,333.2,1071145.0,1081938.0
2025-06-18 13:27:26.735417,333.3,1071145.0,1081938.0
2025-06-18 13:27:27.768716,333.3,1071145.0,1081938.0
2025-06-18 13:27:28.750265,333.2,1071145.0,1081938.0
2025-06-18 13:27:29.552495,333.3,1069462.0,1081088.0
2025-06-18 13:27:29.745255,333.3,1069462.0,1081088.0
2025-06-18 13:27:30.738936,333.3,1069462.0,1081088.0
2025-06-18 13:27:31.741773,333.4,1069462.0,1081088.0
2025-06-18 13:27:32.733015,333.3,1069462.0,1081088.0
2025-06-18 13:27:33.752061,333.3,1066256.0,1084367.0
2025-06-18 13:27:33.812913,333.3,1066256.0,1084367.0
2025-06-18 13:27:34.735378,333.25,1066256.0,1084367.0
2025-06-18 13:27:35.735956,333.25,1066256.0,1084367.0
2025-06-18 13:27:36.739164,333.2,1066256.0,1084367.0
2025-06-18 13:27:37.736506,333.25,1066256.0,1084367.0
2025-06-18 13:27:38.422866,333.25,1066467.0,1080833.0
2025-06-18 13:27:39.749679,333.2,1066467.0,1080833.0
2025-06-18 13:27:40.765861,333.25,1066467.0,1080833.0
2025-06-18 13:27:41.734533,333.25,1066467.0,1080833.0
2025-06-18 13:27:42.784580,333.2,1066467.0,1080833.0
2025-06-18 13:27:43.033957,333.2,1065264.0,1081814.0
2025-06-18 13:27:45.736290,333.2,1065264.0,1081814.0
2025-06-18 13:27:46.742156,333.2,1065264.0,1081814.0
2025-06-18 13:27:47.637616,333.25,1065164.0,1081629.0
2025-06-18 13:27:47.744850,333.25,1065164.0,1081629.0
2025-06-18 13:27:49.740442,333.2,1065164.0,1081629.0
2025-06-18 13:27:50.738169,333.25,1065164.0,1081629.0
2025-06-18 13:27:51.737624,333.25,1065164.0,1081629.0
2025-06-18 13:27:51.940045,333.2,1068610.0,1082078.0
2025-06-18 13:27:52.739565,333.25,1068610.0,1082078.0
2025-06-18 13:27:55.744127,333.2,1068610.0,1082078.0
2025-06-18 13:27:56.341113,333.2,1068415.0,1082062.0
2025-06-18 13:27:56.743856,333.2,1068415.0,1082062.0
2025-06-18 13:27:57.739098,333.25,1068415.0,1082062.0
2025-06-18 13:27:59.738309,333.25,1068415.0,1082062.0
2025-06-18 13:28:00.746743,333.25,1068415.0,1082062.0
2025-06-18 13:28:00.840305,333.35,1068979.0,1083203.0
2025-06-18 13:28:01.749046,333.35,1068979.0,1083203.0
2025-06-18 13:28:02.741072,333.4,1068979.0,1083203.0
2025-06-18 13:28:04.743590,333.4,1068979.0,1083203.0
2025-06-18 13:28:05.651330,333.3,1070537.0,1082459.0
2025-06-18 13:28:05.741236,333.3,1070537.0,1082459.0
2025-06-18 13:28:06.746515,333.3,1070537.0,1082459.0
2025-06-18 13:28:07.740219,333.3,1070537.0,1082459.0
2025-06-18 13:28:10.399968,333.3,1070537.0,1082459.0
2025-06-18 13:28:10.435519,333.25,1070537.0,1082459.0
2025-06-18 13:28:10.440049,333.25,1069618.0,1082737.0
2025-06-18 13:28:10.473805,333.25,1069618.0,1082737.0
2025-06-18 13:28:11.337141,333.25,1069618.0,1082737.0
2025-06-18 13:28:11.737999,333.25,1069618.0,1082737.0
2025-06-18 13:28:12.337378,333.25,1069618.0,1082737.0
2025-06-18 13:28:12.742301,333.3,1069618.0,1082737.0
2025-06-18 13:28:13.274546,333.3,1069618.0,1082737.0
2025-06-18 13:28:14.162626,333.3,1069618.0,1082737.0
2025-06-18 13:28:14.741658,333.3,1069618.0,1082737.0
2025-06-18 13:28:14.766828,333.3,1069544.0,1083177.0
2025-06-18 13:28:15.306014,333.3,1069544.0,1083177.0
2025-06-18 13:28:15.746987,333.25,1069544.0,1083177.0
2025-06-18 13:28:15.891234,333.25,1069544.0,1083177.0
2025-06-18 13:28:16.294179,333.25,1069544.0,1083177.0
2025-06-18 13:28:16.746714,333.25,1069544.0,1083177.0
2025-06-18 13:28:16.794867,333.25,1069544.0,1083177.0
2025-06-18 13:28:17.183080,333.25,1069544.0,1083177.0
2025-06-18 13:28:17.741431,333.3,1069544.0,1083177.0
2025-06-18 13:28:18.073252,333.3,1069544.0,1083177.0
2025-06-18 13:28:18.742916,333.25,1069544.0,1083177.0
2025-06-18 13:28:19.261595,333.25,1068251.0,1083057.0
2025-06-18 13:28:19.331520,333.25,1068251.0,1083057.0
2025-06-18 13:28:20.259526,333.25,1068251.0,1083057.0
2025-06-18 13:28:21.742568,333.3,1068251.0,1083057.0
2025-06-18 13:28:21.756321,333.3,1068251.0,1083057.0
2025-06-18 13:28:22.745529,333.3,1068251.0,1083057.0
2025-06-18 13:28:22.916593,333.3,1068251.0,1083057.0
2025-06-18 13:28:23.566313,333.3,1068729.0,1083295.0
2025-06-18 13:28:24.073969,333.3,1068729.0,1083295.0
2025-06-18 13:28:25.585740,333.3,1068729.0,1083295.0
2025-06-18 13:28:25.747690,333.25,1068729.0,1083295.0
2025-06-18 13:28:27.402477,333.3,1068729.0,1083295.0
2025-06-18 13:28:27.739603,333.3,1068729.0,1083295.0
2025-06-18 13:28:27.874987,333.3,1068110.0,1083476.0
2025-06-18 13:28:30.741472,333.3,1068110.0,1083476.0
2025-06-18 13:28:31.747914,333.3,1068110.0,1083476.0
2025-06-18 13:28:32.270862,333.25,1068660.0,1081957.0
2025-06-18 13:28:32.739637,333.3,1068660.0,1081957.0
2025-06-18 13:28:33.747179,333.3,1068660.0,1081957.0
2025-06-18 13:28:34.737242,333.3,1068660.0,1081957.0
2025-06-18 13:28:35.747761,333.25,1068660.0,1081957.0
2025-06-18 13:28:36.774338,333.2,1067503.0,1082098.0
2025-06-18 13:28:37.746882,333.25,1067503.0,1082098.0
2025-06-18 13:28:39.741121,333.2,1067503.0,1082098.0
2025-06-18 13:28:41.078243,333.25,1067481.0,1083683.0
2025-06-18 13:28:41.766062,333.2,1067481.0,1083683.0
2025-06-18 13:28:43.739919,333.2,1067481.0,1083683.0
2025-06-18 13:28:45.481826,333.2,1063089.0,1083650.0
2025-06-18 13:28:45.791714,333.2,1063089.0,1083650.0
2025-06-18 13:28:47.746815,333.25,1063089.0,1083650.0
2025-06-18 13:28:49.768573,333.2,1063089.0,1083650.0
2025-06-18 13:28:50.080871,333.2,1062413.0,1083613.0
2025-06-18 13:28:51.746665,333.25,1062413.0,1083613.0
2025-06-18 13:28:53.744293,333.4,1062413.0,1083613.0
2025-06-18 13:28:54.583890,333.25,1071277.0,1080065.0
2025-06-18 13:28:55.744394,333.25,1071277.0,1080065.0
2025-06-18 13:28:57.749263,333.35,1071277.0,1080065.0
2025-06-18 13:28:58.990528,333.25,1071230.0,1078399.0
2025-06-18 13:28:59.748038,333.25,1071230.0,1078399.0
2025-06-18 13:29:00.745686,333.25,1071230.0,1078399.0
2025-06-18 13:29:01.739545,333.35,1071230.0,1078399.0
2025-06-18 13:29:02.740647,333.35,1071230.0,1078399.0
2025-06-18 13:29:03.190920,333.35,1070455.0,1078351.0
2025-06-18 13:29:05.767940,333.3,1070455.0,1078351.0
2025-06-18 13:29:06.757428,333.25,1070455.0,1078351.0
2025-06-18 13:29:07.602482,333.35,1069416.0,1081283.0
2025-06-18 13:29:07.766439,333.35,1069416.0,1081283.0
2025-06-18 13:29:08.751222,333.35,1069416.0,1081283.0
2025-06-18 13:29:10.742523,333.35,1069416.0,1081283.0
2025-06-18 13:29:11.745916,333.35,1069416.0,1081283.0
2025-06-18 13:29:12.001343,333.25,1069080.0,1081636.0
2025-06-18 13:29:12.751992,333.25,1069080.0,1081636.0
2025-06-18 13:29:13.740492,333.35,1069080.0,1081636.0
2025-06-18 13:29:14.742603,333.25,1069080.0,1081636.0
2025-06-18 13:29:15.763772,333.25,1069080.0,1081636.0
2025-06-18 13:29:16.418079,333.25,1067466.0,1081348.0
2025-06-18 13:29:16.760344,333.25,1067466.0,1081348.0
2025-06-18 13:29:17.796015,333.35,1067466.0,1081348.0
2025-06-18 13:29:20.181559,333.25,1067466.0,1081348.0
2025-06-18 13:29:20.700033,333.25,1066702.0,1080827.0
2025-06-18 13:29:21.744239,333.35,1066702.0,1080827.0
2025-06-18 13:29:22.776785,333.35,1066702.0,1080827.0
2025-06-18 13:29:24.787576,333.35,1066702.0,1080827.0
2025-06-18 13:29:25.128661,333.35,1067234.0,1080863.0
2025-06-18 13:29:25.747619,333.25,1067234.0,1080863.0
2025-06-18 13:29:26.782399,333.35,1067234.0,1080863.0
2025-06-18 13:29:27.766335,333.35,1067234.0,1080863.0
2025-06-18 13:29:28.757812,333.2,1067234.0,1080863.0
2025-06-18 13:29:29.501877,333.2,1071429.0,1081224.0
2025-06-18 13:29:29.745481,333.2,1071429.0,1081224.0
2025-06-18 13:29:31.746326,333.25,1071429.0,1081224.0
2025-06-18 13:29:32.762771,333.35,1071429.0,1081224.0
2025-06-18 13:29:33.761183,333.35,1071429.0,1081224.0
2025-06-18 13:29:34.053004,333.35,1073624.0,1076527.0
2025-06-18 13:29:35.749843,333.35,1073624.0,1076527.0
2025-06-18 13:29:36.743518,333.35,1073624.0,1076527.0
2025-06-18 13:29:37.765996,333.35,1073624.0,1076527.0
2025-06-18 13:29:38.607857,333.35,1069374.0,1076522.0
2025-06-18 13:29:39.742468,333.4,1069374.0,1076522.0
2025-06-18 13:29:40.745554,333.4,1069374.0,1076522.0
2025-06-18 13:29:41.909733,333.4,1069374.0,1076522.0
2025-06-18 13:29:42.795867,333.35,1069374.0,1076522.0
2025-06-18 13:29:43.009298,333.35,1061579.0,1076947.0
2025-06-18 13:29:44.743980,333.35,1061579.0,1076947.0
2025-06-18 13:29:47.428829,333.35,1061579.0,1076947.0
2025-06-18 13:29:47.442161,333.3,1061579.0,1076947.0
2025-06-18 13:29:47.611831,333.25,1059063.0,1077357.0
2025-06-18 13:29:47.794317,333.25,1059063.0,1077357.0
2025-06-18 13:29:48.746081,333.25,1059063.0,1077357.0
2025-06-18 13:29:49.745900,333.25,1059063.0,1077357.0
2025-06-18 13:29:50.746129,333.3,1059063.0,1077357.0
2025-06-18 13:29:51.755294,333.25,1059063.0,1077357.0
2025-06-18 13:29:52.017083,333.25,1061527.0,1076682.0
2025-06-18 13:29:52.749111,333.2,1061527.0,1076682.0
2025-06-18 13:29:53.747930,333.2,1061527.0,1076682.0
2025-06-18 13:29:55.762968,333.2,1061527.0,1076682.0
2025-06-18 13:29:56.526234,333.25,1066511.0,1078597.0
2025-06-18 13:29:56.750970,333.25,1066511.0,1078597.0
2025-06-18 13:29:58.796999,333.2,1066511.0,1078597.0
2025-06-18 13:30:00.757082,333.25,1066511.0,1078597.0
2025-06-18 13:30:01.128375,333.3,1065683.0,1079755.0
2025-06-18 13:30:03.799733,333.3,1065683.0,1079755.0
2025-06-18 13:30:04.770024,333.3,1065683.0,1079755.0
2025-06-18 13:30:05.752768,333.25,1065683.0,1079755.0
2025-06-18 13:30:05.828676,333.25,1063799.0,1080727.0
2025-06-18 13:30:07.755913,333.25,1063799.0,1080727.0
2025-06-18 13:30:09.942005,333.2,1063799.0,1080727.0
2025-06-18 13:30:10.337641,333.2,1064788.0,1081933.0
2025-06-18 13:30:11.750443,333.25,1064788.0,1081933.0
2025-06-18 13:30:13.749624,333.2,1064788.0,1081933.0
2025-06-18 13:30:15.038594,333.2,1065641.0,1081716.0
2025-06-18 13:30:15.775891,333.2,1065641.0,1081716.0
2025-06-18 13:30:20.415273,333.2,1065641.0,1081716.0
2025-06-18 13:30:20.450331,333.2,1064771.0,1081253.0
2025-06-18 13:30:20.453967,333.2,1064771.0,1081253.0
2025-06-18 13:30:21.753119,333.25,1064771.0,1081253.0
2025-06-18 13:30:23.776536,333.25,1064771.0,1081253.0
2025-06-18 13:30:23.946038,333.25,1065905.0,1080356.0
2025-06-18 13:30:25.773858,333.2,1065905.0,1080356.0
2025-06-18 13:30:27.770641,333.25,1065905.0,1080356.0
2025-06-18 13:30:28.267366,333.25,1066167.0,1079814.0
2025-06-18 13:30:31.761734,333.25,1066167.0,1079814.0
2025-06-18 13:30:33.153315,333.25,1066459.0,1080138.0
2025-06-18 13:30:33.765095,333.25,1066459.0,1080138.0
2025-06-18 13:30:35.760321,333.2,1066459.0,1080138.0
2025-06-18 13:30:37.756453,333.25,1066459.0,1080138.0
2025-06-18 13:30:37.771584,333.25,1067259.0,1080520.0
2025-06-18 13:30:39.758825,333.25,1067259.0,1080520.0
2025-06-18 13:30:41.758070,333.3,1067259.0,1080520.0
2025-06-18 13:30:42.460690,333.25,1065360.0,1079066.0
2025-06-18 13:30:43.806787,333.25,1065360.0,1079066.0
2025-06-18 13:30:45.776315,333.25,1065360.0,1079066.0
2025-06-18 13:30:47.071872,333.25,1068604.0,1079067.0
2025-06-18 13:30:47.770701,333.3,1068604.0,1079067.0
2025-06-18 13:30:51.360618,333.3,1066956.0,1079275.0
2025-06-18 13:30:51.756655,333.3,1066956.0,1079275.0
2025-06-18 13:30:53.760215,333.3,1066956.0,1079275.0
2025-06-18 13:30:55.759999,333.25,1066956.0,1079275.0
2025-06-18 13:30:55.865203,333.25,1066189.0,1079269.0
2025-06-18 13:30:57.758571,333.3,1066189.0,1079269.0
2025-06-18 13:31:00.067461,333.3,1067719.0,1078120.0
2025-06-18 13:31:01.757493,333.3,1067719.0,1078120.0
2025-06-18 13:31:03.755621,333.3,1067719.0,1078120.0
2025-06-18 13:31:04.870018,333.3,1067259.0,1078271.0
2025-06-18 13:31:05.761050,333.3,1067259.0,1078271.0
2025-06-18 13:31:07.876304,333.3,1067259.0,1078271.0
2025-06-18 13:31:09.724533,333.3,1067259.0,1078271.0
2025-06-18 13:31:09.890224,333.3,1067135.0,1079559.0
2025-06-18 13:31:10.803946,333.3,1067135.0,1079559.0
2025-06-18 13:31:11.776180,333.25,1067135.0,1079559.0
2025-06-18 13:31:11.782235,333.25,1067135.0,1079559.0
2025-06-18 13:31:12.783888,333.25,1067135.0,1079559.0
2025-06-18 13:31:13.708286,333.25,1067135.0,1079559.0
2025-06-18 13:31:13.758408,333.2,1067135.0,1079559.0
2025-06-18 13:31:14.276029,333.2,1066716.0,1079620.0
2025-06-18 13:31:14.600327,333.2,1066716.0,1079620.0
2025-06-18 13:31:15.750799,333.2,1066716.0,1079620.0
2025-06-18 13:31:15.775773,333.2,1066716.0,1079620.0
2025-06-18 13:31:16.333156,333.2,1066716.0,1079620.0
2025-06-18 13:31:20.036196,333.2,1066716.0,1079620.0
2025-06-18 13:31:20.055333,333.25,1066716.0,1079620.0
2025-06-18 13:31:20.065122,333.25,1066716.0,1079620.0
2025-06-18 13:31:20.097283,333.2,1066911.0,1079919.0
2025-06-18 13:31:20.105064,333.2,1066911.0,1079919.0
2025-06-18 13:31:20.144061,333.2,1066911.0,1079919.0
2025-06-18 13:31:20.692343,333.2,1066911.0,1079919.0
2025-06-18 13:31:20.755911,333.2,1066911.0,1079919.0
2025-06-18 13:31:21.765414,333.2,1066911.0,1079919.0
2025-06-18 13:31:22.263665,333.2,1066911.0,1079919.0
2025-06-18 13:31:22.761876,333.25,1066911.0,1079919.0
2025-06-18 13:31:23.430621,333.25,1066911.0,1079919.0
2025-06-18 13:31:23.880052,333.25,1067660.0,1080367.0
2025-06-18 13:31:24.569078,333.25,1067660.0,1080367.0
2025-06-18 13:31:25.803879,333.2,1067660.0,1080367.0
2025-06-18 13:31:26.080690,333.2,1067660.0,1080367.0
2025-06-18 13:31:30.783993,333.2,1067660.0,1080367.0
2025-06-18 13:31:30.823721,333.25,1066686.0,1080803.0
2025-06-18 13:31:30.848302,333.25,1066686.0,1080803.0
2025-06-18 13:31:30.880190,333.25,1066686.0,1080803.0
2025-06-18 13:31:32.764458,333.25,1066686.0,1080803.0
2025-06-18 13:31:33.092279,333.15,1051115.0,1085747.0
2025-06-18 13:31:34.785455,333.25,1051115.0,1085747.0
2025-06-18 13:31:36.811800,333.15,1051115.0,1085747.0
2025-06-18 13:31:38.208896,333.15,1052740.0,1085772.0
2025-06-18 13:31:38.774509,333.15,1052740.0,1085772.0
2025-06-18 13:31:42.756841,333.15,1052740.0,1085772.0
2025-06-18 13:31:43.296270,333.15,1054665.0,1083830.0
2025-06-18 13:31:46.764518,333.15,1054665.0,1083830.0
2025-06-18 13:31:47.909852,333.2,1053712.0,1083799.0
2025-06-18 13:31:48.763932,333.2,1053712.0,1083799.0
2025-06-18 13:31:52.210682,333.15,1054534.0,1083958.0
2025-06-18 13:31:52.766021,333.2,1054534.0,1083958.0
2025-06-18 13:31:56.762448,333.4,1054534.0,1083958.0
2025-06-18 13:31:56.919195,333.25,1060892.0,1075662.0
2025-06-18 13:31:58.777320,333.25,1060892.0,1075662.0
2025-06-18 13:32:00.761305,333.3,1060892.0,1075662.0
2025-06-18 13:32:02.022639,333.25,1056979.0,1075102.0
2025-06-18 13:32:02.790371,333.3,1056979.0,1075102.0
2025-06-18 13:32:04.801337,333.25,1056979.0,1075102.0
2025-06-18 13:32:06.757805,333.25,1056979.0,1075102.0
2025-06-18 13:32:07.209276,333.3,1059622.0,1073607.0
2025-06-18 13:32:08.761349,333.3,1059622.0,1073607.0
2025-06-18 13:32:10.758348,333.35,1059622.0,1073607.0
2025-06-18 13:32:12.214013,333.35,1061146.0,1068415.0
2025-06-18 13:32:12.762783,333.35,1061146.0,1068415.0
2025-06-18 13:32:14.885938,333.5,1061146.0,1068415.0
2025-06-18 13:32:16.780575,333.5,1061146.0,1068415.0
2025-06-18 13:32:17.219048,333.35,1058284.0,1059577.0
2025-06-18 13:32:18.771989,333.4,1058284.0,1059577.0
2025-06-18 13:32:20.758661,333.35,1058284.0,1059577.0
2025-06-18 13:32:22.019926,333.35,1060791.0,1060188.0
2025-06-18 13:32:22.761636,333.4,1060791.0,1060188.0
2025-06-18 13:32:24.820601,333.35,1060791.0,1060188.0
2025-06-18 13:32:26.439154,333.35,1059995.0,1060097.0
2025-06-18 13:32:26.780209,333.35,1059995.0,1060097.0
2025-06-18 13:32:28.771698,333.4,1059995.0,1060097.0
2025-06-18 13:32:30.760532,333.35,1059995.0,1060097.0
2025-06-18 13:32:31.325085,333.35,1060288.0,1059908.0
2025-06-18 13:32:32.827877,333.4,1060288.0,1059908.0
2025-06-18 13:32:34.758681,333.5,1060288.0,1059908.0
2025-06-18 13:32:35.928440,333.4,1062078.0,1060587.0
2025-06-18 13:32:36.766521,333.5,1062078.0,1060587.0
2025-06-18 13:32:38.752356,333.5,1062078.0,1060587.0
2025-06-18 13:32:40.635117,333.5,1060024.0,1060039.0
2025-06-18 13:32:42.756246,333.4,1060024.0,1060039.0
2025-06-18 13:32:44.764685,333.4,1060024.0,1060039.0
2025-06-18 13:32:44.931976,333.4,1059985.0,1060011.0
2025-06-18 13:32:46.780685,333.4,1059985.0,1060011.0
2025-06-18 13:32:48.753931,333.35,1059985.0,1060011.0
2025-06-18 13:32:49.332327,333.35,1061649.0,1060412.0
2025-06-18 13:32:50.792801,333.4,1061649.0,1060412.0
2025-06-18 13:32:52.787815,333.5,1061649.0,1060412.0
2025-06-18 13:32:54.091057,333.4,1060410.0,1061411.0
2025-06-18 13:32:54.810129,333.4,1060410.0,1061411.0
2025-06-18 13:32:56.796594,333.4,1060410.0,1061411.0
2025-06-18 13:32:58.759338,333.45,1060609.0,1056611.0
2025-06-18 13:32:58.815225,333.45,1060609.0,1056611.0
2025-06-18 13:33:00.796898,333.35,1060609.0,1056611.0
2025-06-18 13:33:02.772278,333.45,1060609.0,1056611.0
2025-06-18 13:33:03.163178,333.45,1059803.0,1056466.0
2025-06-18 13:33:06.805871,333.55,1059803.0,1056466.0
2025-06-18 13:33:07.865086,333.45,1062248.0,1058163.0
2025-06-18 13:33:08.778898,333.45,1062248.0,1058163.0
2025-06-18 13:33:10.762256,333.55,1062248.0,1058163.0
2025-06-18 13:33:12.404022,333.55,1061168.0,1058393.0
2025-06-18 13:33:12.772832,333.55,1061168.0,1058393.0
2025-06-18 13:33:16.785225,333.55,1061168.0,1058393.0
2025-06-18 13:33:16.785878,333.55,1060428.0,1058428.0
2025-06-18 13:33:18.754692,333.45,1060428.0,1058428.0
2025-06-18 13:33:20.758013,333.5,1060428.0,1058428.0
2025-06-18 13:33:21.255264,333.5,1060523.0,1058889.0
2025-06-18 13:33:22.755436,333.5,1060523.0,1058889.0
2025-06-18 13:33:24.755699,333.5,1060523.0,1058889.0
2025-06-18 13:33:25.655353,333.45,1060631.0,1058576.0
2025-06-18 13:33:26.800924,333.45,1060631.0,1058576.0
2025-06-18 13:33:28.787559,333.45,1060631.0,1058576.0
2025-06-18 13:33:30.158818,333.45,1059883.0,1059246.0
2025-06-18 13:33:32.778685,333.45,1059883.0,1059246.0
2025-06-18 13:33:34.559458,333.45,1060890.0,1059706.0
2025-06-18 13:33:34.760493,333.45,1060890.0,1059706.0
2025-06-18 13:33:36.788545,333.35,1060890.0,1059706.0
2025-06-18 13:33:38.780659,333.45,1060890.0,1059706.0
2025-06-18 13:33:38.980587,333.45,1059922.0,1059520.0
2025-06-18 13:33:40.756348,333.45,1059922.0,1059520.0
2025-06-18 13:33:42.758761,333.55,1059922.0,1059520.0
2025-06-18 13:33:43.365467,333.55,1059577.0,1061781.0
2025-06-18 13:33:44.759400,333.55,1059577.0,1061781.0
2025-06-18 13:33:46.786466,333.45,1059577.0,1061781.0
2025-06-18 13:33:48.167094,333.45,1056176.0,1066897.0
2025-06-18 13:33:50.864574,333.35,1056176.0,1066897.0
2025-06-18 13:33:50.907400,333.35,1056176.0,1066897.0
2025-06-18 13:33:52.765783,333.45,1056176.0,1066897.0
2025-06-18 13:33:52.967716,333.45,1057048.0,1069028.0
2025-06-18 13:33:56.782487,333.35,1057048.0,1069028.0
2025-06-18 13:33:57.587233,333.3,1054011.0,1067625.0
2025-06-18 13:33:58.775755,333.35,1054011.0,1067625.0
2025-06-18 13:34:00.766088,333.3,1054011.0,1067625.0
2025-06-18 13:34:01.973503,333.35,1057559.0,1067138.0
2025-06-18 13:34:02.760933,333.35,1057559.0,1067138.0
2025-06-18 13:34:04.758069,333.35,1057559.0,1067138.0
2025-06-18 13:34:06.577369,333.4,1056605.0,1064789.0
2025-06-18 13:34:06.764713,333.4,1056605.0,1064789.0
2025-06-18 13:34:08.766488,333.4,1056605.0,1064789.0
2025-06-18 13:34:10.176319,333.4,1056605.0,1064789.0
2025-06-18 13:34:10.762883,333.4,1056605.0,1064789.0
2025-06-18 13:34:11.080726,333.4,1054504.0,1065354.0
2025-06-18 13:34:11.287974,333.4,1054504.0,1065354.0
2025-06-18 13:34:12.270501,333.4,1054504.0,1065354.0
2025-06-18 13:34:12.764260,333.4,1054504.0,1065354.0
2025-06-18 13:34:13.270314,333.4,1054504.0,1065354.0
2025-06-18 13:34:14.215738,333.4,1054504.0,1065354.0
2025-06-18 13:34:15.092342,333.4,1054504.0,1065354.0
2025-06-18 13:34:15.383290,333.4,1056346.0,1065231.0
2025-06-18 13:34:16.253153,333.4,1056346.0,1065231.0
2025-06-18 13:34:16.761569,333.35,1056346.0,1065231.0
2025-06-18 13:34:16.826187,333.35,1056346.0,1065231.0
2025-06-18 13:34:17.244438,333.35,1056346.0,1065231.0
2025-06-18 13:34:18.126602,333.35,1056346.0,1065231.0
2025-06-18 13:34:18.763258,333.3,1056346.0,1065231.0
2025-06-18 13:34:19.013097,333.3,1056346.0,1065231.0
2025-06-18 13:34:19.831187,333.3,1052626.0,1066252.0
2025-06-18 13:34:20.290365,333.3,1052626.0,1066252.0
2025-06-18 13:34:20.822936,333.3,1052626.0,1066252.0
2025-06-18 13:34:21.166151,333.3,1052626.0,1066252.0
2025-06-18 13:34:22.572580,333.3,1052626.0,1066252.0
2025-06-18 13:34:22.789783,333.35,1052626.0,1066252.0
2025-06-18 13:34:23.866094,333.35,1052626.0,1066252.0
2025-06-18 13:34:24.222936,333.35,1053819.0,1066832.0
2025-06-18 13:34:24.785512,333.4,1053819.0,1066832.0
2025-06-18 13:34:25.015885,333.4,1053819.0,1066832.0
2025-06-18 13:34:26.526475,333.4,1053819.0,1066832.0
2025-06-18 13:34:26.772455,333.3,1053819.0,1066832.0
2025-06-18 13:34:28.770852,333.3,1053819.0,1066832.0
2025-06-18 13:34:28.995542,333.3,1052086.0,1068056.0
2025-06-18 13:34:30.763163,333.3,1052086.0,1068056.0
2025-06-18 13:34:32.807051,333.35,1052086.0,1068056.0
2025-06-18 13:34:33.395463,333.35,1039985.0,1068374.0
2025-06-18 13:34:34.761263,333.35,1039985.0,1068374.0
2025-06-18 13:34:36.798667,333.25,1039985.0,1068374.0
2025-06-18 13:34:37.898504,333.35,1042992.0,1066635.0
2025-06-18 13:34:38.767969,333.35,1042992.0,1066635.0
2025-06-18 13:34:40.770566,333.35,1042992.0,1066635.0
2025-06-18 13:34:42.698641,333.35,1041930.0,1067022.0
2025-06-18 13:34:42.769288,333.35,1041930.0,1067022.0
2025-06-18 13:34:44.816686,333.3,1041930.0,1067022.0
2025-06-18 13:34:46.780176,333.3,1041930.0,1067022.0
2025-06-18 13:34:47.122499,333.3,1038664.0,1066724.0
2025-06-18 13:34:48.779565,333.35,1038664.0,1066724.0
2025-06-18 13:34:51.506327,333.35,1039529.0,1066570.0
2025-06-18 13:34:52.763714,333.35,1039529.0,1066570.0
2025-06-18 13:34:55.606044,333.3,1038265.0,1066482.0
2025-06-18 13:34:56.763646,333.25,1038265.0,1066482.0
2025-06-18 13:34:58.761065,333.25,1038265.0,1066482.0
2025-06-18 13:35:00.209308,333.35,1040098.0,1066260.0
2025-06-18 13:35:00.768571,333.35,1040098.0,1066260.0
2025-06-18 13:35:02.762768,333.3,1040098.0,1066260.0
2025-06-18 13:35:04.762890,333.3,1040098.0,1066260.0
2025-06-18 13:35:05.110713,333.35,1068344.0,1067332.0
2025-06-18 13:35:06.797883,333.25,1068344.0,1067332.0
2025-06-18 13:35:08.790988,333.25,1068344.0,1067332.0
2025-06-18 13:35:10.073415,333.3,1069354.0,1067471.0
2025-06-18 13:35:10.770776,333.25,1069354.0,1067471.0
2025-06-18 13:35:12.832480,333.3,1069354.0,1067471.0
2025-06-18 13:35:14.739570,333.3,1074560.0,1066726.0
2025-06-18 13:35:14.791115,333.3,1074560.0,1066726.0
2025-06-18 13:35:16.768165,333.3,1074560.0,1066726.0
2025-06-18 13:35:18.766108,333.3,1074560.0,1066726.0
2025-06-18 13:35:19.432942,333.25,1071457.0,1067261.0
2025-06-18 13:35:20.767412,333.25,1071457.0,1067261.0
2025-06-18 13:35:22.771012,333.35,1071457.0,1067261.0
2025-06-18 13:35:24.222253,333.3,1071039.0,1067403.0
2025-06-18 13:35:24.767493,333.3,1071039.0,1067403.0
2025-06-18 13:35:26.765549,333.35,1071039.0,1067403.0
2025-06-18 13:35:28.767175,333.3,1071039.0,1067403.0
2025-06-18 13:35:28.824797,333.3,1078275.0,1063976.0
2025-06-18 13:35:30.777208,333.35,1078275.0,1063976.0
2025-06-18 13:35:32.768742,333.35,1078275.0,1063976.0
2025-06-18 13:35:33.330420,333.35,1074735.0,1063894.0
2025-06-18 13:35:34.819466,333.45,1074735.0,1063894.0
2025-06-18 13:35:37.014617,333.45,1074735.0,1063894.0
2025-06-18 13:35:38.078644,333.45,1078748.0,1065875.0
2025-06-18 13:35:38.886026,333.45,1078748.0,1065875.0
2025-06-18 13:35:40.812963,333.25,1078748.0,1065875.0
2025-06-18 13:35:42.736514,333.35,1077685.0,1066107.0
2025-06-18 13:35:42.771417,333.35,1077685.0,1066107.0
2025-06-18 13:35:44.761432,333.35,1077685.0,1066107.0
2025-06-18 13:35:45.777236,333.3,1077685.0,1066107.0
2025-06-18 13:35:46.765626,333.35,1077685.0,1066107.0
2025-06-18 13:35:47.215498,333.3,1077072.0,1067238.0
2025-06-18 13:35:47.767102,333.35,1077072.0,1067238.0
2025-06-18 13:35:48.783651,333.35,1077072.0,1067238.0
2025-06-18 13:35:50.761513,333.3,1077072.0,1067238.0
2025-06-18 13:35:51.543822,333.3,1077254.0,1066962.0
2025-06-18 13:35:52.766831,333.35,1077254.0,1066962.0
2025-06-18 13:35:54.759657,333.35,1077254.0,1066962.0
2025-06-18 13:35:55.764524,333.3,1077254.0,1066962.0
2025-06-18 13:35:56.050112,333.3,1075728.0,1068576.0
2025-06-18 13:35:56.757812,333.35,1075728.0,1068576.0
2025-06-18 13:35:57.764669,333.35,1075728.0,1068576.0
2025-06-18 13:35:58.760897,333.3,1075728.0,1068576.0
2025-06-18 13:35:59.798073,333.25,1075728.0,1068576.0
2025-06-18 13:36:00.845856,333.3,1075728.0,1068576.0
2025-06-18 13:36:01.224597,333.3,1077149.0,1069587.0
2025-06-18 13:36:02.843256,333.3,1077149.0,1069587.0
2025-06-18 13:36:05.067346,333.3,1077149.0,1069587.0
2025-06-18 13:36:05.786686,333.3,1077149.0,1069587.0
2025-06-18 13:36:06.158234,333.3,1082634.0,1069275.0
2025-06-18 13:36:06.771809,333.35,1082634.0,1069275.0
2025-06-18 13:36:07.763592,333.35,1082634.0,1069275.0
2025-06-18 13:36:10.770078,333.3,1082634.0,1069275.0
2025-06-18 13:36:11.060142,333.3,1078713.0,1069362.0
2025-06-18 13:36:11.769438,333.35,1078713.0,1069362.0
2025-06-18 13:36:12.767712,333.3,1078713.0,1069362.0
2025-06-18 13:36:15.464342,333.35,1080960.0,1068913.0
2025-06-18 13:36:15.767588,333.3,1080960.0,1068913.0
2025-06-18 13:36:16.768867,333.35,1080960.0,1068913.0
2025-06-18 13:36:17.764189,333.35,1080960.0,1068913.0
2025-06-18 13:36:18.778556,333.3,1080960.0,1068913.0
2025-06-18 13:36:20.938944,333.3,1080960.0,1068913.0
2025-06-18 13:36:20.943656,333.3,1078048.0,1069386.0
2025-06-18 13:36:20.968167,333.3,1078048.0,1069386.0
2025-06-18 13:36:22.771510,333.35,1078048.0,1069386.0
2025-06-18 13:36:24.172831,333.35,1078731.0,1068949.0
2025-06-18 13:36:24.770595,333.3,1078731.0,1068949.0
2025-06-18 13:36:25.791269,333.3,1078731.0,1068949.0
2025-06-18 13:36:26.786186,333.3,1078731.0,1068949.0
2025-06-18 13:36:27.765978,333.35,1078731.0,1068949.0
2025-06-18 13:36:28.591246,333.35,1078909.0,1069126.0
2025-06-18 13:36:32.781612,333.35,1078909.0,1069126.0
2025-06-18 13:36:32.976954,333.35,1079066.0,1071290.0
2025-06-18 13:36:33.767803,333.35,1079066.0,1071290.0
2025-06-18 13:36:34.762907,333.35,1079066.0,1071290.0
2025-06-18 13:36:35.796288,333.3,1079066.0,1071290.0
2025-06-18 13:36:36.769021,333.3,1079066.0,1071290.0
2025-06-18 13:36:37.680595,333.35,1080389.0,1071125.0
2025-06-18 13:36:37.770149,333.35,1080389.0,1071125.0
2025-06-18 13:36:38.776697,333.3,1080389.0,1071125.0
2025-06-18 13:36:41.772457,333.3,1080389.0,1071125.0
2025-06-18 13:36:42.779785,333.35,1080389.0,1071125.0
2025-06-18 13:36:42.785467,333.35,1077233.0,1071006.0
2025-06-18 13:36:45.781345,333.3,1077233.0,1071006.0
2025-06-18 13:36:46.795946,333.35,1077233.0,1071006.0
2025-06-18 13:36:47.485772,333.35,1076660.0,1070947.0
2025-06-18 13:36:47.797300,333.35,1076660.0,1070947.0
2025-06-18 13:36:50.809920,333.3,1076660.0,1070947.0
2025-06-18 13:36:52.148581,333.45,1078733.0,1069829.0
2025-06-18 13:36:52.802216,333.45,1078733.0,1069829.0
2025-06-18 13:36:55.799694,333.35,1078733.0,1069829.0
2025-06-18 13:36:56.590244,333.35,1078071.0,1070896.0
2025-06-18 13:36:56.771692,333.35,1078071.0,1070896.0
2025-06-18 13:36:57.798187,333.45,1078071.0,1070896.0
2025-06-18 13:37:00.904556,333.4,1078071.0,1070896.0
2025-06-18 13:37:00.991993,333.4,1079092.0,1069917.0
2025-06-18 13:37:01.844700,333.4,1079092.0,1069917.0
2025-06-18 13:37:02.775573,333.5,1079092.0,1069917.0
2025-06-18 13:37:05.781262,333.4,1079092.0,1069917.0
2025-06-18 13:37:06.021149,333.4,1084466.0,1059106.0
2025-06-18 13:37:06.773186,333.4,1084466.0,1059106.0
2025-06-18 13:37:07.771878,333.5,1084466.0,1059106.0
2025-06-18 13:37:09.764564,333.5,1084466.0,1059106.0
2025-06-18 13:37:10.714808,333.5,1084466.0,1059106.0
2025-06-18 13:37:10.774288,333.5,1084466.0,1059106.0
2025-06-18 13:37:10.798178,333.5,1082310.0,1060653.0
2025-06-18 13:37:11.832659,333.5,1082310.0,1060653.0
2025-06-18 13:37:12.780059,333.45,1082310.0,1060653.0
2025-06-18 13:37:12.818355,333.45,1082310.0,1060653.0
2025-06-18 13:37:13.772144,333.45,1082310.0,1060653.0
2025-06-18 13:37:13.824529,333.45,1082310.0,1060653.0
2025-06-18 13:37:14.804757,333.45,1082310.0,1060653.0
2025-06-18 13:37:15.426966,333.5,1080044.0,1056370.0
2025-06-18 13:37:15.660386,333.5,1080044.0,1056370.0
2025-06-18 13:37:15.799270,333.45,1080044.0,1056370.0
2025-06-18 13:37:16.796896,333.45,1080044.0,1056370.0
2025-06-18 13:37:16.850980,333.45,1080044.0,1056370.0
2025-06-18 13:37:17.448271,333.45,1080044.0,1056370.0
2025-06-18 13:37:17.792231,333.5,1080044.0,1056370.0
2025-06-18 13:37:17.840562,333.5,1080044.0,1056370.0
2025-06-18 13:37:18.340385,333.5,1080044.0,1056370.0
2025-06-18 13:37:18.830473,333.45,1080044.0,1056370.0
2025-06-18 13:37:19.619157,333.45,1080044.0,1056370.0
2025-06-18 13:37:19.767135,333.45,1080044.0,1056370.0
2025-06-18 13:37:19.907696,333.45,1078037.0,1057046.0
2025-06-18 13:37:20.799896,333.45,1078037.0,1057046.0
2025-06-18 13:37:20.864599,333.45,1078037.0,1057046.0
2025-06-18 13:37:21.748112,333.45,1078037.0,1057046.0
2025-06-18 13:37:21.782462,333.4,1078037.0,1057046.0
2025-06-18 13:37:22.777219,333.5,1078037.0,1057046.0
2025-06-18 13:37:23.165757,333.5,1078037.0,1057046.0
2025-06-18 13:37:23.780066,333.5,1078037.0,1057046.0
2025-06-18 13:37:24.305316,333.5,1078037.0,1057046.0
2025-06-18 13:37:24.706482,333.5,1077172.0,1057935.0
2025-06-18 13:37:24.772986,333.5,1077172.0,1057935.0
2025-06-18 13:37:25.635842,333.5,1077172.0,1057935.0
2025-06-18 13:37:25.779076,333.4,1077172.0,1057935.0
2025-06-18 13:37:26.778830,333.4,1077172.0,1057935.0
2025-06-18 13:37:27.147468,333.4,1077172.0,1057935.0
2025-06-18 13:37:27.771129,333.5,1077172.0,1057935.0
2025-06-18 13:37:29.012436,333.5,1076968.0,1058180.0
2025-06-18 13:37:32.778628,333.5,1076968.0,1058180.0
2025-06-18 13:37:33.422170,333.5,1077186.0,1058219.0
2025-06-18 13:37:33.780173,333.5,1077186.0,1058219.0
2025-06-18 13:37:35.782123,333.4,1077186.0,1058219.0
2025-06-18 13:37:36.776141,333.4,1077186.0,1058219.0
2025-06-18 13:37:37.775277,333.5,1077186.0,1058219.0
2025-06-18 13:37:38.117649,333.5,1077211.0,1058371.0
2025-06-18 13:37:38.773055,333.45,1077211.0,1058371.0
2025-06-18 13:37:39.840067,333.5,1077211.0,1058371.0
2025-06-18 13:37:42.795760,333.5,1077211.0,1058371.0
2025-06-18 13:37:43.341439,333.5,1078088.0,1056865.0
2025-06-18 13:37:44.812675,333.5,1078088.0,1056865.0
2025-06-18 13:37:45.784727,333.45,1078088.0,1056865.0
2025-06-18 13:37:46.789734,333.4,1078088.0,1056865.0
2025-06-18 13:37:47.810275,333.5,1078088.0,1056865.0
2025-06-18 13:37:48.697338,333.5,1077454.0,1057347.0
2025-06-18 13:37:48.782656,333.5,1077454.0,1057347.0
2025-06-18 13:37:50.987215,333.4,1077454.0,1057347.0
2025-06-18 13:37:51.779267,333.4,1077454.0,1057347.0
2025-06-18 13:37:52.788694,333.5,1077454.0,1057347.0
2025-06-18 13:37:53.423482,333.5,1076450.0,1057437.0
2025-06-18 13:37:55.778964,333.4,1076450.0,1057437.0
2025-06-18 13:37:56.771164,333.4,1076450.0,1057437.0
2025-06-18 13:37:59.977616,333.4,1075045.0,1057794.0
2025-06-18 13:38:00.015225,333.4,1075045.0,1057794.0
2025-06-18 13:38:00.043094,333.5,1075045.0,1057794.0
2025-06-18 13:38:00.076439,333.45,1075045.0,1057794.0
2025-06-18 13:38:00.778617,333.45,1075045.0,1057794.0
2025-06-18 13:38:01.781114,333.45,1075045.0,1057794.0
2025-06-18 13:38:01.943621,333.45,1076845.0,1056566.0
2025-06-18 13:38:02.778625,333.45,1076845.0,1056566.0
2025-06-18 13:38:03.778666,333.45,1076845.0,1056566.0
2025-06-18 13:38:04.817841,333.45,1076845.0,1056566.0
2025-06-18 13:38:05.849923,333.45,1076845.0,1056566.0
2025-06-18 13:38:06.744086,333.5,1078290.0,1056256.0
2025-06-18 13:38:06.795148,333.4,1078290.0,1056256.0
2025-06-18 13:38:07.890695,333.5,1078290.0,1056256.0
2025-06-18 13:38:08.919930,333.55,1078290.0,1056256.0
2025-06-18 13:38:10.073269,333.45,1078290.0,1056256.0
2025-06-18 13:38:11.560502,333.45,1079747.0,1052639.0
2025-06-18 13:38:12.806139,333.55,1079747.0,1052639.0
2025-06-18 13:38:14.770260,333.55,1079747.0,1052639.0
2025-06-18 13:38:15.811432,333.55,1079747.0,1052639.0
2025-06-18 13:38:16.040409,333.45,1081144.0,1053273.0
2025-06-18 13:38:16.776444,333.45,1081144.0,1053273.0
2025-06-18 13:38:17.776975,333.55,1081144.0,1053273.0
2025-06-18 13:38:18.778871,333.5,1081144.0,1053273.0
2025-06-18 13:38:19.768495,333.45,1081144.0,1053273.0
2025-06-18 13:38:20.450583,333.45,1080598.0,1054014.0
2025-06-18 13:38:20.785766,333.45,1080598.0,1054014.0
2025-06-18 13:38:21.778616,333.55,1080598.0,1054014.0
2025-06-18 13:38:22.779054,333.45,1080598.0,1054014.0
2025-06-18 13:38:24.839368,333.45,1079890.0,1055793.0
2025-06-18 13:38:25.781353,333.45,1079890.0,1055793.0
2025-06-18 13:38:26.779280,333.45,1079890.0,1055793.0
2025-06-18 13:38:27.778154,333.55,1079890.0,1055793.0
2025-06-18 13:38:29.456100,333.55,1082846.0,1055599.0
2025-06-18 13:38:32.794516,333.55,1082846.0,1055599.0
2025-06-18 13:38:33.808979,333.55,1082846.0,1055599.0
2025-06-18 13:38:34.065232,333.55,1082846.0,1054093.0
2025-06-18 13:38:34.774122,333.55,1082846.0,1054093.0
2025-06-18 13:38:35.784781,333.5,1082846.0,1054093.0
2025-06-18 13:38:36.775941,333.5,1082846.0,1054093.0
2025-06-18 13:38:37.774592,333.55,1082846.0,1054093.0
2025-06-18 13:38:38.750000,333.5,1081297.0,1054884.0
2025-06-18 13:38:38.778938,333.5,1081297.0,1054884.0
2025-06-18 13:38:39.777988,333.5,1081297.0,1054884.0
2025-06-18 13:38:40.781322,333.55,1081297.0,1054884.0
2025-06-18 13:38:41.775320,333.5,1081297.0,1054884.0
2025-06-18 13:38:42.779671,333.55,1081297.0,1054884.0
2025-06-18 13:38:43.255622,333.55,1082652.0,1054158.0
2025-06-18 13:38:44.775304,333.5,1082652.0,1054158.0
2025-06-18 13:38:45.793419,333.5,1082652.0,1054158.0
2025-06-18 13:38:46.784926,333.5,1082652.0,1054158.0
2025-06-18 13:38:47.653204,333.5,1078305.0,1054317.0
2025-06-18 13:38:47.778132,333.5,1078305.0,1054317.0
2025-06-18 13:38:48.786380,333.55,1078305.0,1054317.0
2025-06-18 13:38:49.781318,333.55,1078305.0,1054317.0
2025-06-18 13:38:50.792028,333.55,1078305.0,1054317.0
2025-06-18 13:38:51.775792,333.55,1078305.0,1054317.0
2025-06-18 13:38:51.962892,333.6,1082666.0,1055409.0
2025-06-18 13:38:52.781086,333.5,1082666.0,1055409.0
2025-06-18 13:38:53.782209,333.5,1082666.0,1055409.0
2025-06-18 13:38:54.785209,333.5,1082666.0,1055409.0
2025-06-18 13:38:56.588152,333.5,1081770.0,1063848.0
2025-06-18 13:38:56.812773,333.5,1081770.0,1063848.0
2025-06-18 13:38:58.794607,333.5,1081770.0,1063848.0
2025-06-18 13:39:00.784103,333.5,1081770.0,1063848.0
2025-06-18 13:39:01.778183,333.5,1081770.0,1063848.0
2025-06-18 13:39:01.867953,333.55,1073065.0,1068317.0
2025-06-18 13:39:02.781266,333.55,1073065.0,1068317.0
2025-06-18 13:39:02.866956,333.55,1072990.0,1068322.0
2025-06-18 13:39:03.867963,333.55,1073055.0,1068116.0
2025-06-18 13:39:04.968604,333.55,1073778.0,1066774.0
2025-06-18 13:39:05.777187,333.5,1073778.0,1066774.0
2025-06-18 13:39:05.970805,333.5,1073055.0,1066632.0
2025-06-18 13:39:06.779350,333.5,1073055.0,1066632.0
2025-06-18 13:39:06.972443,333.5,1072702.0,1067074.0
2025-06-18 13:39:07.785208,333.55,1072702.0,1067074.0
2025-06-18 13:39:07.972696,333.55,1072927.0,1066408.0
2025-06-18 13:39:08.772320,333.5,1072927.0,1066408.0
2025-06-18 13:39:08.876871,333.5,1072674.0,1066637.0
2025-06-18 13:39:09.774542,333.5,1072674.0,1066637.0
2025-06-18 13:39:09.870698,333.5,1073015.0,1066657.0
2025-06-18 13:39:10.777231,333.5,1073015.0,1066657.0
2025-06-18 13:39:10.876973,333.5,1072839.0,1066571.0
2025-06-18 13:39:11.777213,333.5,1072839.0,1066571.0
2025-06-18 13:39:11.874456,333.55,1072755.0,1066656.0
2025-06-18 13:39:12.776449,333.55,1072755.0,1066656.0
2025-06-18 13:39:12.872721,333.55,1073201.0,1066682.0
2025-06-18 13:39:13.779695,333.5,1073201.0,1066682.0
2025-06-18 13:39:13.873889,333.5,1073781.0,1066707.0
2025-06-18 13:39:14.779503,333.5,1073781.0,1066707.0
2025-06-18 13:39:14.872764,333.5,1073766.0,1066518.0
2025-06-18 13:39:15.778883,333.5,1073766.0,1066518.0
2025-06-18 13:39:15.874434,333.5,1072692.0,1067623.0
2025-06-18 13:39:16.775589,333.5,1072692.0,1067623.0
2025-06-18 13:39:16.874518,333.5,1073021.0,1067902.0
2025-06-18 13:39:17.780283,333.55,1073021.0,1067902.0
2025-06-18 13:39:17.873596,333.55,1073019.0,1067894.0
2025-06-18 13:39:19.387188,333.5,1073019.0,1067894.0
2025-06-18 13:39:19.393959,333.5,1072904.0,1067180.0
2025-06-18 13:39:20.803290,333.5,1072904.0,1067180.0
2025-06-18 13:39:20.808937,333.5,1073238.0,1067172.0
2025-06-18 13:39:20.858554,333.5,1073238.0,1067172.0
2025-06-18 13:39:20.915913,333.5,1075432.0,1066903.0
2025-06-18 13:39:21.992555,333.55,1075456.0,1066899.0
2025-06-18 13:39:22.792681,333.55,1075456.0,1066899.0
2025-06-18 13:39:23.002681,333.55,1074720.0,1066892.0
2025-06-18 13:39:24.201661,333.55,1075159.0,1066110.0
2025-06-18 13:39:24.798090,333.5,1075159.0,1066110.0
2025-06-18 13:39:25.187824,333.55,1074812.0,1065725.0
2025-06-18 13:39:25.778908,333.5,1074812.0,1065725.0
2025-06-18 13:39:26.183892,333.5,1075255.0,1065724.0
2025-06-18 13:39:26.775735,333.5,1075255.0,1065724.0
2025-06-18 13:39:27.187470,333.55,1074750.0,1065711.0
2025-06-18 13:39:27.781514,333.55,1074750.0,1065711.0
2025-06-18 13:39:28.286664,333.55,1074123.0,1065711.0
2025-06-18 13:39:29.388916,333.5,1073853.0,1065691.0
2025-06-18 13:39:29.776710,333.5,1073853.0,1065691.0
2025-06-18 13:39:30.486392,333.55,1074742.0,1065808.0
2025-06-18 13:39:30.777835,333.55,1074742.0,1065808.0
2025-06-18 13:39:31.388180,333.55,1074529.0,1066076.0
2025-06-18 13:39:32.391081,333.55,1073484.0,1065826.0
2025-06-18 13:39:32.801554,333.55,1073484.0,1065826.0
2025-06-18 13:39:33.498933,333.5,1073746.0,1065536.0
2025-06-18 13:39:33.778338,333.55,1073746.0,1065536.0
2025-06-18 13:39:34.456126,333.55,1074145.0,1064983.0
2025-06-18 13:39:34.827297,333.55,1074145.0,1064983.0
2025-06-18 13:39:35.391697,333.55,1075401.0,1065424.0
2025-06-18 13:39:35.780876,333.5,1075401.0,1065424.0
2025-06-18 13:39:36.389891,333.5,1076050.0,1066855.0
2025-06-18 13:39:36.776256,333.5,1076050.0,1066855.0
2025-06-18 13:39:37.395542,333.55,1075984.0,1067347.0
2025-06-18 13:39:37.778506,333.55,1075984.0,1067347.0
2025-06-18 13:39:38.393579,333.5,1075738.0,1067486.0
2025-06-18 13:39:38.775489,333.5,1075738.0,1067486.0
2025-06-18 13:39:39.491700,333.5,1075614.0,1067509.0
2025-06-18 13:39:39.778474,333.5,1075614.0,1067509.0
2025-06-18 13:39:40.394455,333.55,1075679.0,1067900.0
2025-06-18 13:39:40.775833,333.55,1075679.0,1067900.0
2025-06-18 13:39:41.493064,333.55,1075687.0,1067901.0
2025-06-18 13:39:42.494045,333.55,1075549.0,1067898.0
2025-06-18 13:39:42.775897,333.55,1075549.0,1067898.0
2025-06-18 13:39:43.499453,333.55,1075575.0,1067350.0
2025-06-18 13:39:44.571589,333.5,1075396.0,1065738.0
2025-06-18 13:39:44.849305,333.5,1075396.0,1065738.0
2025-06-18 13:39:45.470922,333.55,1075356.0,1067599.0
2025-06-18 13:39:45.851292,333.5,1075356.0,1067599.0
2025-06-18 13:39:46.454868,333.5,1074163.0,1066353.0
2025-06-18 13:39:46.853958,333.5,1074163.0,1066353.0
2025-06-18 13:39:47.473749,333.55,1074592.0,1065754.0
2025-06-18 13:39:47.849589,333.5,1074592.0,1065754.0
2025-06-18 13:39:48.466094,333.5,1073943.0,1066250.0
2025-06-18 13:39:48.783188,333.5,1073943.0,1066250.0
2025-06-18 13:39:49.301038,333.5,1074850.0,1065440.0
2025-06-18 13:39:50.301366,333.5,1074934.0,1065510.0
2025-06-18 13:39:50.779560,333.5,1074934.0,1065510.0
2025-06-18 13:39:51.300945,333.5,1075555.0,1065423.0
2025-06-18 13:39:52.301463,333.5,1075051.0,1065184.0
2025-06-18 13:39:52.784267,333.55,1075051.0,1065184.0
2025-06-18 13:39:53.302683,333.55,1074802.0,1064972.0
2025-06-18 13:39:54.204250,333.55,1075255.0,1064553.0
2025-06-18 13:39:54.781289,333.5,1075255.0,1064553.0
2025-06-18 13:39:55.303616,333.5,1075707.0,1065663.0
2025-06-18 13:39:55.805032,333.5,1075707.0,1065663.0
2025-06-18 13:39:56.306033,333.5,1075530.0,1065661.0
2025-06-18 13:39:56.779085,333.55,1075530.0,1065661.0
2025-06-18 13:39:57.308673,333.55,1074924.0,1065128.0
2025-06-18 13:39:57.779988,333.55,1074924.0,1065128.0
2025-06-18 13:39:58.306469,333.55,1075982.0,1064845.0
2025-06-18 13:39:58.776226,333.5,1075982.0,1064845.0
2025-06-18 13:39:59.306639,333.5,1077442.0,1065081.0
2025-06-18 13:39:59.779662,333.5,1077442.0,1065081.0
2025-06-18 13:40:00.307746,333.5,1077140.0,1065081.0
2025-06-18 13:40:02.784894,333.55,1077140.0,1065081.0
2025-06-18 13:40:04.784429,333.5,1077140.0,1065081.0
2025-06-18 13:40:05.812221,333.5,1077715.0,1064886.0
2025-06-18 13:40:06.783767,333.5,1077715.0,1064886.0
2025-06-18 13:40:08.816558,333.55,1077715.0,1064886.0
2025-06-18 13:40:10.746785,333.5,1077575.0,1064855.0
2025-06-18 13:40:10.808183,333.5,1077575.0,1064855.0
2025-06-18 13:40:11.239879,333.5,1077575.0,1064855.0
2025-06-18 13:40:12.346190,333.5,1077575.0,1064855.0
2025-06-18 13:40:12.784859,333.5,1077575.0,1064855.0
2025-06-18 13:40:13.331326,333.5,1077575.0,1064855.0
2025-06-18 13:40:14.335922,333.5,1077575.0,1064855.0
2025-06-18 13:40:14.785528,333.5,1077575.0,1064855.0
2025-06-18 13:40:15.279977,333.5,1077575.0,1064855.0
2025-06-18 13:40:15.524971,333.5,1076811.0,1063972.0
2025-06-18 13:40:16.155884,333.5,1076811.0,1063972.0
2025-06-18 13:40:16.783859,333.5,1076811.0,1063972.0
2025-06-18 13:40:17.337821,333.5,1076811.0,1063972.0
2025-06-18 13:40:18.325504,333.5,1076811.0,1063972.0
2025-06-18 13:40:18.787148,333.55,1076811.0,1063972.0
2025-06-18 13:40:18.822985,333.55,1076811.0,1063972.0
2025-06-18 13:40:19.207674,333.55,1076811.0,1063972.0
2025-06-18 13:40:20.093405,333.55,1076811.0,1063972.0
2025-06-18 13:40:20.229577,333.5,1073853.0,1066188.0
2025-06-18 13:40:20.997723,333.5,1073853.0,1066188.0
2025-06-18 13:40:21.347778,333.5,1073853.0,1066188.0
2025-06-18 13:40:22.269754,333.5,1073853.0,1066188.0
2025-06-18 13:40:22.809873,333.55,1073853.0,1066188.0
2025-06-18 13:40:23.629404,333.55,1073853.0,1066188.0
2025-06-18 13:40:24.529511,333.5,1075035.0,1064602.0
2025-06-18 13:40:24.777947,333.5,1075035.0,1064602.0
2025-06-18 13:40:24.809906,333.5,1075035.0,1064602.0
2025-06-18 13:40:25.929495,333.5,1075035.0,1064602.0
2025-06-18 13:40:26.786956,333.5,1075035.0,1064602.0
2025-06-18 13:40:27.625922,333.5,1075035.0,1064602.0
2025-06-18 13:40:28.818100,333.55,1075035.0,1064602.0
2025-06-18 13:40:29.029114,333.55,1074553.0,1064191.0
2025-06-18 13:40:30.785125,333.55,1074553.0,1064191.0
2025-06-18 13:40:32.783618,333.55,1074553.0,1064191.0
2025-06-18 13:40:33.533270,333.55,1074167.0,1064283.0
2025-06-18 13:40:34.837407,333.55,1074167.0,1064283.0
2025-06-18 13:40:36.805136,333.55,1074167.0,1064283.0
2025-06-18 13:40:37.960755,333.55,1074082.0,1064418.0
2025-06-18 13:40:38.808382,333.55,1074082.0,1064418.0
2025-06-18 13:40:40.789979,333.55,1074082.0,1064418.0
2025-06-18 13:40:42.547243,333.55,1073279.0,1064309.0
2025-06-18 13:40:42.776414,333.55,1073279.0,1064309.0
2025-06-18 13:40:44.777269,333.55,1073279.0,1064309.0
2025-06-18 13:40:46.781621,333.5,1073279.0,1064309.0
2025-06-18 13:40:47.550957,333.55,1075799.0,1063676.0
2025-06-18 13:40:51.120487,333.55,1075799.0,1063676.0
2025-06-18 13:40:51.157376,333.5,1075799.0,1063676.0
2025-06-18 13:40:52.144462,333.5,1077838.0,1063644.0
2025-06-18 13:40:52.808176,333.5,1077838.0,1063644.0
2025-06-18 13:40:54.786381,333.6,1077838.0,1063644.0
2025-06-18 13:40:56.649195,333.5,1079396.0,1064494.0
2025-06-18 13:40:56.783996,333.55,1079396.0,1064494.0
2025-06-18 13:40:58.781996,333.65,1079396.0,1064494.0
2025-06-18 13:41:00.807706,333.55,1079396.0,1064494.0
2025-06-18 13:41:01.378511,333.55,1081527.0,1050736.0
2025-06-18 13:41:02.827045,333.55,1081527.0,1050736.0
2025-06-18 13:41:04.782920,333.55,1081527.0,1050736.0
2025-06-18 13:41:06.738668,333.55,1094185.0,1051146.0
2025-06-18 13:41:06.782816,333.55,1094185.0,1051146.0
2025-06-18 13:41:08.789721,333.55,1094185.0,1051146.0
2025-06-18 13:41:10.787912,333.55,1094185.0,1051146.0
2025-06-18 13:41:11.863393,333.6,1096971.0,1050719.0
2025-06-18 13:41:12.806692,333.6,1096971.0,1050719.0
2025-06-18 13:41:14.793576,333.5,1096971.0,1050719.0
2025-06-18 13:41:16.762548,333.5,1093534.0,1051491.0
2025-06-18 13:41:16.791364,333.5,1093534.0,1051491.0
2025-06-18 13:41:18.786928,333.5,1093534.0,1051491.0
2025-06-18 13:41:20.783793,333.5,1093534.0,1051491.0
2025-06-18 13:41:21.365961,333.5,1093271.0,1051898.0
2025-06-18 13:41:22.790710,333.55,1093271.0,1051898.0
2025-06-18 13:41:24.786189,333.5,1093271.0,1051898.0
2025-06-18 13:41:25.994474,333.5,1094338.0,1051450.0
2025-06-18 13:41:26.803823,333.5,1094338.0,1051450.0
2025-06-18 13:41:28.814115,333.55,1094338.0,1051450.0
2025-06-18 13:41:30.570268,333.5,1096695.0,1051197.0
2025-06-18 13:41:30.787348,333.5,1096695.0,1051197.0
2025-06-18 13:41:32.789122,333.65,1096695.0,1051197.0
2025-06-18 13:41:34.789247,333.65,1096695.0,1051197.0
2025-06-18 13:41:34.971444,333.6,1100680.0,1047865.0
2025-06-18 13:41:36.789110,333.6,1100680.0,1047865.0
2025-06-18 13:41:38.787533,333.6,1100680.0,1047865.0
2025-06-18 13:41:39.575351,333.6,1098751.0,1047787.0
2025-06-18 13:41:40.791335,333.65,1098751.0,1047787.0
2025-06-18 13:41:42.960638,333.6,1098751.0,1047787.0
2025-06-18 13:41:43.977793,333.6,1098996.0,1047005.0
2025-06-18 13:41:44.793146,333.6,1098996.0,1047005.0
2025-06-18 13:41:46.791345,333.6,1098996.0,1047005.0
2025-06-18 13:41:48.284368,333.65,1100911.0,1047226.0
2025-06-18 13:41:48.791894,333.65,1100911.0,1047226.0
2025-06-18 13:41:50.815822,333.75,1100911.0,1047226.0
2025-06-18 13:41:52.710631,333.65,1103246.0,1044711.0
2025-06-18 13:41:52.819124,333.65,1103246.0,1044711.0
2025-06-18 13:41:54.799305,333.7,1103246.0,1044711.0
2025-06-18 13:41:56.785379,333.7,1103246.0,1044711.0
2025-06-18 13:41:57.082475,333.8,1107379.0,1032317.0
2025-06-18 13:41:58.785125,333.7,1107379.0,1032317.0
2025-06-18 13:42:00.790737,333.7,1107379.0,1032317.0
2025-06-18 13:42:01.982075,333.75,1108436.0,1032689.0
2025-06-18 13:42:02.786867,333.75,1108436.0,1032689.0
2025-06-18 13:42:03.081342,333.75,1108897.0,1033118.0
2025-06-18 13:42:03.782706,333.75,1108897.0,1033118.0
2025-06-18 13:42:04.082194,333.75,1111878.0,1031886.0
2025-06-18 13:42:04.782183,333.8,1111878.0,1031886.0
2025-06-18 13:42:04.992798,333.8,1110742.0,1031153.0
2025-06-18 13:42:05.785617,333.75,1110742.0,1031153.0
2025-06-18 13:42:05.986362,333.8,1111690.0,1029649.0
2025-06-18 13:42:06.797864,333.8,1111690.0,1029649.0
2025-06-18 13:42:06.987411,333.75,1111058.0,1027221.0
2025-06-18 13:42:07.785405,333.75,1111058.0,1027221.0
2025-06-18 13:42:07.988434,333.75,1111562.0,1027498.0
2025-06-18 13:42:08.786906,333.95,1111562.0,1027498.0
2025-06-18 13:42:08.987944,333.95,1103406.0,1030331.0
2025-06-18 13:42:09.783407,333.8,1103406.0,1030331.0
2025-06-18 13:42:09.985974,333.8,1102928.0,1031858.0
2025-06-18 13:42:10.781030,333.8,1102928.0,1031858.0
2025-06-18 13:42:10.989943,333.8,1103079.0,1031836.0
2025-06-18 13:42:11.786594,333.95,1103079.0,1031836.0
2025-06-18 13:42:11.991691,333.95,1102767.0,1032283.0
2025-06-18 13:42:12.801215,333.8,1102767.0,1032283.0
2025-06-18 13:42:12.992421,333.8,1103187.0,1033489.0
2025-06-18 13:42:13.992123,333.8,1104496.0,1034213.0
2025-06-18 13:42:14.783840,333.8,1104496.0,1034213.0
2025-06-18 13:42:15.034603,333.8,1104482.0,1032777.0
2025-06-18 13:42:15.804175,333.9,1104482.0,1032777.0
2025-06-18 13:42:16.008369,333.9,1108652.0,1032798.0
2025-06-18 13:42:16.802854,333.8,1108652.0,1032798.0
2025-06-18 13:42:17.012915,333.8,1109094.0,1032917.0
2025-06-18 13:42:17.797949,333.9,1109094.0,1032917.0
2025-06-18 13:42:17.996734,333.8,1109376.0,1033093.0
2025-06-18 13:42:18.787247,333.8,1109376.0,1033093.0
2025-06-18 13:42:18.995808,333.8,1107215.0,1032892.0
2025-06-18 13:42:19.782304,333.8,1107215.0,1032892.0
2025-06-18 13:42:19.996625,333.8,1106351.0,1032372.0
2025-06-18 13:42:20.994263,333.8,1106587.0,1033048.0
2025-06-18 13:42:21.896623,333.85,1106785.0,1032865.0
2025-06-18 13:42:22.786811,333.85,1106785.0,1032865.0
2025-06-18 13:42:22.798812,333.85,1106872.0,1032661.0
2025-06-18 13:42:23.798744,333.85,1107172.0,1033458.0
2025-06-18 13:42:24.812921,333.8,1107172.0,1033458.0
2025-06-18 13:42:24.819658,333.8,1107047.0,1033062.0
2025-06-18 13:42:25.699662,333.8,1103801.0,1037793.0
2025-06-18 13:42:25.785513,333.8,1103801.0,1037793.0
2025-06-18 13:42:26.600735,333.85,1104602.0,1040388.0
2025-06-18 13:42:26.786881,333.85,1104602.0,1040388.0
2025-06-18 13:42:27.601120,333.8,1104586.0,1037599.0
2025-06-18 13:42:27.789590,333.8,1104586.0,1037599.0
2025-06-18 13:42:28.602877,333.8,1103444.0,1038721.0
2025-06-18 13:42:28.787338,333.8,1103444.0,1038721.0
2025-06-18 13:42:29.603312,333.8,1103033.0,1037161.0
2025-06-18 13:42:29.797890,333.8,1103033.0,1037161.0
2025-06-18 13:42:30.505942,333.85,1103209.0,1036777.0
2025-06-18 13:42:30.787659,333.85,1103209.0,1036777.0
2025-06-18 13:42:31.504415,333.8,1103137.0,1037510.0
2025-06-18 13:42:31.784985,333.8,1103137.0,1037510.0
2025-06-18 13:42:32.506518,333.85,1101871.0,1038190.0
2025-06-18 13:42:32.784514,333.85,1101871.0,1038190.0
2025-06-18 13:42:33.508065,333.85,1102621.0,1038310.0
2025-06-18 13:42:33.785654,333.85,1102621.0,1038310.0
2025-06-18 13:42:34.507990,333.85,1101311.0,1036773.0
2025-06-18 13:42:35.506819,333.85,1101313.0,1036687.0
2025-06-18 13:42:35.797878,333.8,1101313.0,1036687.0
2025-06-18 13:42:36.799135,333.8,1101313.0,1036687.0
2025-06-18 13:42:37.008218,333.8,1102773.0,1038130.0
2025-06-18 13:42:37.786383,333.85,1102773.0,1038130.0
2025-06-18 13:42:38.107503,333.85,1103598.0,1039289.0
2025-06-18 13:42:38.793172,333.8,1103598.0,1039289.0
2025-06-18 13:42:39.215787,333.8,1102327.0,1040091.0
2025-06-18 13:42:39.817059,333.8,1102327.0,1040091.0
2025-06-18 13:42:40.125253,333.8,1102660.0,1039997.0
2025-06-18 13:42:40.828629,333.85,1102660.0,1039997.0
2025-06-18 13:42:41.130716,333.85,1103549.0,1040159.0
2025-06-18 13:42:42.131662,333.85,1104755.0,1038044.0
2025-06-18 13:42:42.785549,333.85,1104755.0,1038044.0
2025-06-18 13:42:43.111001,333.85,1104985.0,1038038.0
2025-06-18 13:42:44.011832,333.85,1104825.0,1037973.0
2025-06-18 13:42:44.791911,333.8,1104825.0,1037973.0
2025-06-18 13:42:45.016352,333.8,1105359.0,1038027.0
2025-06-18 13:42:45.842854,333.8,1105359.0,1038027.0
2025-06-18 13:42:46.112850,333.8,1105087.0,1038133.0
2025-06-18 13:42:46.787926,333.8,1105087.0,1038133.0
2025-06-18 13:42:47.015728,333.8,1104957.0,1038070.0
2025-06-18 13:42:47.789642,333.85,1104957.0,1038070.0
2025-06-18 13:42:48.017487,333.85,1103600.0,1033025.0
2025-06-18 13:42:48.787304,333.85,1103600.0,1033025.0
2025-06-18 13:42:49.015578,333.85,1103869.0,1033362.0
2025-06-18 13:42:50.014473,333.85,1103869.0,1033092.0
2025-06-18 13:42:51.016412,333.85,1104937.0,1032349.0
2025-06-18 13:42:52.018116,333.9,1105913.0,1034851.0
2025-06-18 13:42:52.788968,333.9,1105913.0,1034851.0
2025-06-18 13:42:52.920321,333.9,1105905.0,1034017.0
2025-06-18 13:42:53.787309,333.9,1105905.0,1034017.0
2025-06-18 13:42:53.920739,333.9,1105599.0,1036425.0
2025-06-18 13:42:54.789499,333.85,1105599.0,1036425.0
2025-06-18 13:42:54.833711,333.85,1105696.0,1036374.0
2025-06-18 13:42:55.802008,333.85,1105696.0,1036374.0
2025-06-18 13:42:55.825615,333.85,1105730.0,1037248.0
2025-06-18 13:42:56.725062,333.9,1104928.0,1037160.0
2025-06-18 13:42:56.791602,333.85,1104928.0,1037160.0
2025-06-18 13:42:57.727696,333.9,1104837.0,1036666.0
2025-06-18 13:42:57.797018,333.85,1104837.0,1036666.0
2025-06-18 13:42:58.788606,333.85,1104837.0,1036666.0
2025-06-18 13:42:58.820604,333.85,1105234.0,1037250.0
2025-06-18 13:42:59.723297,333.85,1104544.0,1036926.0
2025-06-18 13:42:59.787893,333.85,1104544.0,1036926.0
2025-06-18 13:43:00.724177,333.85,1104186.0,1036233.0
2025-06-18 13:43:00.789838,333.85,1104186.0,1036233.0
2025-06-18 13:43:01.792662,333.85,1104186.0,1036233.0
2025-06-18 13:43:02.223925,333.9,1104000.0,1036391.0
2025-06-18 13:43:02.790850,333.85,1104000.0,1036391.0
2025-06-18 13:43:03.324665,333.85,1103747.0,1036530.0
2025-06-18 13:43:03.792826,333.85,1103747.0,1036530.0
2025-06-18 13:43:04.849888,333.85,1103747.0,1036530.0
2025-06-18 13:43:05.053621,333.85,1104879.0,1037120.0
2025-06-18 13:43:05.810889,333.85,1104879.0,1037120.0
2025-06-18 13:43:06.146054,333.85,1103286.0,1039067.0
2025-06-18 13:43:06.811827,333.85,1103286.0,1039067.0
2025-06-18 13:43:07.042661,333.85,1103383.0,1038619.0
2025-06-18 13:43:07.805250,333.85,1103383.0,1038619.0
2025-06-18 13:43:08.154791,333.85,1103274.0,1038462.0
2025-06-18 13:43:09.134658,333.85,1103440.0,1038025.0
2025-06-18 13:43:09.814576,333.85,1103440.0,1038025.0
2025-06-18 13:43:10.233210,333.85,1104295.0,1037083.0
2025-06-18 13:43:11.233867,333.85,1103925.0,1036887.0
2025-06-18 13:43:11.758176,333.85,1103925.0,1036887.0
2025-06-18 13:43:12.336181,333.9,1103675.0,1037681.0
2025-06-18 13:43:12.790826,333.9,1103675.0,1037681.0
2025-06-18 13:43:12.869835,333.9,1103675.0,1037681.0
2025-06-18 13:43:13.434661,333.9,1103734.0,1037680.0
2025-06-18 13:43:13.789139,333.85,1103734.0,1037680.0
2025-06-18 13:43:13.852630,333.85,1103734.0,1037680.0
2025-06-18 13:43:14.435199,333.85,1103317.0,1038113.0
2025-06-18 13:43:14.789306,333.85,1103317.0,1038113.0
2025-06-18 13:43:14.858858,333.85,1103317.0,1038113.0
2025-06-18 13:43:15.436487,333.9,1103208.0,1038109.0
2025-06-18 13:43:15.790060,333.85,1103208.0,1038109.0
2025-06-18 13:43:15.815602,333.85,1103208.0,1038109.0
2025-06-18 13:43:16.534306,333.85,1103120.0,1038403.0
2025-06-18 13:43:16.676172,333.85,1103120.0,1038403.0
2025-06-18 13:43:16.787232,333.85,1103120.0,1038403.0
2025-06-18 13:43:17.535759,333.9,1102629.0,1038433.0
2025-06-18 13:43:17.787484,333.9,1102629.0,1038433.0
2025-06-18 13:43:17.856520,333.9,1102629.0,1038433.0
2025-06-18 13:43:18.441622,333.9,1102629.0,1038433.0
2025-06-18 13:43:18.636460,333.85,1103910.0,1038072.0
2025-06-18 13:43:18.808956,333.85,1103910.0,1038072.0
2025-06-18 13:43:18.850280,333.85,1103910.0,1038072.0
2025-06-18 13:43:19.353315,333.85,1103910.0,1038072.0
2025-06-18 13:43:19.650936,333.85,1104348.0,1038136.0
2025-06-18 13:43:19.738335,333.85,1104348.0,1038136.0
2025-06-18 13:43:20.641577,333.85,1104348.0,1038136.0
2025-06-18 13:43:20.650035,333.85,1103901.0,1038041.0
2025-06-18 13:43:21.642159,333.85,1101492.0,1042957.0
2025-06-18 13:43:21.794254,333.8,1101492.0,1042957.0
2025-06-18 13:43:21.896129,333.8,1101492.0,1042957.0
2025-06-18 13:43:22.644075,333.85,1100519.0,1041764.0
2025-06-18 13:43:22.784269,333.85,1100519.0,1041764.0
2025-06-18 13:43:22.800485,333.85,1100519.0,1041764.0
2025-06-18 13:43:23.644802,333.85,1101518.0,1042530.0
2025-06-18 13:43:23.794464,333.85,1101518.0,1042530.0
2025-06-18 13:43:24.178893,333.85,1101518.0,1042530.0
2025-06-18 13:43:24.540463,333.8,1100748.0,1042464.0
2025-06-18 13:43:24.790348,333.8,1100748.0,1042464.0
2025-06-18 13:43:25.338626,333.8,1100748.0,1042464.0
2025-06-18 13:43:29.046757,333.8,1100633.0,1042571.0
2025-06-18 13:43:29.058878,333.8,1100633.0,1042571.0
2025-06-18 13:43:29.085964,333.8,1101163.0,1043483.0
2025-06-18 13:43:29.092835,333.8,1101163.0,1043483.0
2025-06-18 13:43:29.097167,333.8,1101163.0,1043483.0
2025-06-18 13:43:29.120813,333.85,1100666.0,1042605.0
2025-06-18 13:43:29.123384,333.85,1100666.0,1042605.0
2025-06-18 13:43:29.125233,333.85,1100666.0,1042605.0
2025-06-18 13:43:29.131092,333.8,1100623.0,1042686.0
2025-06-18 13:43:29.155029,333.8,1100623.0,1042686.0
2025-06-18 13:43:29.696139,333.8,1100414.0,1043290.0
2025-06-18 13:43:29.839530,333.8,1100414.0,1043290.0
2025-06-18 13:43:30.667645,333.8,1100480.0,1043440.0
2025-06-18 13:43:30.814137,333.8,1100480.0,1043440.0
2025-06-18 13:43:31.667968,333.8,1101243.0,1043123.0
2025-06-18 13:43:31.813408,333.8,1101243.0,1043123.0
2025-06-18 13:43:32.669051,333.85,1101562.0,1042503.0
2025-06-18 13:43:32.815563,333.8,1101562.0,1042503.0
2025-06-18 13:43:33.665089,333.8,1100915.0,1042536.0
2025-06-18 13:43:33.813826,333.8,1100915.0,1042536.0
2025-06-18 13:43:34.655067,333.8,1100989.0,1043211.0
2025-06-18 13:43:34.792598,333.8,1100989.0,1043211.0
2025-06-18 13:43:35.649272,333.75,1093091.0,1048490.0
2025-06-18 13:43:35.792082,333.8,1093091.0,1048490.0
2025-06-18 13:43:36.753954,333.75,1093364.0,1048757.0
2025-06-18 13:43:36.791302,333.75,1093364.0,1048757.0
2025-06-18 13:43:37.752250,333.85,1094967.0,1046739.0
2025-06-18 13:43:37.795018,333.85,1094967.0,1046739.0
2025-06-18 13:43:38.752079,333.85,1095855.0,1045881.0
2025-06-18 13:43:39.755137,333.75,1096780.0,1048274.0
2025-06-18 13:43:39.830983,333.75,1096780.0,1048274.0
2025-06-18 13:43:40.756612,333.75,1095510.0,1048718.0
2025-06-18 13:43:40.792964,333.75,1095510.0,1048718.0
2025-06-18 13:43:41.758029,333.75,1094662.0,1049158.0
2025-06-18 13:43:41.798671,333.75,1094662.0,1049158.0
2025-06-18 13:43:42.758185,333.75,1094907.0,1048940.0
2025-06-18 13:43:42.795480,333.75,1094907.0,1048940.0
2025-06-18 13:43:43.665100,333.7,1091541.0,1060189.0
2025-06-18 13:43:43.793346,333.7,1091541.0,1060189.0
2025-06-18 13:43:44.757927,333.65,1094480.0,1051214.0
2025-06-18 13:43:44.796041,333.65,1094480.0,1051214.0
2025-06-18 13:43:45.760720,333.65,1094673.0,1053825.0
2025-06-18 13:43:45.796437,333.65,1094673.0,1053825.0
2025-06-18 13:43:46.804725,333.65,1094673.0,1053825.0
2025-06-18 13:43:46.861182,333.65,1094270.0,1054785.0
2025-06-18 13:43:47.762337,333.65,1094885.0,1054851.0
2025-06-18 13:43:48.792960,333.65,1094885.0,1054851.0
2025-06-18 13:43:48.859681,333.7,1094534.0,1054744.0
2025-06-18 13:43:49.762301,333.65,1092538.0,1054041.0
2025-06-18 13:43:49.792494,333.65,1092538.0,1054041.0
2025-06-18 13:43:51.362662,333.65,1092781.0,1053824.0
2025-06-18 13:43:51.794593,333.65,1092781.0,1053824.0
2025-06-18 13:43:52.362260,333.7,1091831.0,1053505.0
2025-06-18 13:43:52.797332,333.7,1091831.0,1053505.0
2025-06-18 13:43:53.363717,333.7,1092066.0,1053925.0
2025-06-18 13:43:54.262757,333.7,1092610.0,1056950.0
2025-06-18 13:43:54.839998,333.6,1092610.0,1056950.0
2025-06-18 13:43:55.303548,333.6,1091877.0,1054191.0
2025-06-18 13:43:55.810309,333.6,1091877.0,1054191.0
2025-06-18 13:43:56.280128,333.6,1093336.0,1050394.0
2025-06-18 13:43:56.804021,333.6,1093336.0,1050394.0
2025-06-18 13:43:57.187083,333.7,1093788.0,1050504.0
2025-06-18 13:43:57.811502,333.65,1093788.0,1050504.0
2025-06-18 13:43:58.203000,333.65,1094537.0,1049361.0
2025-06-18 13:43:59.204915,333.65,1097403.0,1048758.0
2025-06-18 13:43:59.841327,333.6,1097403.0,1048758.0
2025-06-18 13:44:00.217727,333.6,1096461.0,1048277.0
2025-06-18 13:44:00.797190,333.65,1096461.0,1048277.0
2025-06-18 13:44:01.776075,333.65,1099335.0,1046425.0
2025-06-18 13:44:01.803606,333.65,1099335.0,1046425.0
2025-06-18 13:44:02.773760,333.7,1097396.0,1046655.0
2025-06-18 13:44:02.795330,333.7,1097396.0,1046655.0
2025-06-18 13:44:03.798598,333.7,1097396.0,1046655.0
2025-06-18 13:44:03.872090,333.7,1102238.0,1043836.0
2025-06-18 13:44:04.793931,333.8,1102238.0,1043836.0
2025-06-18 13:44:04.873161,333.8,1106729.0,1033692.0
2025-06-18 13:44:05.805999,333.75,1106729.0,1033692.0
2025-06-18 13:44:06.074421,333.75,1105883.0,1033749.0
2025-06-18 13:44:06.800092,333.75,1105883.0,1033749.0
2025-06-18 13:44:07.079789,333.75,1100251.0,1034025.0
2025-06-18 13:44:07.797019,333.8,1100251.0,1034025.0
2025-06-18 13:44:08.078860,333.8,1100458.0,1034042.0
2025-06-18 13:44:09.081343,333.8,1100859.0,1034130.0
2025-06-18 13:44:09.798239,333.75,1100859.0,1034130.0
2025-06-18 13:44:10.176729,333.75,1103897.0,1036401.0
2025-06-18 13:44:11.279108,333.75,1103593.0,1035944.0
2025-06-18 13:44:11.793267,333.75,1103593.0,1035944.0
2025-06-18 13:44:12.378307,333.85,1104902.0,1036357.0
2025-06-18 13:44:12.802638,333.85,1104902.0,1036357.0
2025-06-18 13:44:13.514876,333.85,1104300.0,1036690.0
2025-06-18 13:44:14.582794,333.75,1101809.0,1036038.0
2025-06-18 13:44:14.842369,333.75,1101809.0,1036038.0
2025-06-18 13:44:15.681715,333.75,1101436.0,1037613.0
2025-06-18 13:44:15.801717,333.75,1101436.0,1037613.0
2025-06-18 13:44:16.784041,333.75,1101315.0,1037415.0
2025-06-18 13:44:16.792383,333.75,1101315.0,1037415.0
2025-06-18 13:44:17.787764,333.75,1099253.0,1037410.0
2025-06-18 13:44:17.795824,333.75,1099253.0,1037410.0
2025-06-18 13:44:18.805500,333.85,1099253.0,1037410.0
2025-06-18 13:44:18.887174,333.85,1092125.0,1043225.0
2025-06-18 13:44:19.797984,333.8,1092125.0,1043225.0
2025-06-18 13:44:20.026924,333.8,1094313.0,1043660.0
2025-06-18 13:44:20.816167,333.75,1094313.0,1043660.0
2025-06-18 13:44:21.108925,333.75,1092461.0,1043660.0
2025-06-18 13:44:22.110685,333.8,1092066.0,1043926.0
2025-06-18 13:44:22.818595,333.8,1092066.0,1043926.0
2025-06-18 13:44:23.109878,333.8,1092066.0,1043917.0
2025-06-18 13:44:24.119659,333.8,1092066.0,1043902.0
2025-06-18 13:44:24.813719,333.75,1092066.0,1043902.0
2025-06-18 13:44:25.191270,333.75,1092414.0,1043718.0
2025-06-18 13:44:25.808367,333.75,1092414.0,1043718.0
2025-06-18 13:44:26.691091,333.75,1092364.0,1043237.0
2025-06-18 13:44:26.799438,333.75,1092364.0,1043237.0
2025-06-18 13:44:27.692050,333.8,1092483.0,1042623.0
2025-06-18 13:44:27.797660,333.8,1092483.0,1042623.0
2025-06-18 13:44:28.807732,333.7,1092483.0,1042623.0
2025-06-18 13:44:29.193700,333.7,1091362.0,1043496.0
2025-06-18 13:44:29.800403,333.7,1091362.0,1043496.0
2025-06-18 13:44:30.296827,333.7,1091409.0,1043891.0
2025-06-18 13:44:31.396023,333.7,1088905.0,1043696.0
2025-06-18 13:44:31.828784,333.7,1088905.0,1043696.0
2025-06-18 13:44:32.500397,333.8,1089227.0,1046017.0
2025-06-18 13:44:32.808305,333.8,1089227.0,1046017.0
2025-06-18 13:44:33.599363,333.8,1090158.0,1046073.0
2025-06-18 13:44:33.810604,333.8,1090158.0,1046073.0
2025-06-18 13:44:34.700481,333.8,1089587.0,1048566.0
2025-06-18 13:44:35.832553,333.7,1089587.0,1048566.0
2025-06-18 13:44:35.834795,333.7,1085861.0,1050111.0
2025-06-18 13:44:36.700584,333.7,1086458.0,1050429.0
2025-06-18 13:44:36.804852,333.7,1086458.0,1050429.0
2025-06-18 13:44:37.702559,333.7,1086423.0,1048901.0
2025-06-18 13:44:37.799353,333.7,1086423.0,1048901.0
2025-06-18 13:44:38.703780,333.7,1086498.0,1048817.0
2025-06-18 13:44:38.801705,333.7,1086498.0,1048817.0
2025-06-18 13:44:39.705125,333.75,1086355.0,1048613.0
2025-06-18 13:44:39.802488,333.75,1086355.0,1048613.0
2025-06-18 13:44:40.704131,333.8,1083853.0,1048182.0
2025-06-18 13:44:40.805839,333.8,1083853.0,1048182.0
2025-06-18 13:44:41.609883,333.8,1083871.0,1048001.0
2025-06-18 13:44:41.805869,333.7,1083871.0,1048001.0
2025-06-18 13:44:42.613087,333.7,1083412.0,1048593.0
2025-06-18 13:44:42.807366,333.7,1083412.0,1048593.0
2025-06-18 13:44:43.703204,333.8,1084200.0,1048723.0
2025-06-18 13:44:43.798162,333.8,1084200.0,1048723.0
2025-06-18 13:44:44.706842,333.7,1085217.0,1048289.0
2025-06-18 13:44:44.854993,333.8,1085217.0,1048289.0
2025-06-18 13:44:45.622991,333.7,1084920.0,1049666.0
2025-06-18 13:44:45.821372,333.7,1084920.0,1049666.0
2025-06-18 13:44:46.529043,333.65,1084088.0,1050669.0
2025-06-18 13:44:47.105901,333.65,1084088.0,1050669.0
2025-06-18 13:44:47.530447,333.7,1083858.0,1050822.0
2025-06-18 13:44:47.802725,333.7,1083858.0,1050822.0
2025-06-18 13:44:48.534740,333.65,1084493.0,1050146.0
2025-06-18 13:44:48.817213,333.65,1084493.0,1050146.0
2025-06-18 13:44:49.511058,333.65,1082899.0,1051086.0
2025-06-18 13:44:49.804764,333.65,1082899.0,1051086.0
2025-06-18 13:44:50.511136,333.6,1081268.0,1053614.0
2025-06-18 13:44:50.800505,333.6,1081268.0,1053614.0
2025-06-18 13:44:51.412046,333.6,1082588.0,1054829.0
2025-06-18 13:44:51.815865,333.6,1082588.0,1054829.0
2025-06-18 13:44:52.510512,333.7,1081888.0,1052527.0
2025-06-18 13:44:52.813853,333.7,1081888.0,1052527.0
2025-06-18 13:44:53.519111,333.6,1081953.0,1053120.0
2025-06-18 13:44:53.802937,333.6,1081953.0,1053120.0
2025-06-18 13:44:54.512469,333.6,1083318.0,1054396.0
2025-06-18 13:44:54.804014,333.7,1083318.0,1054396.0
2025-06-18 13:44:55.518357,333.6,1082655.0,1051911.0
2025-06-18 13:44:55.809186,333.6,1082655.0,1051911.0
2025-06-18 13:44:56.515709,333.55,1083432.0,1053773.0
2025-06-18 13:44:56.800692,333.55,1083432.0,1053773.0
2025-06-18 13:44:57.517249,333.7,1078072.0,1055573.0
2025-06-18 13:44:57.804660,333.7,1078072.0,1055573.0
2025-06-18 13:44:58.614366,333.7,1084887.0,1055537.0
2025-06-18 13:44:59.614392,333.55,1083971.0,1055190.0
2025-06-18 13:44:59.801955,333.55,1083971.0,1055190.0
2025-06-18 13:45:00.716079,333.65,1087299.0,1055448.0
2025-06-18 13:45:00.809322,333.65,1087299.0,1055448.0
2025-06-18 13:45:01.805914,333.55,1087299.0,1055448.0
2025-06-18 13:45:02.115716,333.65,1091051.0,1055789.0
2025-06-18 13:45:02.800615,333.65,1091051.0,1055789.0
2025-06-18 13:45:03.018890,333.65,1090945.0,1055884.0
2025-06-18 13:45:03.805972,333.65,1090945.0,1055884.0
2025-06-18 13:45:03.917864,333.65,1091852.0,1055562.0
2025-06-18 13:45:04.797950,333.6,1091852.0,1055562.0
2025-06-18 13:45:04.819929,333.55,1092214.0,1055607.0
2025-06-18 13:45:05.817533,333.6,1092214.0,1055607.0
2025-06-18 13:45:05.822663,333.6,1091318.0,1055312.0
2025-06-18 13:45:06.721307,333.6,1091137.0,1054897.0
2025-06-18 13:45:06.800412,333.6,1091137.0,1054897.0
2025-06-18 13:45:07.722607,333.65,1090565.0,1055702.0
2025-06-18 13:45:07.804245,333.65,1090565.0,1055702.0
2025-06-18 13:45:08.723043,333.55,1090820.0,1053379.0
2025-06-18 13:45:08.806513,333.55,1090820.0,1053379.0
2025-06-18 13:45:09.722954,333.6,1090306.0,1055191.0
2025-06-18 13:45:09.806340,333.6,1090306.0,1055191.0
2025-06-18 13:45:10.675878,333.6,1089151.0,1054898.0
2025-06-18 13:45:10.816311,333.75,1089151.0,1054898.0
2025-06-18 13:45:11.635497,333.75,1089169.0,1053928.0
2025-06-18 13:45:11.838637,333.65,1089169.0,1053928.0
2025-06-18 13:45:12.644719,333.75,1091146.0,1050520.0
2025-06-18 13:45:12.822467,333.75,1091146.0,1050520.0
2025-06-18 13:45:13.647026,333.75,1091163.0,1050572.0
2025-06-18 13:45:14.664500,333.75,1089357.0,1049944.0
2025-06-18 13:45:14.860628,333.75,1089357.0,1049944.0
2025-06-18 13:45:15.656547,333.75,1090875.0,1048698.0
2025-06-18 13:45:15.807110,333.75,1090875.0,1048698.0
2025-06-18 13:45:16.625666,333.75,1089084.0,1050314.0
2025-06-18 13:45:16.812214,333.75,1089084.0,1050314.0
2025-06-18 13:45:17.818064,333.75,1089084.0,1050314.0
2025-06-18 13:45:18.027987,333.75,1090083.0,1049998.0
2025-06-18 13:45:18.904925,333.6,1090083.0,1049998.0
2025-06-18 13:45:19.133186,333.6,1090053.0,1049939.0
2025-06-18 13:45:20.179346,333.6,1089504.0,1051000.0
2025-06-18 13:45:21.828519,333.7,1092295.0,1049894.0
2025-06-18 13:45:22.732404,333.7,1090794.0,1050075.0
2025-06-18 13:45:22.800396,333.7,1090794.0,1050075.0
2025-06-18 13:45:23.830478,333.7,1089047.0,1050434.0
2025-06-18 13:45:24.811242,333.6,1089047.0,1050434.0
2025-06-18 13:45:24.826813,333.6,1089812.0,1050286.0
2025-06-18 13:45:25.731694,333.6,1090502.0,1050285.0
2025-06-18 13:45:25.810997,333.6,1090502.0,1050285.0
2025-06-18 13:45:26.803572,333.65,1090502.0,1050285.0
2025-06-18 13:45:26.831940,333.65,1089799.0,1051947.0
2025-06-18 13:45:27.807800,333.7,1089799.0,1051947.0
2025-06-18 13:45:27.932931,333.7,1089890.0,1051940.0
2025-06-18 13:45:29.445150,333.6,1089890.0,1051940.0
2025-06-18 13:45:29.458337,333.6,1090340.0,1051922.0
2025-06-18 13:45:29.816101,333.6,1090340.0,1051922.0
2025-06-18 13:45:30.335370,333.6,1090195.0,1051835.0
2025-06-18 13:45:31.336928,333.7,1090758.0,1050302.0
2025-06-18 13:45:31.805795,333.7,1090758.0,1050302.0
2025-06-18 13:45:32.439113,333.75,1086649.0,1048425.0
2025-06-18 13:45:32.809163,333.7,1086649.0,1048425.0
2025-06-18 13:45:33.438254,333.7,1085854.0,1048762.0
2025-06-18 13:45:33.805258,333.75,1085854.0,1048762.0
2025-06-18 13:45:34.445834,333.75,1086226.0,1049261.0
2025-06-18 13:45:35.664634,333.75,1086141.0,1049883.0
2025-06-18 13:45:35.841544,333.75,1086141.0,1049883.0
2025-06-18 13:45:36.760702,333.7,1085971.0,1050122.0
2025-06-18 13:45:36.834283,333.7,1085971.0,1050122.0
2025-06-18 13:45:38.040522,333.75,1085971.0,1050122.0
2025-06-18 13:45:38.044650,333.75,1086519.0,1048449.0
2025-06-18 13:45:38.818983,333.7,1086519.0,1048449.0
2025-06-18 13:45:38.865658,333.7,1086431.0,1051581.0
2025-06-18 13:45:39.824021,333.65,1086431.0,1051581.0
2025-06-18 13:45:39.857758,333.65,1086553.0,1050746.0
2025-06-18 13:45:40.875085,333.65,1086205.0,1050855.0
2025-06-18 13:45:41.807743,333.65,1086205.0,1050855.0
2025-06-18 13:45:41.847306,333.7,1086435.0,1051381.0
2025-06-18 13:45:42.805071,333.7,1086435.0,1051381.0
2025-06-18 13:45:42.847210,333.7,1085479.0,1050693.0
2025-06-18 13:45:43.950608,333.7,1085478.0,1050234.0
2025-06-18 13:45:44.811540,333.6,1085478.0,1050234.0
2025-06-18 13:45:45.049213,333.6,1085961.0,1051237.0
2025-06-18 13:45:45.808318,333.6,1085961.0,1051237.0
2025-06-18 13:45:46.053238,333.6,1087271.0,1050514.0
2025-06-18 13:45:46.807534,333.6,1087271.0,1050514.0
2025-06-18 13:45:47.052685,333.6,1087201.0,1050526.0
2025-06-18 13:45:47.809485,333.7,1087201.0,1050526.0
2025-06-18 13:45:48.051125,333.7,1087338.0,1050445.0
2025-06-18 13:45:48.810941,333.65,1087338.0,1050445.0
2025-06-18 13:45:49.054176,333.65,1087669.0,1050499.0
2025-06-18 13:45:49.804620,333.65,1087669.0,1050499.0
2025-06-18 13:45:50.056535,333.65,1087769.0,1051338.0
2025-06-18 13:45:51.156081,333.65,1087671.0,1051268.0
2025-06-18 13:45:51.806943,333.65,1087671.0,1051268.0
2025-06-18 13:45:52.153885,333.6,1087208.0,1050771.0
2025-06-18 13:45:52.853762,333.7,1087208.0,1050771.0
2025-06-18 13:45:53.256868,333.7,1086718.0,1050469.0
2025-06-18 13:45:54.355839,333.7,1086809.0,1050605.0
2025-06-18 13:45:54.809984,333.6,1086809.0,1050605.0
2025-06-18 13:45:55.462313,333.6,1086978.0,1051164.0
2025-06-18 13:45:55.817736,333.6,1086978.0,1051164.0
2025-06-18 13:45:56.360226,333.6,1085546.0,1050388.0
2025-06-18 13:45:56.811509,333.6,1085546.0,1050388.0
2025-06-18 13:45:57.461993,333.7,1084960.0,1050515.0
2025-06-18 13:45:57.808110,333.7,1084960.0,1050515.0
2025-06-18 13:45:58.562480,333.7,1087819.0,1051004.0
2025-06-18 13:45:59.648143,333.6,1082568.0,1053323.0
2025-06-18 13:46:00.315415,333.6,1082568.0,1053323.0
2025-06-18 13:46:00.607878,333.65,1085083.0,1052321.0
2025-06-18 13:46:00.930362,333.65,1085083.0,1052321.0
2025-06-18 13:46:02.898677,333.65,1085083.0,1052321.0
2025-06-18 13:46:02.982986,333.65,1085659.0,1052409.0
2025-06-18 13:46:04.831389,333.6,1085659.0,1052409.0
2025-06-18 13:46:06.837676,333.65,1085659.0,1052409.0
2025-06-18 13:46:08.275416,333.65,1088785.0,1049747.0
2025-06-18 13:46:08.834669,333.65,1088785.0,1049747.0
2025-06-18 13:46:10.841117,333.75,1088785.0,1049747.0
2025-06-18 13:46:12.480745,333.75,1088785.0,1049747.0
2025-06-18 13:46:12.835708,333.75,1088785.0,1049747.0
2025-06-18 13:46:13.178926,333.75,1087240.0,1048130.0
2025-06-18 13:46:13.581722,333.75,1087240.0,1048130.0
2025-06-18 13:46:14.573068,333.75,1087240.0,1048130.0
2025-06-18 13:46:14.814635,333.65,1087240.0,1048130.0
2025-06-18 13:46:15.568065,333.65,1087240.0,1048130.0
2025-06-18 13:46:16.506760,333.65,1087240.0,1048130.0
2025-06-18 13:46:16.821321,333.65,1087240.0,1048130.0
2025-06-18 13:46:17.408985,333.65,1087240.0,1048130.0
2025-06-18 13:46:17.787896,333.75,1084892.0,1050347.0
2025-06-18 13:46:18.586056,333.75,1084892.0,1050347.0
2025-06-18 13:46:18.815627,333.65,1084892.0,1050347.0
2025-06-18 13:46:19.168636,333.65,1084892.0,1050347.0
2025-06-18 13:46:20.090729,333.65,1084892.0,1050347.0
2025-06-18 13:46:20.814417,333.7,1084892.0,1050347.0
2025-06-18 13:46:21.384736,333.7,1084892.0,1050347.0
2025-06-18 13:46:22.382429,333.7,1083890.0,1050462.0
2025-06-18 13:46:22.605019,333.7,1083890.0,1050462.0
2025-06-18 13:46:22.815462,333.7,1083890.0,1050462.0
2025-06-18 13:46:23.494823,333.7,1083890.0,1050462.0
2025-06-18 13:46:24.875524,333.65,1083890.0,1050462.0
2025-06-18 13:46:24.960763,333.65,1083890.0,1050462.0
2025-06-18 13:46:26.081223,333.65,1083890.0,1050462.0
2025-06-18 13:46:26.857468,333.65,1083890.0,1050462.0
2025-06-18 13:46:26.907906,333.65,1084984.0,1051942.0
2025-06-18 13:46:27.235021,333.65,1084984.0,1051942.0
2025-06-18 13:46:28.988886,333.65,1084984.0,1051942.0
2025-06-18 13:46:29.022873,333.65,1084984.0,1051942.0
2025-06-18 13:46:30.839795,333.7,1084984.0,1051942.0
2025-06-18 13:46:31.091382,333.7,1086209.0,1050970.0
2025-06-18 13:46:32.829551,333.7,1086209.0,1050970.0
2025-06-18 13:46:34.814826,333.7,1086209.0,1050970.0
2025-06-18 13:46:35.592554,333.7,1089057.0,1051965.0
2025-06-18 13:46:36.830556,333.6,1089057.0,1051965.0
2025-06-18 13:46:38.853000,333.6,1089057.0,1051965.0
2025-06-18 13:46:40.003805,333.55,1092464.0,1053223.0
2025-06-18 13:46:40.815106,333.6,1092464.0,1053223.0
2025-06-18 13:46:42.816232,333.65,1092464.0,1053223.0
2025-06-18 13:46:44.695977,333.55,1090528.0,1052876.0
2025-06-18 13:46:44.825279,333.55,1090528.0,1052876.0
2025-06-18 13:46:46.834411,333.55,1090528.0,1052876.0
2025-06-18 13:46:48.833806,333.65,1090528.0,1052876.0
2025-06-18 13:46:49.401659,333.65,1091893.0,1053143.0
2025-06-18 13:46:52.914742,333.7,1091893.0,1053143.0
2025-06-18 13:46:54.119336,333.7,1089577.0,1053520.0
2025-06-18 13:46:54.834737,333.65,1089577.0,1053520.0
2025-06-18 13:46:56.815730,333.65,1089577.0,1053520.0
2025-06-18 13:46:58.612335,333.65,1090059.0,1053815.0
2025-06-18 13:46:58.815971,333.65,1090059.0,1053815.0
2025-06-18 13:47:00.818754,333.65,1090059.0,1053815.0
2025-06-18 13:47:02.825190,333.75,1090059.0,1053815.0
2025-06-18 13:47:03.312736,333.75,1093675.0,1049932.0
2025-06-18 13:47:06.825178,333.6,1093675.0,1049932.0
2025-06-18 13:47:08.316554,333.75,1091321.0,1052321.0
2025-06-18 13:47:08.820765,333.75,1091321.0,1052321.0
2025-06-18 13:47:10.828032,333.6,1091321.0,1052321.0
2025-06-18 13:47:12.824002,333.7,1091321.0,1052321.0
2025-06-18 13:47:13.215489,333.7,1089941.0,1053685.0
2025-06-18 13:47:14.864110,333.75,1089941.0,1053685.0
2025-06-18 13:47:16.836983,333.6,1089941.0,1053685.0
2025-06-18 13:47:17.937210,333.6,1092279.0,1050357.0
2025-06-18 13:47:18.835895,333.6,1092279.0,1050357.0
2025-06-18 13:47:20.818610,333.6,1092279.0,1050357.0
2025-06-18 13:47:22.521718,333.7,1092044.0,1051891.0
2025-06-18 13:47:22.820228,333.55,1092044.0,1051891.0
2025-06-18 13:47:24.827814,333.7,1092044.0,1051891.0
2025-06-18 13:47:26.827093,333.7,1092044.0,1051891.0
2025-06-18 13:47:27.122636,333.75,1089416.0,1048650.0
2025-06-18 13:47:28.827126,333.75,1089416.0,1048650.0
2025-06-18 13:47:30.821664,333.75,1089416.0,1048650.0
2025-06-18 13:47:31.626502,333.75,1086897.0,1048720.0
2025-06-18 13:47:32.822755,333.75,1086897.0,1048720.0
2025-06-18 13:47:34.819859,333.75,1086897.0,1048720.0
2025-06-18 13:47:36.129440,333.7,1086164.0,1048530.0
2025-06-18 13:47:37.814199,333.75,1086164.0,1048530.0
2025-06-18 13:47:38.825396,333.7,1086164.0,1048530.0
2025-06-18 13:47:40.825607,333.65,1086164.0,1048530.0
2025-06-18 13:47:40.835411,333.65,1086943.0,1049204.0
2025-06-18 13:47:42.843483,333.65,1086943.0,1049204.0
2025-06-18 13:47:44.840922,333.6,1086943.0,1049204.0
2025-06-18 13:47:45.452895,333.6,1088679.0,1048561.0
2025-06-18 13:47:46.830164,333.6,1088679.0,1048561.0
2025-06-18 13:47:48.828240,333.75,1088679.0,1048561.0
2025-06-18 13:47:50.141754,333.75,1088773.0,1048260.0
2025-06-18 13:47:50.838703,333.6,1088773.0,1048260.0
2025-06-18 13:47:52.843744,333.75,1088773.0,1048260.0
2025-06-18 13:47:54.942897,333.6,1087817.0,1049881.0
2025-06-18 13:47:55.837014,333.6,1087817.0,1049881.0
2025-06-18 13:47:56.821898,333.6,1087817.0,1049881.0
2025-06-18 13:47:58.827914,333.75,1087817.0,1049881.0
2025-06-18 13:47:59.747132,333.6,1087970.0,1049841.0
2025-06-18 13:48:00.819655,333.6,1087970.0,1049841.0
2025-06-18 13:48:02.831125,333.7,1087970.0,1049841.0
2025-06-18 13:48:04.863438,333.6,1087970.0,1049841.0
2025-06-18 13:48:05.166262,333.6,1085082.0,1049296.0
2025-06-18 13:48:06.870043,333.6,1085082.0,1049296.0
2025-06-18 13:48:08.851722,333.65,1085082.0,1049296.0
2025-06-18 13:48:10.257650,333.65,1087146.0,1051656.0
2025-06-18 13:48:10.824441,333.65,1087146.0,1051656.0
2025-06-18 13:48:12.823125,333.65,1087146.0,1051656.0
2025-06-18 13:48:14.817900,333.65,1087146.0,1051656.0
2025-06-18 13:48:15.258560,333.65,1088488.0,1051599.0
2025-06-18 13:48:16.821835,333.65,1088488.0,1051599.0
2025-06-18 13:48:18.820278,333.65,1088488.0,1051599.0
2025-06-18 13:48:20.069097,333.65,1087828.0,1052600.0
2025-06-18 13:48:20.821841,333.65,1087828.0,1052600.0
2025-06-18 13:48:22.839852,333.65,1087828.0,1052600.0
2025-06-18 13:48:24.824878,333.65,1087828.0,1052600.0
2025-06-18 13:48:25.264777,333.65,976136.0,1052831.0
2025-06-18 13:48:26.852489,333.65,976136.0,1052831.0
2025-06-18 13:48:28.853410,333.7,976136.0,1052831.0
2025-06-18 13:48:30.219400,333.65,976990.0,1052360.0
2025-06-18 13:48:30.835343,333.65,976990.0,1052360.0
2025-06-18 13:48:32.865340,333.7,976990.0,1052360.0
2025-06-18 13:48:34.674276,333.7,976371.0,1052674.0
2025-06-18 13:48:34.820462,333.7,976371.0,1052674.0
2025-06-18 13:48:37.305046,333.65,976371.0,1052674.0
2025-06-18 13:48:38.824035,333.65,976371.0,1052674.0
2025-06-18 13:48:39.075529,333.65,976284.0,1052508.0
2025-06-18 13:48:40.831647,333.65,976284.0,1052508.0
2025-06-18 13:48:42.827738,333.65,976284.0,1052508.0
2025-06-18 13:48:43.605417,333.65,977778.0,1053794.0
2025-06-18 13:48:44.822834,333.55,977778.0,1053794.0
2025-06-18 13:48:46.838383,333.55,977778.0,1053794.0
2025-06-18 13:48:48.280963,333.7,980353.0,1053495.0
2025-06-18 13:48:48.825014,333.7,980353.0,1053495.0
2025-06-18 13:48:50.826928,333.65,980353.0,1053495.0
2025-06-18 13:48:52.782192,333.7,979949.0,1053024.0
2025-06-18 13:48:52.831307,333.7,979949.0,1053024.0
2025-06-18 13:48:54.884856,333.6,979949.0,1053024.0
2025-06-18 13:48:56.884482,333.6,979949.0,1053024.0
2025-06-18 13:48:57.413537,333.7,981197.0,1052285.0
2025-06-18 13:48:58.848324,333.6,981197.0,1052285.0
2025-06-18 13:49:00.826558,333.6,981197.0,1052285.0
2025-06-18 13:49:01.893965,333.65,981291.0,1052562.0
2025-06-18 13:49:02.824481,333.65,981291.0,1052562.0
2025-06-18 13:49:04.818237,333.65,981291.0,1052562.0
2025-06-18 13:49:06.729000,333.6,979633.0,1053417.0
2025-06-18 13:49:06.858151,333.65,979633.0,1053417.0
2025-06-18 13:49:08.881081,333.65,979633.0,1053417.0
2025-06-18 13:49:10.837272,333.6,979633.0,1053417.0
2025-06-18 13:49:11.303674,333.6,980997.0,1053011.0
2025-06-18 13:49:12.636324,333.6,980997.0,1053011.0
2025-06-18 13:49:12.828402,333.7,980997.0,1053011.0
2025-06-18 13:49:13.999202,333.7,980997.0,1053011.0
2025-06-18 13:49:14.829073,333.6,980997.0,1053011.0
2025-06-18 13:49:14.987127,333.6,980997.0,1053011.0
2025-06-18 13:49:16.052271,333.6,980997.0,1053011.0
2025-06-18 13:49:16.104635,333.7,982443.0,1049923.0
2025-06-18 13:49:16.819445,333.7,982443.0,1049923.0
2025-06-18 13:49:16.965437,333.7,982443.0,1049923.0
2025-06-18 13:49:17.861522,333.7,982443.0,1049923.0
2025-06-18 13:49:18.823652,333.7,982443.0,1049923.0
2025-06-18 13:49:19.075335,333.7,982443.0,1049923.0
2025-06-18 13:49:20.097604,333.7,982443.0,1049923.0
2025-06-18 13:49:20.922621,333.7,977847.0,1051335.0
2025-06-18 13:49:20.987802,333.7,977847.0,1051335.0
2025-06-18 13:49:21.831380,333.7,977847.0,1051335.0
2025-06-18 13:49:21.869946,333.7,977847.0,1051335.0
2025-06-18 13:49:22.850859,333.75,977847.0,1051335.0
2025-06-18 13:49:23.127551,333.75,977847.0,1051335.0
2025-06-18 13:49:24.825895,333.7,977847.0,1051335.0
2025-06-18 13:49:25.450148,333.7,977847.0,1051335.0
2025-06-18 13:49:25.810896,333.7,978267.0,1050889.0
2025-06-18 13:49:26.569964,333.7,978267.0,1050889.0
2025-06-18 13:49:26.825135,333.6,978267.0,1050889.0
2025-06-18 13:49:27.726743,333.6,978267.0,1050889.0
2025-06-18 13:49:28.831184,333.75,978267.0,1050889.0
2025-06-18 13:49:29.238480,333.75,978267.0,1050889.0
2025-06-18 13:49:30.611869,333.75,979270.0,1050297.0
2025-06-18 13:49:30.829497,333.75,979270.0,1050297.0
2025-06-18 13:49:32.826278,333.75,979270.0,1050297.0
2025-06-18 13:49:34.826908,333.75,979270.0,1050297.0
2025-06-18 13:49:35.214914,333.75,978648.0,1050610.0
2025-06-18 13:49:36.828051,333.6,978648.0,1050610.0
2025-06-18 13:49:38.827772,333.6,978648.0,1050610.0
2025-06-18 13:49:40.021574,333.6,977269.0,1052741.0
2025-06-18 13:49:40.831238,333.6,977269.0,1052741.0
2025-06-18 13:49:42.823990,333.7,977269.0,1052741.0
2025-06-18 13:49:44.472834,333.6,977680.0,1052751.0
2025-06-18 13:49:44.886078,333.6,977680.0,1052751.0
2025-06-18 13:49:46.848443,333.6,977680.0,1052751.0
2025-06-18 13:49:48.864021,333.6,977680.0,1052751.0
2025-06-18 13:49:49.210998,333.75,977971.0,1052298.0
2025-06-18 13:49:50.828506,333.55,977971.0,1052298.0
2025-06-18 13:49:52.828509,333.7,977971.0,1052298.0
2025-06-18 13:49:53.829666,333.7,976198.0,1056473.0
2025-06-18 13:49:54.831774,333.6,976198.0,1056473.0
2025-06-18 13:49:56.828116,333.55,976198.0,1056473.0
2025-06-18 13:49:58.632774,333.65,973103.0,1058257.0
2025-06-18 13:49:58.850256,333.65,973103.0,1058257.0
2025-06-18 13:50:00.834007,333.55,973103.0,1058257.0
2025-06-18 13:50:02.854695,333.65,973103.0,1058257.0
2025-06-18 13:50:03.737639,333.65,977115.0,1058302.0
2025-06-18 13:50:04.827024,333.65,977115.0,1058302.0
2025-06-18 13:50:06.830116,333.6,977115.0,1058302.0
2025-06-18 13:50:08.540961,333.55,974953.0,1058540.0
2025-06-18 13:50:08.843040,333.55,974953.0,1058540.0
2025-06-18 13:50:10.867378,333.55,974953.0,1058540.0
2025-06-18 13:50:12.849429,333.65,974953.0,1058540.0
2025-06-18 13:50:13.262430,333.65,974921.0,1059311.0
2025-06-18 13:50:14.834027,333.55,974921.0,1059311.0
2025-06-18 13:50:16.827521,333.55,974921.0,1059311.0
2025-06-18 13:50:18.047806,333.7,974253.0,1058472.0
2025-06-18 13:50:18.833014,333.7,974253.0,1058472.0
2025-06-18 13:50:20.842251,333.65,974253.0,1058472.0
2025-06-18 13:50:22.835836,333.65,974253.0,1058472.0
2025-06-18 13:50:23.247241,333.65,975646.0,1059346.0
2025-06-18 13:50:24.831262,333.55,975646.0,1059346.0
2025-06-18 13:50:26.826823,333.55,975646.0,1059346.0
2025-06-18 13:50:27.948382,333.65,976209.0,1058406.0
2025-06-18 13:50:28.826778,333.55,976209.0,1058406.0
2025-06-18 13:50:30.840530,333.55,976209.0,1058406.0
2025-06-18 13:50:32.830406,333.65,976209.0,1058406.0
2025-06-18 13:50:32.853634,333.65,976911.0,1058357.0
2025-06-18 13:50:34.892215,333.55,976911.0,1058357.0
2025-06-18 13:50:36.848180,333.55,976911.0,1058357.0
2025-06-18 13:50:37.379479,333.65,977053.0,1058960.0
2025-06-18 13:50:38.854568,333.55,977053.0,1058960.0
2025-06-18 13:50:40.835359,333.55,977053.0,1058960.0
2025-06-18 13:50:41.966507,333.6,976444.0,1059179.0
2025-06-18 13:50:42.829590,333.6,976444.0,1059179.0
2025-06-18 13:50:44.824655,333.55,976444.0,1059179.0
2025-06-18 13:50:46.571163,333.55,977386.0,1060589.0
2025-06-18 13:50:46.839415,333.55,977386.0,1060589.0
2025-06-18 13:50:48.832214,333.6,977386.0,1060589.0
2025-06-18 13:50:50.827607,333.55,977386.0,1060589.0
2025-06-18 13:50:51.571955,333.55,978206.0,1060641.0
2025-06-18 13:50:52.835787,333.6,978206.0,1060641.0
2025-06-18 13:50:54.837294,333.55,978206.0,1060641.0
2025-06-18 13:50:56.377106,333.55,976451.0,1060511.0
2025-06-18 13:50:56.833073,333.55,976451.0,1060511.0
2025-06-18 13:50:58.835534,333.55,976451.0,1060511.0
2025-06-18 13:51:00.849907,333.55,976451.0,1060511.0
2025-06-18 13:51:00.992037,333.55,959404.0,1065724.0
2025-06-18 13:51:01.852811,333.55,959404.0,1065724.0
2025-06-18 13:51:01.901959,333.6,962707.0,1065527.0
2025-06-18 13:51:02.843782,333.6,962707.0,1065527.0
2025-06-18 13:51:02.998150,333.6,963163.0,1064638.0
2025-06-18 13:51:03.840620,333.55,963163.0,1064638.0
2025-06-18 13:51:03.991107,333.55,962768.0,1064770.0
2025-06-18 13:51:04.906477,333.55,962636.0,1064625.0
2025-06-18 13:51:05.834743,333.55,962636.0,1064625.0
2025-06-18 13:51:05.981882,333.55,962794.0,1064579.0
2025-06-18 13:51:06.828057,333.55,962794.0,1064579.0
2025-06-18 13:51:07.081952,333.55,961566.0,1064706.0
2025-06-18 13:51:07.822802,333.6,961566.0,1064706.0
2025-06-18 13:51:08.079961,333.6,962368.0,1064574.0
2025-06-18 13:51:09.680982,333.55,963131.0,1064594.0
2025-06-18 13:51:09.832434,333.55,963131.0,1064594.0
2025-06-18 13:51:10.782153,333.55,962943.0,1064594.0
2025-06-18 13:51:11.829474,333.55,962943.0,1064594.0
2025-06-18 13:51:11.881651,333.6,962437.0,1064560.0
2025-06-18 13:51:12.830981,333.55,962437.0,1064560.0
2025-06-18 13:51:12.979648,333.55,962172.0,1064560.0
2025-06-18 13:51:13.982859,333.55,962597.0,1064552.0
2025-06-18 13:51:14.830313,333.55,962597.0,1064552.0
2025-06-18 13:51:14.984440,333.55,962007.0,1064532.0
2025-06-18 13:51:15.830877,333.55,962007.0,1064532.0
2025-06-18 13:51:16.182812,333.55,962593.0,1064652.0
2025-06-18 13:51:16.823732,333.55,962593.0,1064652.0
2025-06-18 13:51:17.282983,333.55,961775.0,1064652.0
2025-06-18 13:51:17.823051,333.6,961775.0,1064652.0
2025-06-18 13:51:18.185562,333.6,962562.0,1063164.0
2025-06-18 13:51:18.824646,333.55,962562.0,1063164.0
2025-06-18 13:51:19.287246,333.55,962065.0,1062782.0
2025-06-18 13:51:20.488404,333.6,961814.0,1063296.0
2025-06-18 13:51:20.827046,333.6,961814.0,1063296.0
2025-06-18 13:51:21.589727,333.6,960711.0,1063007.0
2025-06-18 13:51:21.826125,333.55,960711.0,1063007.0
2025-06-18 13:51:22.588992,333.6,961156.0,1062998.0
2025-06-18 13:51:22.831332,333.6,961156.0,1062998.0
2025-06-18 13:51:23.689758,333.6,961444.0,1062998.0
2025-06-18 13:51:24.790846,333.55,962016.0,1063133.0
2025-06-18 13:51:24.835064,333.55,962016.0,1063133.0
2025-06-18 13:51:25.846215,333.55,962016.0,1063133.0
2025-06-18 13:51:25.907492,333.55,961907.0,1064007.0
2025-06-18 13:51:26.848098,333.55,961907.0,1064007.0
2025-06-18 13:51:26.912073,333.6,957948.0,1062095.0
2025-06-18 13:51:27.850871,333.6,957948.0,1062095.0
2025-06-18 13:51:27.911351,333.6,964086.0,1061342.0
2025-06-18 13:51:28.911523,333.6,963898.0,1063555.0
2025-06-18 13:51:29.858533,333.5,963898.0,1063555.0
2025-06-18 13:51:29.910601,333.5,962774.0,1064172.0
2025-06-18 13:51:30.895713,333.5,939107.0,1064313.0
2025-06-18 13:51:31.829151,333.55,939107.0,1064313.0
2025-06-18 13:51:31.899352,333.55,938545.0,1066491.0
2025-06-18 13:51:32.868683,333.55,938545.0,1066491.0
2025-06-18 13:51:32.897520,333.55,938676.0,1064854.0
2025-06-18 13:51:33.827049,333.55,938676.0,1064854.0
2025-06-18 13:51:33.898882,333.5,938632.0,1064925.0
2025-06-18 13:51:34.830859,333.5,938632.0,1064925.0
2025-06-18 13:51:34.899288,333.5,938966.0,1064922.0
2025-06-18 13:51:35.827615,333.5,938966.0,1064922.0
2025-06-18 13:51:35.900650,333.5,939939.0,1064922.0
2025-06-18 13:51:36.828721,333.5,939939.0,1064922.0
2025-06-18 13:51:36.901026,333.5,939748.0,1064921.0
2025-06-18 13:51:37.804987,333.55,941069.0,1064738.0
2025-06-18 13:51:37.832911,333.55,941069.0,1064738.0
2025-06-18 13:51:38.827508,333.5,941069.0,1064738.0
2025-06-18 13:51:38.902591,333.5,940818.0,1065316.0
2025-06-18 13:51:39.838436,333.55,940818.0,1065316.0
2025-06-18 13:51:39.904016,333.55,940066.0,1065367.0
2025-06-18 13:51:40.904457,333.55,940008.0,1064359.0
2025-06-18 13:51:41.833901,333.5,940008.0,1064359.0
2025-06-18 13:51:42.029502,333.55,938462.0,1065136.0
2025-06-18 13:51:42.835348,333.55,938462.0,1065136.0
2025-06-18 13:51:42.905522,333.55,939166.0,1064278.0
2025-06-18 13:51:43.909325,333.55,939120.0,1064436.0
2025-06-18 13:51:44.831655,333.5,939120.0,1064436.0
2025-06-18 13:51:44.908858,333.5,938487.0,1064494.0
2025-06-18 13:51:45.831228,333.5,938487.0,1064494.0
2025-06-18 13:51:46.026595,333.5,938957.0,1063087.0
2025-06-18 13:51:46.831353,333.5,938957.0,1063087.0
2025-06-18 13:51:47.111416,333.5,939660.0,1063418.0
2025-06-18 13:51:47.833308,333.55,939660.0,1063418.0
2025-06-18 13:51:48.207940,333.55,940229.0,1065080.0
2025-06-18 13:51:48.834483,333.5,940229.0,1065080.0
2025-06-18 13:51:49.210397,333.5,939657.0,1066410.0
2025-06-18 13:51:50.429122,333.5,939830.0,1067096.0
2025-06-18 13:51:51.541377,333.55,939622.0,1064619.0
2025-06-18 13:51:51.846479,333.5,939622.0,1064619.0
2025-06-18 13:51:52.631116,333.55,939242.0,1066346.0
2025-06-18 13:51:52.857473,333.55,939242.0,1066346.0
2025-06-18 13:51:53.730151,333.5,940139.0,1066023.0
2025-06-18 13:51:53.850706,333.5,940139.0,1066023.0
2025-06-18 13:51:54.733969,333.5,940012.0,1066502.0
2025-06-18 13:51:54.848699,333.5,940012.0,1066502.0
2025-06-18 13:51:55.813652,333.5,939985.0,1066899.0
2025-06-18 13:51:55.837510,333.5,939985.0,1066899.0
2025-06-18 13:51:56.815369,333.5,939278.0,1067060.0
2025-06-18 13:51:56.828628,333.5,939278.0,1067060.0
2025-06-18 13:51:58.993759,333.55,938756.0,1066527.0
2025-06-18 13:51:59.040225,333.55,938756.0,1066527.0
2025-06-18 13:51:59.066343,333.5,938756.0,1066527.0
2025-06-18 13:51:59.070689,333.5,938473.0,1067093.0
2025-06-18 13:51:59.833884,333.5,938473.0,1067093.0
2025-06-18 13:51:59.918630,333.5,938912.0,1067075.0
2025-06-18 13:52:02.853384,333.55,938912.0,1067075.0
2025-06-18 13:52:04.841721,333.55,938912.0,1067075.0
2025-06-18 13:52:04.920483,333.55,938472.0,1066295.0
2025-06-18 13:52:06.861185,333.5,938472.0,1066295.0
2025-06-18 13:52:10.399311,333.55,938472.0,1066295.0
2025-06-18 13:52:10.436889,333.55,939121.0,1064058.0
2025-06-18 13:52:10.840089,333.55,939121.0,1064058.0
2025-06-18 13:52:12.865448,333.6,939121.0,1064058.0
2025-06-18 13:52:13.035465,333.6,939121.0,1064058.0
2025-06-18 13:52:14.173809,333.6,939121.0,1064058.0
2025-06-18 13:52:14.894728,333.55,939121.0,1064058.0
2025-06-18 13:52:15.349939,333.55,939121.0,1064058.0
2025-06-18 13:52:15.441712,333.55,939955.0,1064587.0
2025-06-18 13:52:16.340709,333.55,939955.0,1064587.0
2025-06-18 13:52:16.858024,333.55,939955.0,1064587.0
2025-06-18 13:52:17.298243,333.55,939955.0,1064587.0
2025-06-18 13:52:18.188620,333.55,939955.0,1064587.0
2025-06-18 13:52:18.861143,333.55,939955.0,1064587.0
2025-06-18 13:52:19.394331,333.55,939955.0,1064587.0
2025-06-18 13:52:20.037087,333.55,937376.0,1065180.0
2025-06-18 13:52:20.372927,333.55,937376.0,1065180.0
2025-06-18 13:52:20.849929,333.6,937376.0,1065180.0
2025-06-18 13:52:20.887820,333.6,937376.0,1065180.0
2025-06-18 13:52:21.270045,333.6,937376.0,1065180.0
2025-06-18 13:52:22.155856,333.6,937376.0,1065180.0
2025-06-18 13:52:22.845615,333.6,937376.0,1065180.0
2025-06-18 13:52:23.423085,333.6,937376.0,1065180.0
2025-06-18 13:52:24.305805,333.6,937376.0,1065180.0
2025-06-18 13:52:24.541158,333.55,938736.0,1065480.0
2025-06-18 13:52:24.860358,333.55,938736.0,1065480.0
2025-06-18 13:52:25.712929,333.55,938736.0,1065480.0
2025-06-18 13:52:26.855154,333.55,938736.0,1065480.0
2025-06-18 13:52:26.874540,333.55,938736.0,1065480.0
2025-06-18 13:52:28.047544,333.55,938736.0,1065480.0
2025-06-18 13:52:28.841866,333.6,938736.0,1065480.0
2025-06-18 13:52:29.139476,333.6,937024.0,1064967.0
2025-06-18 13:52:29.549699,333.6,937024.0,1064967.0
2025-06-18 13:52:30.842071,333.55,937024.0,1064967.0
2025-06-18 13:52:32.844796,333.6,937024.0,1064967.0
2025-06-18 13:52:33.846319,333.6,938290.0,1065672.0
2025-06-18 13:52:34.841594,333.6,938290.0,1065672.0
2025-06-18 13:52:36.838152,333.55,938290.0,1065672.0
2025-06-18 13:52:38.748614,333.6,937369.0,1065873.0
2025-06-18 13:52:38.840012,333.6,937369.0,1065873.0
2025-06-18 13:52:40.899303,333.55,937369.0,1065873.0
2025-06-18 13:52:42.864152,333.6,937369.0,1065873.0
2025-06-18 13:52:43.570571,333.55,937384.0,1065679.0
2025-06-18 13:52:44.865582,333.55,937384.0,1065679.0
2025-06-18 13:52:46.844275,333.55,937384.0,1065679.0
2025-06-18 13:52:48.254287,333.6,936945.0,1066171.0
2025-06-18 13:52:48.838962,333.6,936945.0,1066171.0
2025-06-18 13:52:52.652927,333.55,937256.0,1065688.0
2025-06-18 13:52:52.839424,333.55,937256.0,1065688.0
2025-06-18 13:52:54.867108,333.55,937256.0,1065688.0
2025-06-18 13:52:56.845705,333.5,937256.0,1065688.0
2025-06-18 13:52:57.166617,333.6,936755.0,1066237.0
2025-06-18 13:52:58.839063,333.6,936755.0,1066237.0
2025-06-18 13:53:00.846994,333.5,936755.0,1066237.0
2025-06-18 13:53:02.165931,333.55,943144.0,1061874.0
2025-06-18 13:53:02.850138,333.55,943144.0,1061874.0
2025-06-18 13:53:04.897135,333.55,943144.0,1061874.0
2025-06-18 13:53:06.858017,333.55,943144.0,1061874.0
2025-06-18 13:53:07.683907,333.55,941727.0,1061845.0
2025-06-18 13:53:08.863264,333.6,941727.0,1061845.0
2025-06-18 13:53:10.844552,333.55,941727.0,1061845.0
2025-06-18 13:53:12.868520,333.6,941727.0,1061845.0
2025-06-18 13:53:12.964085,333.6,939702.0,1062456.0
2025-06-18 13:53:14.848473,333.55,939702.0,1062456.0
2025-06-18 13:53:16.843542,333.55,939702.0,1062456.0
2025-06-18 13:53:17.870629,333.55,937424.0,1062031.0
2025-06-18 13:53:18.848228,333.55,937424.0,1062031.0
2025-06-18 13:53:20.844664,333.55,937424.0,1062031.0
2025-06-18 13:53:22.575534,333.6,937258.0,1061481.0
2025-06-18 13:53:22.847517,333.6,937258.0,1061481.0
2025-06-18 13:53:24.850488,333.5,937258.0,1061481.0
2025-06-18 13:53:26.840638,333.5,937258.0,1061481.0
2025-06-18 13:53:27.279368,333.6,938883.0,1061581.0
2025-06-18 13:53:28.844582,333.5,938883.0,1061581.0
2025-06-18 13:53:30.872283,333.5,938883.0,1061581.0
2025-06-18 13:53:32.191299,333.55,938162.0,1061457.0
2025-06-18 13:53:32.862894,333.55,938162.0,1061457.0
2025-06-18 13:53:34.869954,333.5,938162.0,1061457.0
2025-06-18 13:53:36.846103,333.55,938162.0,1061457.0
2025-06-18 13:53:36.878908,333.55,940154.0,1061929.0
2025-06-18 13:53:38.873904,333.55,940154.0,1061929.0
2025-06-18 13:53:40.850369,333.55,940154.0,1061929.0
2025-06-18 13:53:41.785897,333.55,937223.0,1063395.0
2025-06-18 13:53:42.850473,333.5,937223.0,1063395.0
2025-06-18 13:53:44.847819,333.5,937223.0,1063395.0
2025-06-18 13:53:46.719309,333.5,936770.0,1061419.0
2025-06-18 13:53:46.843633,333.5,936770.0,1061419.0
2025-06-18 13:53:48.869202,333.6,936770.0,1061419.0
2025-06-18 13:53:50.846471,333.5,936770.0,1061419.0
2025-06-18 13:53:51.093173,333.5,937450.0,1060636.0
2025-06-18 13:53:52.853471,333.45,937450.0,1060636.0
2025-06-18 13:53:54.852150,333.45,937450.0,1060636.0
2025-06-18 13:53:55.906735,333.45,937404.0,1061152.0
2025-06-18 13:53:56.868734,333.45,937404.0,1061152.0
2025-06-18 13:53:58.875165,333.45,937404.0,1061152.0
2025-06-18 13:54:00.840952,333.5,937404.0,1061152.0
2025-06-18 13:54:01.194586,333.5,940454.0,1061598.0
2025-06-18 13:54:02.853222,333.5,940454.0,1061598.0
2025-06-18 13:54:06.397138,333.45,941001.0,1062439.0
2025-06-18 13:54:06.838091,333.45,941001.0,1062439.0
2025-06-18 13:54:08.876651,333.45,941001.0,1062439.0
2025-06-18 13:54:10.854426,333.45,941001.0,1062439.0
2025-06-18 13:54:11.502617,333.5,939689.0,1063431.0
2025-06-18 13:54:12.846280,333.5,939689.0,1063431.0
2025-06-18 13:54:14.843904,333.45,939689.0,1063431.0
2025-06-18 13:54:16.409026,333.45,939977.0,1063212.0
2025-06-18 13:54:16.851248,333.45,939977.0,1063212.0
2025-06-18 13:54:18.852998,333.45,939977.0,1063212.0
2025-06-18 13:54:20.864695,333.45,939977.0,1063212.0
2025-06-18 13:54:21.029371,333.45,934313.0,1069065.0
2025-06-18 13:54:22.863204,333.5,934313.0,1069065.0
2025-06-18 13:54:24.875215,333.45,934313.0,1069065.0
2025-06-18 13:54:25.612252,333.45,934380.0,1068422.0
2025-06-18 13:54:26.851908,333.45,934380.0,1068422.0
2025-06-18 13:54:29.564469,333.5,934380.0,1068422.0
2025-06-18 13:54:30.122077,333.45,936983.0,1068723.0
2025-06-18 13:54:30.845182,333.45,936983.0,1068723.0
2025-06-18 13:54:32.851183,333.5,936983.0,1068723.0
2025-06-18 13:54:34.720894,333.5,937125.0,1068607.0
2025-06-18 13:54:34.848780,333.5,937125.0,1068607.0
2025-06-18 13:54:36.847407,333.45,937125.0,1068607.0
2025-06-18 13:54:38.847273,333.45,937125.0,1068607.0
2025-06-18 13:54:39.426337,333.45,936147.0,1068848.0
2025-06-18 13:54:40.870811,333.45,936147.0,1068848.0
2025-06-18 13:54:42.848646,333.5,936147.0,1068848.0
2025-06-18 13:54:44.034760,333.5,935995.0,1068015.0
2025-06-18 13:54:44.851753,333.45,935995.0,1068015.0
2025-06-18 13:54:46.867978,333.45,935995.0,1068015.0
2025-06-18 13:54:48.446121,333.5,936137.0,1067499.0
2025-06-18 13:54:48.870030,333.5,936137.0,1067499.0
2025-06-18 13:54:50.848107,333.55,936137.0,1067499.0
2025-06-18 13:54:52.853319,333.5,936137.0,1067499.0
2025-06-18 13:54:53.332114,333.5,936134.0,1065403.0
2025-06-18 13:54:54.862978,333.5,936134.0,1065403.0
2025-06-18 13:54:56.846931,333.45,936134.0,1065403.0
2025-06-18 13:54:58.545359,333.45,935978.0,1066535.0
2025-06-18 13:54:58.850551,333.45,935978.0,1066535.0
2025-06-18 13:55:00.846873,333.45,935978.0,1066535.0
2025-06-18 13:55:02.856948,333.6,935978.0,1066535.0
2025-06-18 13:55:03.639260,333.6,936744.0,1062423.0
2025-06-18 13:55:04.852716,333.6,936744.0,1062423.0
2025-06-18 13:55:06.852327,333.5,936744.0,1062423.0
2025-06-18 13:55:08.444239,333.6,938125.0,1061218.0
2025-06-18 13:55:08.854167,333.65,938125.0,1061218.0
2025-06-18 13:55:10.869784,333.65,938125.0,1061218.0
2025-06-18 13:55:12.870238,333.65,938125.0,1061218.0
2025-06-18 13:55:13.161349,333.65,937244.0,1062729.0
2025-06-18 13:55:13.486390,333.65,937244.0,1062729.0
2025-06-18 13:55:14.618001,333.65,937244.0,1062729.0
2025-06-18 13:55:14.865077,333.5,937244.0,1062729.0
2025-06-18 13:55:15.663894,333.5,937244.0,1062729.0
2025-06-18 13:55:16.732082,333.5,937244.0,1062729.0
2025-06-18 13:55:16.855608,333.5,937244.0,1062729.0
2025-06-18 13:55:17.686124,333.5,937244.0,1062729.0
2025-06-18 13:55:17.746970,333.5,938519.0,1059862.0
2025-06-18 13:55:18.595108,333.5,938519.0,1059862.0
2025-06-18 13:55:18.854568,333.45,938519.0,1059862.0
2025-06-18 13:55:19.815592,333.45,938519.0,1059862.0
2025-06-18 13:55:20.405637,333.45,938519.0,1059862.0
2025-06-18 13:55:20.851837,333.5,938519.0,1059862.0
2025-06-18 13:55:21.332214,333.5,938519.0,1059862.0
2025-06-18 13:55:22.351546,333.5,938996.0,1061812.0
2025-06-18 13:55:22.612801,333.5,938996.0,1061812.0
2025-06-18 13:55:22.854153,333.5,938996.0,1061812.0
2025-06-18 13:55:23.879257,333.5,938996.0,1061812.0
2025-06-18 13:55:24.769509,333.5,938996.0,1061812.0
2025-06-18 13:55:24.864126,333.45,938996.0,1061812.0
2025-06-18 13:55:26.195286,333.45,938996.0,1061812.0
2025-06-18 13:55:26.855254,333.45,938996.0,1061812.0
2025-06-18 13:55:27.052731,333.5,938727.0,1063143.0
2025-06-18 13:55:27.354970,333.5,938727.0,1063143.0
2025-06-18 13:55:28.531690,333.5,938727.0,1063143.0
2025-06-18 13:55:28.856770,333.5,938727.0,1063143.0
2025-06-18 13:55:30.051565,333.5,938727.0,1063143.0
2025-06-18 13:55:30.860703,333.5,938727.0,1063143.0
2025-06-18 13:55:31.756155,333.5,942029.0,1061210.0
2025-06-18 13:55:34.240097,333.6,942029.0,1061210.0
2025-06-18 13:55:34.913328,333.6,942029.0,1061210.0
2025-06-18 13:55:36.082864,333.5,941609.0,1062372.0
2025-06-18 13:55:36.882979,333.5,941609.0,1062372.0
2025-06-18 13:55:38.876740,333.6,941609.0,1062372.0
2025-06-18 13:55:40.760614,333.5,941821.0,1063757.0
2025-06-18 13:55:40.852445,333.5,941821.0,1063757.0
2025-06-18 13:55:42.859117,333.55,941821.0,1063757.0
2025-06-18 13:55:44.854435,333.5,941821.0,1063757.0
2025-06-18 13:55:45.664434,333.5,944069.0,1059300.0
2025-06-18 13:55:45.857365,333.5,944069.0,1059300.0
2025-06-18 13:55:46.853264,333.5,944069.0,1059300.0
2025-06-18 13:55:47.850642,333.55,944069.0,1059300.0
2025-06-18 13:55:48.857134,333.5,944069.0,1059300.0
2025-06-18 13:55:50.369631,333.5,942747.0,1059955.0
2025-06-18 13:55:50.858463,333.5,942747.0,1059955.0
2025-06-18 13:55:51.851900,333.55,942747.0,1059955.0
2025-06-18 13:55:52.849601,333.55,942747.0,1059955.0
2025-06-18 13:55:53.849606,333.5,942747.0,1059955.0
2025-06-18 13:55:54.854338,333.5,942747.0,1059955.0
2025-06-18 13:55:54.876669,333.5,941706.0,1060403.0
2025-06-18 13:55:55.854935,333.45,941706.0,1060403.0
2025-06-18 13:55:56.850917,333.45,941706.0,1060403.0
2025-06-18 13:55:58.868392,333.45,941706.0,1060403.0
2025-06-18 13:55:59.517014,333.5,942167.0,1059692.0
2025-06-18 13:56:00.876625,333.45,942167.0,1059692.0
2025-06-18 13:56:02.890134,333.5,942167.0,1059692.0
2025-06-18 13:56:04.295157,333.6,943171.0,1062215.0
2025-06-18 13:56:04.849276,333.6,943171.0,1062215.0
2025-06-18 13:56:06.850942,333.5,943171.0,1062215.0
2025-06-18 13:56:08.855916,333.6,943171.0,1062215.0
2025-06-18 13:56:09.077153,333.6,943461.0,1063517.0
2025-06-18 13:56:10.853903,333.5,943461.0,1063517.0
2025-06-18 13:56:12.850231,333.6,943461.0,1063517.0
2025-06-18 13:56:13.982065,332.95,892435.0,1095915.0
2025-06-18 13:56:14.853064,333.1,892435.0,1095915.0
2025-06-18 13:56:16.857778,333.05,892435.0,1095915.0
2025-06-18 13:56:18.589502,333.0,913784.0,1096584.0
2025-06-18 13:56:18.883410,333.0,913784.0,1096584.0
2025-06-18 13:56:20.849802,333.0,913784.0,1096584.0
2025-06-18 13:56:22.851523,333.05,913784.0,1096584.0
2025-06-18 13:56:23.389489,333.05,913562.0,1098001.0
2025-06-18 13:56:24.908530,332.9,913562.0,1098001.0
2025-06-18 13:56:26.899107,332.85,913562.0,1098001.0
2025-06-18 13:56:28.004760,332.95,915559.0,1098420.0
2025-06-18 13:56:28.884749,332.95,915559.0,1098420.0
2025-06-18 13:56:30.865950,332.9,915559.0,1098420.0
2025-06-18 13:56:32.493149,332.95,916929.0,1098638.0
2025-06-18 13:56:32.859413,333.05,916929.0,1098638.0
2025-06-18 13:56:34.860670,333.1,916929.0,1098638.0
2025-06-18 13:56:36.860159,332.9,916929.0,1098638.0
2025-06-18 13:56:36.994813,333.0,920992.0,1091391.0
2025-06-18 13:56:38.857726,332.9,920992.0,1091391.0
2025-06-18 13:56:40.893291,333.05,920992.0,1091391.0
2025-06-18 13:56:41.500317,332.95,869460.0,1097545.0
2025-06-18 13:56:42.854351,332.95,869460.0,1097545.0
2025-06-18 13:56:44.869779,332.85,869460.0,1097545.0
2025-06-18 13:56:46.004583,332.85,870056.0,1097303.0
2025-06-18 13:56:46.863465,332.85,870056.0,1097303.0
2025-06-18 13:56:48.863278,332.85,870056.0,1097303.0
2025-06-18 13:56:50.525100,332.85,867874.0,1094736.0
2025-06-18 13:56:52.876937,332.9,867874.0,1094736.0
2025-06-18 13:56:54.866396,332.85,867874.0,1094736.0
2025-06-18 13:56:55.411342,332.85,870912.0,1094194.0
2025-06-18 13:56:56.873274,332.9,870912.0,1094194.0
2025-06-18 13:56:58.864251,332.9,870912.0,1094194.0
2025-06-18 13:57:00.113714,332.85,869454.0,1094525.0
2025-06-18 13:57:00.859790,332.85,869454.0,1094525.0
2025-06-18 13:57:01.414081,332.85,869760.0,1094245.0
2025-06-18 13:57:01.850876,332.9,869760.0,1094245.0
2025-06-18 13:57:02.413040,332.9,869733.0,1094348.0
2025-06-18 13:57:02.854615,332.9,869733.0,1094348.0
2025-06-18 13:57:03.413453,332.9,869734.0,1094357.0
2025-06-18 13:57:03.850423,332.9,869734.0,1094357.0
2025-06-18 13:57:04.513509,332.9,870280.0,1094355.0
2025-06-18 13:57:04.850047,332.9,870280.0,1094355.0
2025-06-18 13:57:05.613159,332.85,870731.0,1093801.0
2025-06-18 13:57:05.850748,332.85,870731.0,1093801.0
2025-06-18 13:57:06.714502,332.9,870852.0,1093973.0
2025-06-18 13:57:06.854939,332.85,870852.0,1093973.0
2025-06-18 13:57:07.616144,332.9,870796.0,1093672.0
2025-06-18 13:57:07.847240,332.9,870796.0,1093672.0
2025-06-18 13:57:08.715351,332.85,869264.0,1093442.0
2025-06-18 13:57:08.874170,332.85,869264.0,1093442.0
2025-06-18 13:57:09.719800,332.85,867197.0,1093544.0
2025-06-18 13:57:09.857210,332.9,867197.0,1093544.0
2025-06-18 13:57:10.719283,332.8,867860.0,1093233.0
2025-06-18 13:57:10.850999,332.8,867860.0,1093233.0
2025-06-18 13:57:11.838319,332.8,869264.0,1093878.0
2025-06-18 13:57:11.853371,332.9,869264.0,1093878.0
2025-06-18 13:57:12.847773,332.9,869264.0,1093878.0
2025-06-18 13:57:12.918579,332.9,870182.0,1093624.0
2025-06-18 13:57:14.019435,332.9,869266.0,1094056.0
2025-06-18 13:57:14.855546,332.85,869266.0,1094056.0
2025-06-18 13:57:15.158835,332.85,870953.0,1093778.0
2025-06-18 13:57:15.866007,332.85,870953.0,1093778.0
2025-06-18 13:57:16.243850,332.85,870853.0,1093856.0
2025-06-18 13:57:16.868688,332.85,870853.0,1093856.0
2025-06-18 13:57:17.141371,332.85,870944.0,1093971.0
2025-06-18 13:57:17.866957,332.95,870944.0,1093971.0
2025-06-18 13:57:18.238649,332.95,868726.0,1085824.0
2025-06-18 13:57:18.873295,333.1,868726.0,1085824.0
2025-06-18 13:57:19.237494,333.1,872123.0,1085546.0
2025-06-18 13:57:19.890971,333.0,872123.0,1085546.0
2025-06-18 13:57:20.223920,333.0,868715.0,1114387.0
2025-06-18 13:57:20.850000,333.0,868715.0,1114387.0
2025-06-18 13:57:21.222996,333.0,871226.0,1090916.0
2025-06-18 13:57:21.853881,333.1,871226.0,1090916.0
2025-06-18 13:57:22.224180,333.1,870761.0,1090770.0
2025-06-18 13:57:22.849953,333.1,870761.0,1090770.0
2025-06-18 13:57:23.323795,333.1,870941.0,1088269.0
2025-06-18 13:57:24.323942,333.1,873744.0,1087925.0
2025-06-18 13:57:24.855989,333.0,873744.0,1087925.0
2025-06-18 13:57:25.324995,333.0,874188.0,1089316.0
2025-06-18 13:57:25.854611,333.3,874188.0,1089316.0
2025-06-18 13:57:26.226283,333.0,867173.0,1079736.0
2025-06-18 13:57:26.880742,333.0,867173.0,1079736.0
2025-06-18 13:57:27.327865,333.15,864584.0,1083967.0
2025-06-18 13:57:27.847004,333.15,864584.0,1083967.0
2025-06-18 13:57:28.426801,333.15,867851.0,1081163.0
2025-06-18 13:57:28.862354,333.15,867851.0,1081163.0
2025-06-18 13:57:29.425829,333.2,868537.0,1082679.0
2025-06-18 13:57:29.849363,333.2,868537.0,1082679.0
2025-06-18 13:57:30.431646,333.2,867917.0,1085116.0
2025-06-18 13:57:31.429354,333.2,867832.0,1085307.0
2025-06-18 13:57:31.850661,333.2,867832.0,1085307.0
2025-06-18 13:57:32.531644,333.2,868358.0,1084237.0
2025-06-18 13:57:32.848989,333.2,868358.0,1084237.0
2025-06-18 13:57:33.531343,333.15,863996.0,1088776.0
2025-06-18 13:57:33.849424,333.1,863996.0,1088776.0
2025-06-18 13:57:34.532570,333.15,863665.0,1085316.0
2025-06-18 13:57:34.848900,333.2,863665.0,1085316.0
2025-06-18 13:57:35.434280,333.05,865501.0,1082419.0
2025-06-18 13:57:35.864918,333.05,865501.0,1082419.0
2025-06-18 13:57:36.436045,333.05,865037.0,1082516.0
2025-06-18 13:57:36.859627,333.05,865037.0,1082516.0
2025-06-18 13:57:37.535892,333.15,864329.0,1083736.0
2025-06-18 13:57:37.847739,333.15,864329.0,1083736.0
2025-06-18 13:57:38.638754,333.15,863747.0,1085251.0
2025-06-18 13:57:39.686324,333.05,863887.0,1086019.0
2025-06-18 13:57:39.899047,333.05,863887.0,1086019.0
2025-06-18 13:57:40.761266,333.05,864273.0,1085673.0
2025-06-18 13:57:40.870595,333.05,864273.0,1085673.0
2025-06-18 13:57:41.910923,333.1,863068.0,1086195.0
2025-06-18 13:57:41.912844,333.1,863068.0,1086195.0
2025-06-18 13:57:42.961757,333.1,863170.0,1086195.0
2025-06-18 13:57:43.942587,333.05,862881.0,1086020.0
2025-06-18 13:57:44.854439,333.05,862881.0,1086020.0
2025-06-18 13:57:45.047896,333.05,863437.0,1086221.0
2025-06-18 13:57:45.851733,333.05,863437.0,1086221.0
2025-06-18 13:57:46.096903,333.05,863565.0,1086882.0
2025-06-18 13:57:46.849857,333.05,863565.0,1086882.0
2025-06-18 13:57:47.146729,333.1,863675.0,1086931.0
2025-06-18 13:57:47.851865,333.1,863675.0,1086931.0
2025-06-18 13:57:48.147571,333.1,863716.0,1086952.0
2025-06-18 13:57:48.851121,333.0,863716.0,1086952.0
2025-06-18 13:57:49.144590,333.0,864072.0,1086676.0
2025-06-18 13:57:50.147412,333.0,864089.0,1086676.0
2025-06-18 13:57:51.147274,333.0,864071.0,1086199.0
2025-06-18 13:57:51.855618,333.1,864071.0,1086199.0
2025-06-18 13:57:52.151613,333.0,864152.0,1086241.0
2025-06-18 13:57:52.852021,333.1,864152.0,1086241.0
2025-06-18 13:57:53.148777,333.1,864035.0,1085920.0
2025-06-18 13:57:54.151363,333.1,863988.0,1086791.0
2025-06-18 13:57:54.854587,333.0,863988.0,1086791.0
2025-06-18 13:57:55.149587,333.0,864191.0,1086209.0
2025-06-18 13:57:55.854041,333.0,864191.0,1086209.0
2025-06-18 13:57:56.150129,333.0,867130.0,1085971.0
2025-06-18 13:57:56.854962,333.0,867130.0,1085971.0
2025-06-18 13:57:57.151259,333.1,867279.0,1085999.0
2025-06-18 13:57:57.853465,333.1,867279.0,1085999.0
2025-06-18 13:57:58.150506,333.1,868482.0,1085999.0
2025-06-18 13:57:59.150617,333.1,869657.0,1088159.0
2025-06-18 13:57:59.857007,333.0,869657.0,1088159.0
2025-06-18 13:58:00.149669,333.0,868655.0,1088189.0
2025-06-18 13:58:00.855978,333.05,868655.0,1088189.0
2025-06-18 13:58:01.554361,333.05,869897.0,1087527.0
2025-06-18 13:58:01.857688,333.05,869897.0,1087527.0
2025-06-18 13:58:02.658786,333.05,869790.0,1086713.0
2025-06-18 13:58:02.854706,333.05,869790.0,1086713.0
2025-06-18 13:58:03.857282,333.05,869790.0,1086713.0
2025-06-18 13:58:04.350013,333.05,868799.0,1087014.0
2025-06-18 13:58:05.473494,333.0,868688.0,1087175.0
2025-06-18 13:58:05.874803,333.0,868688.0,1087175.0
2025-06-18 13:58:06.473444,333.0,868428.0,1087479.0
2025-06-18 13:58:06.874851,333.0,868428.0,1087479.0
2025-06-18 13:58:07.469909,333.05,869613.0,1087277.0
2025-06-18 13:58:07.876017,333.05,869613.0,1087277.0
2025-06-18 13:58:08.470983,333.0,869800.0,1087266.0
2025-06-18 13:58:08.878568,333.0,869800.0,1087266.0
2025-06-18 13:58:09.517984,333.0,869710.0,1087954.0
2025-06-18 13:58:09.899489,333.0,869710.0,1087954.0
2025-06-18 13:58:10.559305,333.0,869953.0,1088630.0
2025-06-18 13:58:10.862450,333.0,869953.0,1088630.0
2025-06-18 13:58:11.655598,333.0,869637.0,1087806.0
2025-06-18 13:58:11.857147,333.05,869637.0,1087806.0
2025-06-18 13:58:12.755974,333.05,869587.0,1087802.0
2025-06-18 13:58:13.758089,333.05,870095.0,1088627.0
2025-06-18 13:58:13.964805,333.05,870095.0,1088627.0
2025-06-18 13:58:14.758922,333.0,869890.0,1087782.0
2025-06-18 13:58:14.856748,333.0,869890.0,1087782.0
2025-06-18 13:58:15.089785,333.0,869890.0,1087782.0
2025-06-18 13:58:15.759755,333.0,869436.0,1088106.0
2025-06-18 13:58:15.857952,333.05,869436.0,1088106.0
2025-06-18 13:58:16.059826,333.05,869436.0,1088106.0
2025-06-18 13:58:16.761326,333.05,869937.0,1088621.0
2025-06-18 13:58:16.891719,333.0,869937.0,1088621.0
2025-06-18 13:58:17.181910,333.0,869937.0,1088621.0
2025-06-18 13:58:17.760908,333.05,869850.0,1088615.0
2025-06-18 13:58:17.880578,333.05,869850.0,1088615.0
2025-06-18 13:58:18.146293,333.05,869850.0,1088615.0
2025-06-18 13:58:18.762364,333.0,868818.0,1088615.0
2025-06-18 13:58:18.883159,333.0,868818.0,1088615.0
2025-06-18 13:58:19.036397,333.0,868818.0,1088615.0
2025-06-18 13:58:19.868626,333.0,868872.0,1089059.0
2025-06-18 13:58:20.252556,333.0,868872.0,1089059.0
2025-06-18 13:58:20.765312,333.0,868870.0,1089169.0
2025-06-18 13:58:20.844980,333.0,868870.0,1089169.0
2025-06-18 13:58:21.261131,333.0,868870.0,1089169.0
2025-06-18 13:58:21.769855,333.0,868872.0,1089169.0
2025-06-18 13:58:21.907747,333.05,868872.0,1089169.0
2025-06-18 13:58:22.153948,333.05,868872.0,1089169.0
2025-06-18 13:58:22.766012,333.05,868999.0,1089158.0
2025-06-18 13:58:22.889422,333.05,868999.0,1089158.0
2025-06-18 13:58:23.039296,333.05,868999.0,1089158.0
2025-06-18 13:58:23.764900,333.05,868999.0,1089158.0
2025-06-18 13:58:24.302620,333.05,868999.0,1089158.0
2025-06-18 13:58:24.765412,333.05,868129.0,1087802.0
2025-06-18 13:58:24.886187,333.05,868129.0,1087802.0
2025-06-18 13:58:25.180963,333.05,868129.0,1087802.0
2025-06-18 13:58:25.766166,333.0,867989.0,1088279.0
2025-06-18 13:58:25.859217,333.0,867989.0,1088279.0
2025-06-18 13:58:26.599096,333.0,867989.0,1088279.0
2025-06-18 13:58:26.857132,333.0,867989.0,1088279.0
2025-06-18 13:58:26.868614,333.0,869256.0,1088279.0
2025-06-18 13:58:27.748383,333.0,869256.0,1088279.0
2025-06-18 13:58:27.858883,333.05,869256.0,1088279.0
2025-06-18 13:58:27.872543,333.05,870010.0,1087892.0
2025-06-18 13:58:28.910895,333.05,870010.0,1087892.0
2025-06-18 13:58:29.112737,333.05,870208.0,1087892.0
2025-06-18 13:58:29.920465,333.0,870208.0,1087892.0
2025-06-18 13:58:30.012494,333.0,870002.0,1088434.0
2025-06-18 13:58:30.433198,333.0,870002.0,1088434.0
2025-06-18 13:58:30.875198,333.0,870002.0,1088434.0
2025-06-18 13:58:31.250362,333.0,869116.0,1088679.0
2025-06-18 13:58:31.877840,333.05,869116.0,1088679.0
2025-06-18 13:58:32.286187,333.05,869668.0,1088675.0
2025-06-18 13:58:32.887708,333.0,869668.0,1088675.0
2025-06-18 13:58:33.286881,333.0,870041.0,1089087.0
2025-06-18 13:58:33.886054,333.05,870041.0,1089087.0
2025-06-18 13:58:34.382883,333.05,870009.0,1087034.0
2025-06-18 13:58:34.897444,333.0,870009.0,1087034.0
2025-06-18 13:58:35.369936,333.05,870323.0,1086285.0
2025-06-18 13:58:35.859949,333.0,870323.0,1086285.0
2025-06-18 13:58:36.574185,333.0,870983.0,1086555.0
2025-06-18 13:58:36.920055,333.0,870983.0,1086555.0
2025-06-18 13:58:37.669539,333.05,871049.0,1086551.0
2025-06-18 13:58:37.860472,333.05,871049.0,1086551.0
2025-06-18 13:58:38.768376,333.0,870649.0,1086150.0
2025-06-18 13:58:38.859709,333.0,870649.0,1086150.0
2025-06-18 13:58:39.771121,333.05,870408.0,1086596.0
2025-06-18 13:58:39.858887,333.05,870408.0,1086596.0
2025-06-18 13:58:40.858142,333.1,870408.0,1086596.0
2025-06-18 13:58:40.911141,333.1,871864.0,1087524.0
2025-06-18 13:58:41.862043,333.1,871864.0,1087524.0
2025-06-18 13:58:41.874481,333.1,870223.0,1087291.0
2025-06-18 13:58:42.864702,333.05,870223.0,1087291.0
2025-06-18 13:58:42.971555,333.05,870502.0,1087404.0
2025-06-18 13:58:43.972060,333.05,870444.0,1087404.0
2025-06-18 13:58:44.859072,333.05,870444.0,1087404.0
2025-06-18 13:58:44.898403,333.05,869816.0,1086259.0
2025-06-18 13:58:45.858631,333.05,869816.0,1086259.0
2025-06-18 13:58:45.973477,333.05,870283.0,1086681.0
2025-06-18 13:58:46.857819,333.05,870283.0,1086681.0
2025-06-18 13:58:46.975344,333.05,869948.0,1086955.0
2025-06-18 13:58:47.939161,333.15,869948.0,1086955.0
2025-06-18 13:58:47.974224,333.15,869018.0,1086776.0
2025-06-18 13:58:48.975190,333.15,869871.0,1086436.0
2025-06-18 13:58:50.081722,333.15,869918.0,1084860.0
2025-06-18 13:58:51.083754,333.15,870287.0,1085237.0
2025-06-18 13:58:51.861858,333.15,870287.0,1085237.0
2025-06-18 13:58:52.078922,333.05,871379.0,1089566.0
2025-06-18 13:58:52.917657,333.15,871379.0,1089566.0
2025-06-18 13:58:53.080336,333.15,870371.0,1087318.0
2025-06-18 13:58:54.085228,333.15,869505.0,1087306.0
2025-06-18 13:58:54.945807,333.0,869505.0,1087306.0
2025-06-18 13:58:55.512428,333.0,870622.0,1087301.0
2025-06-18 13:58:55.882105,333.0,870622.0,1087301.0
2025-06-18 13:58:56.203210,333.0,869704.0,1087330.0
2025-06-18 13:58:56.885680,333.0,869704.0,1087330.0
2025-06-18 13:58:57.203197,333.15,869834.0,1086793.0
2025-06-18 13:58:57.870014,333.15,869834.0,1086793.0
2025-06-18 13:58:58.198639,333.15,870135.0,1086496.0
2025-06-18 13:58:59.204584,333.15,869609.0,1087103.0
2025-06-18 13:58:59.880421,333.1,869609.0,1087103.0
2025-06-18 13:59:00.185729,333.05,869190.0,1086927.0
2025-06-18 13:59:00.863883,333.05,869190.0,1086927.0
2025-06-18 13:59:02.866006,333.1,869190.0,1086927.0
2025-06-18 13:59:04.874740,333.0,869190.0,1086927.0
2025-06-18 13:59:04.896099,333.0,868366.0,1089444.0
2025-06-18 13:59:06.878870,333.0,868366.0,1089444.0
2025-06-18 13:59:08.884356,332.95,868366.0,1089444.0
2025-06-18 13:59:09.692334,332.95,866336.0,1087616.0
2025-06-18 13:59:10.898129,333.0,866336.0,1087616.0
2025-06-18 13:59:12.873020,332.95,866336.0,1087616.0
2025-06-18 13:59:14.500771,332.95,868546.0,1087700.0
2025-06-18 13:59:14.881277,332.95,868546.0,1087700.0
2025-06-18 13:59:16.879128,332.95,868546.0,1087700.0
2025-06-18 13:59:18.887500,332.95,868546.0,1087700.0
2025-06-18 13:59:19.205551,332.95,868267.0,1088957.0
2025-06-18 13:59:20.911433,332.95,868267.0,1088957.0
2025-06-18 13:59:22.932923,333.1,868267.0,1088957.0
2025-06-18 13:59:23.932645,333.1,868742.0,1090847.0
2025-06-18 13:59:24.890809,332.95,868742.0,1090847.0
2025-06-18 13:59:26.882752,332.95,868742.0,1090847.0
2025-06-18 13:59:28.215550,333.1,864645.0,1090590.0
2025-06-18 13:59:28.877482,333.1,864645.0,1090590.0
2025-06-18 13:59:30.878339,333.0,864645.0,1090590.0
2025-06-18 13:59:32.883393,333.1,864645.0,1090590.0
2025-06-18 13:59:32.916891,333.1,866532.0,1091040.0
2025-06-18 13:59:34.882573,333.1,866532.0,1091040.0
2025-06-18 13:59:36.875579,333.0,866532.0,1091040.0
2025-06-18 13:59:38.121127,333.1,867572.0,1090922.0
2025-06-18 13:59:38.886960,333.1,867572.0,1090922.0
2025-06-18 13:59:40.874581,333.0,867572.0,1090922.0
2025-06-18 13:59:42.721691,332.95,866163.0,1088281.0
2025-06-18 13:59:42.871777,332.95,866163.0,1088281.0
2025-06-18 13:59:44.946936,332.95,866163.0,1088281.0
2025-06-18 13:59:46.895164,333.0,866163.0,1088281.0
2025-06-18 13:59:47.043863,333.0,876434.0,1087820.0
2025-06-18 13:59:48.891030,333.0,876434.0,1087820.0
2025-06-18 13:59:50.878555,333.05,876434.0,1087820.0
2025-06-18 13:59:51.528747,333.05,877244.0,1089100.0
2025-06-18 13:59:52.878461,333.05,877244.0,1089100.0
2025-06-18 13:59:54.884978,333.15,877244.0,1089100.0
2025-06-18 13:59:56.231573,333.0,875386.0,1087741.0
2025-06-18 13:59:56.883240,333.0,875386.0,1087741.0
2025-06-18 13:59:58.896878,333.1,875386.0,1087741.0
2025-06-18 14:00:00.893974,333.15,875386.0,1087741.0
2025-06-18 14:00:01.034953,333.15,878169.0,1087329.0
2025-06-18 14:00:01.883148,333.0,878169.0,1087329.0
2025-06-18 14:00:02.240932,333.0,879525.0,1088041.0
2025-06-18 14:00:02.880231,333.15,879525.0,1088041.0
2025-06-18 14:00:03.235531,333.15,875354.0,1089522.0
2025-06-18 14:00:03.881457,333.15,875354.0,1089522.0
2025-06-18 14:00:04.138897,333.15,875791.0,1089110.0
2025-06-18 14:00:04.876483,333.15,875791.0,1089110.0
2025-06-18 14:00:05.142868,333.05,875834.0,1089080.0
2025-06-18 14:00:05.881602,333.1,875834.0,1089080.0
2025-06-18 14:00:06.236556,333.1,875626.0,1088696.0
2025-06-18 14:00:06.898567,333.1,875626.0,1088696.0
2025-06-18 14:00:07.237456,333.1,874537.0,1089388.0
2025-06-18 14:00:07.871742,333.1,874537.0,1089388.0
2025-06-18 14:00:08.237972,333.1,874449.0,1089260.0
2025-06-18 14:00:09.237713,333.1,874686.0,1088459.0
2025-06-18 14:00:09.915046,333.05,874686.0,1088459.0
2025-06-18 14:00:10.287612,333.05,875973.0,1089385.0
2025-06-18 14:00:11.352299,333.0,877966.0,1089414.0
2025-06-18 14:00:11.904808,333.15,877966.0,1089414.0
2025-06-18 14:00:12.451779,333.0,878435.0,1087092.0
2025-06-18 14:00:12.891561,333.0,878435.0,1087092.0
2025-06-18 14:00:13.551992,333.0,878462.0,1086819.0
2025-06-18 14:00:13.904764,333.15,878462.0,1086819.0
2025-06-18 14:00:14.453714,333.15,875823.0,1087548.0
2025-06-18 14:00:14.899394,333.15,875823.0,1087548.0
2025-06-18 14:00:15.538523,333.05,874826.0,1088306.0
2025-06-18 14:00:15.875827,333.05,874826.0,1088306.0
2025-06-18 14:00:16.641078,333.05,876070.0,1088303.0
2025-06-18 14:00:16.872744,333.05,876070.0,1088303.0
2025-06-18 14:00:17.739464,333.15,875812.0,1088299.0
2025-06-18 14:00:17.874415,333.15,875812.0,1088299.0
2025-06-18 14:00:18.740324,333.15,875654.0,1089773.0
2025-06-18 14:00:19.742141,333.15,875746.0,1089873.0
2025-06-18 14:00:20.741412,333.15,876764.0,1089847.0
2025-06-18 14:00:21.745401,333.15,876004.0,1089847.0
2025-06-18 14:00:21.887986,333.05,876004.0,1089847.0
2025-06-18 14:00:22.745582,333.05,876226.0,1089586.0
2025-06-18 14:00:23.745664,333.0,877905.0,1088751.0
2025-06-18 14:00:23.877720,333.0,877905.0,1088751.0
2025-06-18 14:00:24.749271,333.0,876371.0,1086746.0
2025-06-18 14:00:24.881331,333.0,876371.0,1086746.0
2025-06-18 14:00:25.751117,333.0,878056.0,1087366.0
2025-06-18 14:00:25.887376,333.0,878056.0,1087366.0
2025-06-18 14:00:26.748585,333.05,874472.0,1086603.0
2025-06-18 14:00:26.876690,333.0,874472.0,1086603.0
2025-06-18 14:00:27.650691,333.15,879146.0,1084339.0
2025-06-18 14:00:27.874404,333.15,879146.0,1084339.0
2025-06-18 14:00:28.849214,333.15,877600.0,1084215.0
2025-06-18 14:00:28.882980,333.15,877600.0,1084215.0
2025-06-18 14:00:29.854528,333.15,878400.0,1082582.0
2025-06-18 14:00:30.853988,333.15,879810.0,1082702.0
2025-06-18 14:00:31.857402,333.2,880263.0,1083680.0
2025-06-18 14:00:31.879059,333.2,880263.0,1083680.0
2025-06-18 14:00:32.854325,333.2,878910.0,1083716.0
2025-06-18 14:00:32.873057,333.2,878910.0,1083716.0
2025-06-18 14:00:33.859661,333.2,880111.0,1083737.0
2025-06-18 14:00:33.913182,333.2,880111.0,1083737.0
2025-06-18 14:00:34.911197,333.2,877046.0,1082559.0
2025-06-18 14:00:35.875420,333.05,872967.0,1082769.0
2025-06-18 14:00:35.900801,333.05,872967.0,1082769.0
2025-06-18 14:00:36.779922,333.05,872967.0,1082894.0
2025-06-18 14:00:36.900475,333.05,872967.0,1082894.0
2025-06-18 14:00:37.875248,333.05,872861.0,1082911.0
2025-06-18 14:00:38.900231,333.05,872861.0,1082911.0
2025-06-18 14:00:38.976364,333.1,873167.0,1082983.0
2025-06-18 14:00:39.882874,333.05,873167.0,1082983.0
2025-06-18 14:00:40.058657,333.05,872009.0,1082785.0
2025-06-18 14:00:40.881809,333.1,872009.0,1082785.0
2025-06-18 14:00:41.161702,333.05,873291.0,1082784.0
2025-06-18 14:00:41.883481,333.05,873291.0,1082784.0
2025-06-18 14:00:42.162598,333.1,874001.0,1083254.0
2025-06-18 14:00:42.876696,333.1,874001.0,1083254.0
2025-06-18 14:00:43.160045,333.1,874003.0,1083304.0
2025-06-18 14:00:44.171587,333.1,873581.0,1083303.0
2025-06-18 14:00:44.886299,333.05,873581.0,1083303.0
2025-06-18 14:00:45.162738,333.05,870649.0,1083493.0
2025-06-18 14:00:45.880886,333.05,870649.0,1083493.0
2025-06-18 14:00:46.161177,333.05,871199.0,1083278.0
2025-06-18 14:00:46.934676,333.05,871199.0,1083278.0
2025-06-18 14:00:47.166586,333.05,871419.0,1083424.0
2025-06-18 14:00:47.899458,333.1,871419.0,1083424.0
2025-06-18 14:00:48.166791,333.1,871417.0,1083588.0
2025-06-18 14:00:49.165128,333.1,872926.0,1083565.0
2025-06-18 14:00:49.881382,333.1,872926.0,1083565.0
2025-06-18 14:00:50.169022,333.1,872218.0,1083564.0
2025-06-18 14:00:50.883982,333.05,872218.0,1083564.0
2025-06-18 14:00:51.065100,333.05,873013.0,1083564.0
2025-06-18 14:00:51.887160,333.05,873013.0,1083564.0
2025-06-18 14:00:52.108568,333.05,871529.0,1082250.0
2025-06-18 14:00:52.881136,333.05,871529.0,1082250.0
2025-06-18 14:00:53.074562,333.05,872257.0,1083082.0
2025-06-18 14:00:54.149793,333.05,873086.0,1083082.0
2025-06-18 14:00:54.884827,333.05,873086.0,1083082.0
2025-06-18 14:00:55.074361,333.05,871714.0,1082962.0
2025-06-18 14:00:55.896534,333.05,871714.0,1082962.0
2025-06-18 14:00:56.072831,333.0,874099.0,1082320.0
2025-06-18 14:00:56.899636,333.0,874099.0,1082320.0
2025-06-18 14:00:57.072189,333.1,872659.0,1082229.0
2025-06-18 14:00:57.880665,333.0,872659.0,1082229.0
2025-06-18 14:00:58.075208,333.0,872716.0,1082453.0
2025-06-18 14:00:59.073612,333.0,870703.0,1082362.0
2025-06-18 14:00:59.881393,333.0,870703.0,1082362.0
2025-06-18 14:00:59.971734,333.0,872693.0,1085087.0
2025-06-18 14:01:02.848823,333.05,874090.0,1084941.0
2025-06-18 14:01:02.969773,333.05,874090.0,1084941.0
2025-06-18 14:01:04.885993,333.0,874090.0,1084941.0
2025-06-18 14:01:06.890646,333.0,874090.0,1084941.0
2025-06-18 14:01:08.278674,333.0,872860.0,1086157.0
2025-06-18 14:01:08.889929,333.0,872860.0,1086157.0
2025-06-18 14:01:10.882425,333.0,872860.0,1086157.0
2025-06-18 14:01:12.885367,333.0,872860.0,1086157.0
2025-06-18 14:01:13.386157,333.0,872491.0,1086063.0
2025-06-18 14:01:14.487001,333.0,872491.0,1086063.0
2025-06-18 14:01:14.888324,333.0,872491.0,1086063.0
2025-06-18 14:01:15.685065,333.0,872491.0,1086063.0
2025-06-18 14:01:16.668440,333.0,872491.0,1086063.0
2025-06-18 14:01:16.889727,333.0,872491.0,1086063.0
2025-06-18 14:01:17.668740,333.0,872491.0,1086063.0
2025-06-18 14:01:18.091231,333.05,870986.0,1086046.0
2025-06-18 14:01:18.783731,333.05,870986.0,1086046.0
2025-06-18 14:01:18.885421,333.0,870986.0,1086046.0
2025-06-18 14:01:19.674597,333.0,870986.0,1086046.0
2025-06-18 14:01:20.894599,333.0,870986.0,1086046.0
2025-06-18 14:01:21.475565,333.0,870986.0,1086046.0
2025-06-18 14:01:22.409820,333.0,870986.0,1086046.0
2025-06-18 14:01:22.490045,333.0,870537.0,1084429.0
2025-06-18 14:01:22.776408,333.0,870537.0,1084429.0
2025-06-18 14:01:22.889011,333.0,870537.0,1084429.0
2025-06-18 14:01:23.671458,333.0,870537.0,1084429.0
2025-06-18 14:01:24.937740,333.0,870537.0,1084429.0
2025-06-18 14:01:25.012021,333.0,870537.0,1084429.0
2025-06-18 14:01:25.857397,333.0,870537.0,1084429.0
2025-06-18 14:01:26.897585,333.0,870537.0,1084429.0
2025-06-18 14:01:27.018099,333.0,869497.0,1085342.0
2025-06-18 14:01:27.277446,333.0,869497.0,1085342.0
2025-06-18 14:01:28.442673,333.0,869497.0,1085342.0
2025-06-18 14:01:28.905943,333.2,869497.0,1085342.0
2025-06-18 14:01:29.616923,333.2,869497.0,1085342.0
2025-06-18 14:01:30.886203,333.05,869497.0,1085342.0
2025-06-18 14:01:31.124773,333.05,869497.0,1085342.0
2025-06-18 14:01:32.103090,333.0,869508.0,1084738.0
2025-06-18 14:01:32.899806,333.2,869508.0,1084738.0
2025-06-18 14:01:34.887649,333.2,869508.0,1084738.0
2025-06-18 14:01:36.889023,333.15,869508.0,1084738.0
2025-06-18 14:01:37.105349,333.15,867748.0,1085389.0
2025-06-18 14:01:38.889463,333.05,867748.0,1085389.0
2025-06-18 14:01:40.884403,333.1,867748.0,1085389.0
2025-06-18 14:01:41.406487,333.0,868874.0,1084560.0
2025-06-18 14:01:42.888727,333.0,868874.0,1084560.0
2025-06-18 14:01:44.890891,333.0,868874.0,1084560.0
2025-06-18 14:01:46.006437,333.0,868728.0,1084654.0
2025-06-18 14:01:46.889811,333.0,868728.0,1084654.0
2025-06-18 14:01:48.896470,333.1,868728.0,1084654.0
2025-06-18 14:01:50.428568,333.1,868159.0,1085560.0
2025-06-18 14:01:50.905811,333.1,868159.0,1085560.0
2025-06-18 14:01:52.910128,333.1,868159.0,1085560.0
2025-06-18 14:01:54.911315,333.1,868159.0,1085560.0
2025-06-18 14:01:55.112744,333.1,868362.0,1085833.0
2025-06-18 14:01:56.891222,333.0,868362.0,1085833.0
2025-06-18 14:01:58.893344,333.05,868362.0,1085833.0
2025-06-18 14:01:59.615788,333.05,872085.0,1086130.0
2025-06-18 14:02:00.885605,333.2,872085.0,1086130.0
2025-06-18 14:02:02.890159,333.15,872085.0,1086130.0
2025-06-18 14:02:04.719855,333.05,872150.0,1082641.0
2025-06-18 14:02:04.937978,333.05,872150.0,1082641.0
2025-06-18 14:02:06.896308,333.1,872150.0,1082641.0
2025-06-18 14:02:09.824661,333.15,873166.0,1080889.0
2025-06-18 14:02:10.888179,333.2,873166.0,1080889.0
2025-06-18 14:02:12.897041,333.05,873166.0,1080889.0
2025-06-18 14:02:14.428372,333.05,869696.0,1082127.0
2025-06-18 14:02:14.950576,333.05,869696.0,1082127.0
2025-06-18 14:02:16.905612,333.1,869696.0,1082127.0
2025-06-18 14:02:18.909882,333.1,869696.0,1082127.0
2025-06-18 14:02:18.945650,333.1,869676.0,1078772.0
2025-06-18 14:02:20.883932,333.1,869676.0,1078772.0
2025-06-18 14:02:22.895769,333.15,869676.0,1078772.0
2025-06-18 14:02:23.528294,333.15,870646.0,1079298.0
2025-06-18 14:02:24.891877,333.1,870646.0,1079298.0
2025-06-18 14:02:26.897084,333.05,870646.0,1079298.0
2025-06-18 14:02:28.746146,333.05,869169.0,1078699.0
2025-06-18 14:02:28.888230,333.05,869169.0,1078699.0
2025-06-18 14:02:30.884458,333.05,869169.0,1078699.0
2025-06-18 14:02:32.887991,333.15,869169.0,1078699.0
2025-06-18 14:02:33.637761,333.15,869394.0,1078842.0
2025-06-18 14:02:34.885696,333.05,869394.0,1078842.0
2025-06-18 14:02:36.892693,333.05,869394.0,1078842.0
2025-06-18 14:02:38.239034,333.05,870022.0,1078234.0
2025-06-18 14:02:38.889642,333.05,870022.0,1078234.0
2025-06-18 14:02:40.924277,333.05,870022.0,1078234.0
2025-06-18 14:02:42.864085,333.0,870324.0,1079713.0
2025-06-18 14:02:42.919172,333.0,870324.0,1079713.0
2025-06-18 14:02:44.946214,333.1,870324.0,1079713.0
2025-06-18 14:02:46.894428,333.0,870324.0,1079713.0
2025-06-18 14:02:47.352600,333.1,870218.0,1078825.0
2025-06-18 14:02:48.887394,333.1,870218.0,1078825.0
2025-06-18 14:02:50.899491,333.0,870218.0,1078825.0
2025-06-18 14:02:51.950386,333.0,870587.0,1078413.0
2025-06-18 14:02:52.900429,333.05,870587.0,1078413.0
2025-06-18 14:02:54.896648,333.0,870587.0,1078413.0
2025-06-18 14:02:56.854222,333.1,870411.0,1077628.0
2025-06-18 14:02:56.891268,333.1,870411.0,1077628.0
2025-06-18 14:02:58.893682,333.05,870411.0,1077628.0
2025-06-18 14:03:00.889716,333.05,870411.0,1077628.0
2025-06-18 14:03:01.959296,333.05,871325.0,1076960.0
2025-06-18 14:03:02.890665,333.1,871325.0,1076960.0
2025-06-18 14:03:04.948792,333.05,871325.0,1076960.0
2025-06-18 14:03:06.905688,333.1,871325.0,1076960.0
2025-06-18 14:03:07.178385,333.1,883637.0,1072998.0
2025-06-18 14:03:08.902086,333.2,883637.0,1072998.0
2025-06-18 14:03:10.885219,333.1,883637.0,1072998.0
2025-06-18 14:03:12.164665,333.1,883165.0,1071912.0
2025-06-18 14:03:12.889476,333.1,883165.0,1071912.0
2025-06-18 14:03:14.894002,333.1,883165.0,1071912.0
2025-06-18 14:03:16.891834,333.2,883165.0,1071912.0
2025-06-18 14:03:17.065521,333.2,891952.0,1063235.0
2025-06-18 14:03:18.892656,333.2,891952.0,1063235.0
2025-06-18 14:03:20.890707,333.2,891952.0,1063235.0
2025-06-18 14:03:21.869719,333.2,889617.0,1064128.0
2025-06-18 14:03:22.904961,333.2,889617.0,1064128.0
2025-06-18 14:03:24.916701,333.25,889617.0,1064128.0
2025-06-18 14:03:26.570930,333.45,895362.0,1061300.0
2025-06-18 14:03:26.896691,333.25,895362.0,1061300.0
2025-06-18 14:03:28.898135,333.45,895362.0,1061300.0
2025-06-18 14:03:30.905284,333.25,895362.0,1061300.0
2025-06-18 14:03:31.198916,333.25,895720.0,1061627.0
2025-06-18 14:03:32.907812,333.45,895720.0,1061627.0
2025-06-18 14:03:34.903400,333.45,895720.0,1061627.0
2025-06-18 14:03:35.875912,333.25,896495.0,1059670.0
2025-06-18 14:03:36.892382,333.25,896495.0,1059670.0
2025-06-18 14:03:38.894081,333.45,896495.0,1059670.0
2025-06-18 14:03:40.479071,333.25,894544.0,1060380.0
2025-06-18 14:03:40.926589,333.25,894544.0,1060380.0
2025-06-18 14:03:42.896050,333.25,894544.0,1060380.0
2025-06-18 14:03:44.788264,333.25,899060.0,1060611.0
2025-06-18 14:03:44.897050,333.25,899060.0,1060611.0
2025-06-18 14:03:46.897239,333.35,899060.0,1060611.0
2025-06-18 14:03:48.898555,333.15,899060.0,1060611.0
2025-06-18 14:03:49.085081,333.05,892089.0,1079351.0
2025-06-18 14:03:50.885708,333.1,892089.0,1079351.0
2025-06-18 14:03:52.895351,333.1,892089.0,1079351.0
2025-06-18 14:03:53.687128,333.1,897517.0,1077219.0
2025-06-18 14:03:54.963506,333.1,897517.0,1077219.0
2025-06-18 14:03:56.951536,333.1,897517.0,1077219.0
2025-06-18 14:03:58.201617,333.1,899289.0,1075330.0
2025-06-18 14:03:58.916211,333.15,899289.0,1075330.0
2025-06-18 14:04:00.893179,333.1,899289.0,1075330.0
2025-06-18 14:04:01.600915,333.1,890650.0,1081036.0
2025-06-18 14:04:01.886341,333.15,890650.0,1081036.0
2025-06-18 14:04:02.596529,333.15,973105.0,1073695.0
2025-06-18 14:04:03.694133,333.1,971965.0,1077063.0
2025-06-18 14:04:03.885099,333.15,971965.0,1077063.0
2025-06-18 14:04:04.693643,333.15,978681.0,1077012.0
2025-06-18 14:04:05.597196,333.15,982187.0,1077270.0
2025-06-18 14:04:05.885332,333.2,982187.0,1077270.0
2025-06-18 14:04:06.599781,333.2,983715.0,1078254.0
2025-06-18 14:04:06.885885,333.2,983715.0,1078254.0
2025-06-18 14:04:07.601102,333.2,983347.0,1078434.0
2025-06-18 14:04:07.885027,333.2,983347.0,1078434.0
2025-06-18 14:04:08.600386,333.2,983317.0,1077052.0
2025-06-18 14:04:08.882900,333.15,983317.0,1077052.0
2025-06-18 14:04:09.696752,333.15,958288.0,1078125.0
2025-06-18 14:04:09.895518,333.15,958288.0,1078125.0
2025-06-18 14:04:10.698471,333.25,957148.0,1077765.0
2025-06-18 14:04:10.887140,333.25,957148.0,1077765.0
2025-06-18 14:04:11.795572,333.25,959957.0,1077764.0
2025-06-18 14:04:11.890536,333.15,959957.0,1077764.0
2025-06-18 14:04:13.196582,333.15,959584.0,1078305.0
2025-06-18 14:04:14.196300,333.15,961631.0,1076617.0
2025-06-18 14:04:14.917519,333.15,961631.0,1076617.0
2025-06-18 14:04:15.033813,333.15,961631.0,1076617.0
2025-06-18 14:04:15.202690,333.15,961585.0,1077123.0
2025-06-18 14:04:15.894744,333.15,961585.0,1077123.0
2025-06-18 14:04:16.178242,333.15,961585.0,1077123.0
2025-06-18 14:04:16.205164,333.15,961447.0,1076650.0
2025-06-18 14:04:16.888874,333.15,961447.0,1076650.0
2025-06-18 14:04:17.201212,333.15,960924.0,1078456.0
2025-06-18 14:04:17.227430,333.15,960924.0,1078456.0
2025-06-18 14:04:17.890321,333.3,960924.0,1078456.0
2025-06-18 14:04:18.297737,333.3,960031.0,1078170.0
2025-06-18 14:04:18.337581,333.3,960031.0,1078170.0
2025-06-18 14:04:18.885136,333.2,960031.0,1078170.0
2025-06-18 14:04:19.248988,333.2,959261.0,1077782.0
2025-06-18 14:04:19.370978,333.2,959261.0,1077782.0
2025-06-18 14:04:20.316608,333.2,961835.0,1077962.0
2025-06-18 14:04:20.400110,333.2,961835.0,1077962.0
2025-06-18 14:04:20.922496,333.2,961835.0,1077962.0
2025-06-18 14:04:21.317955,333.2,962599.0,1078814.0
2025-06-18 14:04:21.594760,333.2,962599.0,1078814.0
2025-06-18 14:04:21.929300,333.15,962599.0,1078814.0
2025-06-18 14:04:22.185125,333.15,962599.0,1078814.0
2025-06-18 14:04:22.416399,333.15,965532.0,1078807.0
2025-06-18 14:04:22.595313,333.15,965532.0,1078807.0
2025-06-18 14:04:23.135173,333.15,965532.0,1078807.0
2025-06-18 14:04:23.560098,333.15,964642.0,1078330.0
2025-06-18 14:04:23.927547,333.2,964642.0,1078330.0
2025-06-18 14:04:24.401001,333.2,992116.0,1077823.0
2025-06-18 14:04:24.414134,333.2,992116.0,1077823.0
2025-06-18 14:04:24.889692,333.15,992116.0,1077823.0
2025-06-18 14:04:25.402287,333.15,992100.0,1078440.0
2025-06-18 14:04:25.687527,333.15,992100.0,1078440.0
2025-06-18 14:04:25.889481,333.15,992100.0,1078440.0
2025-06-18 14:04:26.502013,333.15,991986.0,1077960.0
2025-06-18 14:04:26.628248,333.15,991986.0,1077960.0
2025-06-18 14:04:26.893078,333.15,991986.0,1077960.0
2025-06-18 14:04:27.609884,333.15,991711.0,1076973.0
2025-06-18 14:04:27.889220,333.15,991711.0,1076973.0
2025-06-18 14:04:28.049734,333.15,991711.0,1076973.0
2025-06-18 14:04:28.698545,333.15,993417.0,1077434.0
2025-06-18 14:04:28.893016,333.15,993417.0,1077434.0
2025-06-18 14:04:29.218735,333.15,993417.0,1077434.0
2025-06-18 14:04:29.610682,333.15,993164.0,1077428.0
2025-06-18 14:04:29.888915,333.2,993164.0,1077428.0
2025-06-18 14:04:30.396151,333.2,993164.0,1077428.0
2025-06-18 14:04:30.712371,333.2,994440.0,1075605.0
2025-06-18 14:04:30.887108,333.2,994440.0,1075605.0
2025-06-18 14:04:31.706533,333.2,993874.0,1076177.0
2025-06-18 14:04:31.908858,333.2,993874.0,1076177.0
2025-06-18 14:04:31.921615,333.2,993874.0,1076177.0
2025-06-18 14:04:32.808125,333.3,996076.0,1074603.0
2025-06-18 14:04:32.891444,333.3,996076.0,1074603.0
2025-06-18 14:04:33.713151,333.3,995960.0,1074324.0
2025-06-18 14:04:33.923153,333.3,995960.0,1074324.0
2025-06-18 14:04:34.809539,333.3,997146.0,1074349.0
2025-06-18 14:04:35.809191,333.2,997921.0,1075376.0
2025-06-18 14:04:35.894132,333.2,997921.0,1075376.0
2025-06-18 14:04:36.920698,333.2,997921.0,1075376.0
2025-06-18 14:04:36.934764,333.2,995046.0,1075376.0
2025-06-18 14:04:37.898468,333.3,995046.0,1075376.0
2025-06-18 14:04:38.012537,333.3,995344.0,1075353.0
2025-06-18 14:04:39.117830,333.2,995758.0,1075348.0
2025-06-18 14:04:39.892587,333.2,995758.0,1075348.0
2025-06-18 14:04:40.120474,333.2,995682.0,1075659.0
2025-06-18 14:04:41.120074,333.2,995011.0,1075659.0
2025-06-18 14:04:41.892513,333.2,995011.0,1075659.0
2025-06-18 14:04:42.014786,333.2,995395.0,1075107.0
2025-06-18 14:04:43.119766,333.2,995672.0,1074837.0
2025-06-18 14:04:43.892860,333.2,995672.0,1074837.0
2025-06-18 14:04:44.125287,333.2,996891.0,1075001.0
2025-06-18 14:04:44.916420,333.2,996891.0,1075001.0
2025-06-18 14:04:45.135566,333.2,996378.0,1075885.0
2025-06-18 14:04:45.915001,333.2,996378.0,1075885.0
2025-06-18 14:04:46.230039,333.2,996259.0,1075365.0
2025-06-18 14:04:46.909421,333.2,996259.0,1075365.0
2025-06-18 14:04:47.233958,333.2,996264.0,1075442.0
2025-06-18 14:04:47.940460,333.25,996264.0,1075442.0
2025-06-18 14:04:48.235520,333.25,997339.0,1075790.0
2025-06-18 14:04:48.912087,333.2,997339.0,1075790.0
2025-06-18 14:04:49.242548,333.2,997097.0,1075471.0
2025-06-18 14:04:50.223185,333.2,997086.0,1075471.0
2025-06-18 14:04:51.223111,333.2,997759.0,1075790.0
2025-06-18 14:04:51.928252,333.2,997759.0,1075790.0
2025-06-18 14:04:52.135787,333.2,996696.0,1076653.0
2025-06-18 14:04:52.894512,333.2,996696.0,1076653.0
2025-06-18 14:04:53.136253,333.2,996771.0,1076653.0
2025-06-18 14:04:54.136042,333.2,996453.0,1076846.0
2025-06-18 14:04:54.895001,333.25,996453.0,1076846.0
2025-06-18 14:04:55.144588,333.25,996400.0,1076775.0
2025-06-18 14:04:55.893256,333.2,996400.0,1076775.0
2025-06-18 14:04:56.028547,333.2,996374.0,1076775.0
2025-06-18 14:04:56.891329,333.2,996374.0,1076775.0
2025-06-18 14:04:57.149050,333.25,995642.0,1076809.0
2025-06-18 14:04:57.896652,333.25,995642.0,1076809.0
2025-06-18 14:04:58.028629,333.25,995719.0,1077079.0
2025-06-18 14:04:58.895703,333.2,995719.0,1077079.0
2025-06-18 14:04:59.138412,333.2,995477.0,1076645.0
2025-06-18 14:04:59.893789,333.2,995477.0,1076645.0
2025-06-18 14:05:00.135838,333.2,994731.0,1077148.0
2025-06-18 14:05:02.901130,333.25,994731.0,1077148.0
2025-06-18 14:05:03.641138,333.25,991747.0,1080495.0
2025-06-18 14:05:06.905446,333.2,991747.0,1080495.0
2025-06-18 14:05:08.532429,333.2,992346.0,1080786.0
2025-06-18 14:05:08.902927,333.2,992346.0,1080786.0
2025-06-18 14:05:10.987236,333.2,992346.0,1080786.0
2025-06-18 14:05:12.916829,333.2,992346.0,1080786.0
2025-06-18 14:05:13.260441,333.2,991929.0,1083548.0
2025-06-18 14:05:14.907521,333.2,991929.0,1083548.0
2025-06-18 14:05:16.909791,333.15,991929.0,1083548.0
2025-06-18 14:05:18.041357,333.2,989159.0,1086067.0
2025-06-18 14:05:18.935627,333.15,989159.0,1086067.0
2025-06-18 14:05:20.899592,333.2,989159.0,1086067.0
2025-06-18 14:05:22.907855,333.15,989159.0,1086067.0
2025-06-18 14:05:23.450004,333.15,992142.0,1084852.0
2025-06-18 14:05:24.934841,333.15,992142.0,1084852.0
2025-06-18 14:05:26.930136,333.15,992142.0,1084852.0
2025-06-18 14:05:28.256388,333.2,991585.0,1083992.0
2025-06-18 14:05:28.905722,333.2,991585.0,1083992.0
2025-06-18 14:05:30.896556,333.15,991585.0,1083992.0
2025-06-18 14:05:32.750756,333.2,994053.0,1081745.0
2025-06-18 14:05:32.903556,333.2,994053.0,1081745.0
2025-06-18 14:05:34.958014,333.2,994053.0,1081745.0
2025-06-18 14:05:36.917854,333.15,994053.0,1081745.0
2025-06-18 14:05:37.480143,333.15,980073.0,1080142.0
2025-06-18 14:05:38.944863,333.2,980073.0,1080142.0
2025-06-18 14:05:40.903601,333.15,980073.0,1080142.0
2025-06-18 14:05:41.866218,333.15,978250.0,1080983.0
2025-06-18 14:05:42.904763,333.15,978250.0,1080983.0
2025-06-18 14:05:44.905644,333.15,978250.0,1080983.0
2025-06-18 14:05:46.369106,333.15,980258.0,1081276.0
2025-06-18 14:05:46.905903,333.15,980258.0,1081276.0
2025-06-18 14:05:48.932889,333.15,980258.0,1081276.0
2025-06-18 14:05:50.768832,333.2,979730.0,1081406.0
2025-06-18 14:05:50.895311,333.15,979730.0,1081406.0
2025-06-18 14:05:52.904997,333.15,979730.0,1081406.0
2025-06-18 14:05:54.907689,333.15,979730.0,1081406.0
2025-06-18 14:05:55.273901,333.15,979017.0,1081940.0
2025-06-18 14:05:56.907872,333.15,979017.0,1081940.0
2025-06-18 14:05:58.908313,333.15,979017.0,1081940.0
2025-06-18 14:05:59.679176,333.15,981031.0,1081632.0
2025-06-18 14:06:00.923287,333.15,981031.0,1081632.0
2025-06-18 14:06:02.928350,333.2,981031.0,1081632.0
2025-06-18 14:06:04.393568,333.15,982215.0,1081216.0
2025-06-18 14:06:04.903483,333.25,982215.0,1081216.0
2025-06-18 14:06:06.919943,333.2,982215.0,1081216.0
2025-06-18 14:06:08.916950,333.15,982215.0,1081216.0
2025-06-18 14:06:09.382680,333.15,983547.0,1081052.0
2025-06-18 14:06:10.921724,333.25,983547.0,1081052.0
2025-06-18 14:06:12.945408,333.25,983547.0,1081052.0
2025-06-18 14:06:14.187422,333.25,981531.0,1081761.0
2025-06-18 14:06:14.925040,333.15,981531.0,1081761.0
2025-06-18 14:06:16.899231,333.15,981531.0,1081761.0
2025-06-18 14:06:18.588270,333.25,982166.0,1080417.0
2025-06-18 14:06:18.903984,333.15,982166.0,1080417.0
2025-06-18 14:06:20.906714,333.2,982166.0,1080417.0
2025-06-18 14:06:22.906944,333.15,982166.0,1080417.0
2025-06-18 14:06:23.094525,333.15,984264.0,1080671.0
2025-06-18 14:06:24.957812,333.15,984264.0,1080671.0
2025-06-18 14:06:26.927756,333.1,984264.0,1080671.0
2025-06-18 14:06:27.817542,333.2,984447.0,1081271.0
2025-06-18 14:06:28.909131,333.25,984447.0,1081271.0
2025-06-18 14:06:30.929324,333.15,984447.0,1081271.0
2025-06-18 14:06:32.401144,333.25,984122.0,1078649.0
2025-06-18 14:06:32.906188,333.25,984122.0,1078649.0
2025-06-18 14:06:34.909720,333.25,984122.0,1078649.0
2025-06-18 14:06:36.986014,333.15,984122.0,1078649.0
2025-06-18 14:06:37.400865,333.15,982837.0,1079581.0
2025-06-18 14:06:38.909461,333.15,982837.0,1079581.0
2025-06-18 14:06:40.906677,333.2,982837.0,1079581.0
2025-06-18 14:06:42.006005,333.15,982459.0,1081316.0
2025-06-18 14:06:42.905598,333.15,982459.0,1081316.0
2025-06-18 14:06:44.918738,333.15,982459.0,1081316.0
2025-06-18 14:06:46.608996,333.2,983101.0,1081427.0
2025-06-18 14:06:46.905890,333.15,983101.0,1081427.0
2025-06-18 14:06:48.907855,333.2,983101.0,1081427.0
2025-06-18 14:06:51.033205,333.2,982179.0,1082184.0
2025-06-18 14:06:52.933346,333.15,982179.0,1082184.0
2025-06-18 14:06:54.912094,333.15,982179.0,1082184.0
2025-06-18 14:06:55.316153,333.15,981390.0,1083198.0
2025-06-18 14:06:56.905124,333.15,981390.0,1083198.0
2025-06-18 14:06:58.907607,333.15,981390.0,1083198.0
2025-06-18 14:06:59.918156,333.15,983525.0,1082091.0
2025-06-18 14:07:00.910582,333.15,983525.0,1082091.0
2025-06-18 14:07:02.910048,333.15,983525.0,1082091.0
2025-06-18 14:07:04.907546,333.15,983525.0,1082091.0
2025-06-18 14:07:05.424283,333.15,983465.0,1082113.0
2025-06-18 14:07:06.908932,333.15,983465.0,1082113.0
2025-06-18 14:07:10.632467,333.15,983277.0,1083067.0
2025-06-18 14:07:10.914996,333.15,983277.0,1083067.0
2025-06-18 14:07:12.912087,333.15,983277.0,1083067.0
2025-06-18 14:07:14.908283,333.15,983277.0,1083067.0
2025-06-18 14:07:15.291617,333.15,983393.0,1083702.0
2025-06-18 14:07:15.517642,333.15,983393.0,1083702.0
2025-06-18 14:07:16.658251,333.15,983393.0,1083702.0
2025-06-18 14:07:16.945495,333.15,983393.0,1083702.0
2025-06-18 14:07:17.625316,333.15,983393.0,1083702.0
2025-06-18 14:07:18.625444,333.15,983393.0,1083702.0
2025-06-18 14:07:18.930510,333.15,983393.0,1083702.0
2025-06-18 14:07:19.564066,333.15,983393.0,1083702.0
2025-06-18 14:07:19.833872,333.15,982111.0,1085668.0
2025-06-18 14:07:20.462806,333.15,982111.0,1085668.0
2025-06-18 14:07:20.911729,333.15,982111.0,1085668.0
2025-06-18 14:07:22.039010,333.15,982111.0,1085668.0
2025-06-18 14:07:22.909811,333.2,982111.0,1085668.0
2025-06-18 14:07:23.034518,333.2,982111.0,1085668.0
2025-06-18 14:07:24.712004,333.15,980296.0,1085282.0
2025-06-18 14:07:24.818608,333.15,980296.0,1085282.0
2025-06-18 14:07:24.913686,333.15,980296.0,1085282.0
2025-06-18 14:07:26.081737,333.15,980296.0,1085282.0
2025-06-18 14:07:26.911350,333.15,980296.0,1085282.0
2025-06-18 14:07:26.978288,333.15,980296.0,1085282.0
2025-06-18 14:07:28.381443,333.15,980296.0,1085282.0
2025-06-18 14:07:28.912895,333.2,980296.0,1085282.0
2025-06-18 14:07:29.338709,333.15,979298.0,1085501.0
2025-06-18 14:07:29.555562,333.15,979298.0,1085501.0
2025-06-18 14:07:30.688760,333.15,979298.0,1085501.0
2025-06-18 14:07:30.913762,333.15,979298.0,1085501.0
2025-06-18 14:07:32.256331,333.15,979298.0,1085501.0
2025-06-18 14:07:32.912313,333.2,979298.0,1085501.0
2025-06-18 14:07:34.041370,333.2,979167.0,1085552.0
2025-06-18 14:07:34.909561,333.2,979167.0,1085552.0
2025-06-18 14:07:36.908500,333.15,979167.0,1085552.0
2025-06-18 14:07:38.545896,333.15,980032.0,1082630.0
2025-06-18 14:07:38.907476,333.15,980032.0,1082630.0
2025-06-18 14:07:40.931915,333.15,980032.0,1082630.0
2025-06-18 14:07:42.975103,333.2,980032.0,1082630.0
2025-06-18 14:07:43.228440,333.15,980348.0,1083748.0
2025-06-18 14:07:44.913130,333.15,980348.0,1083748.0
2025-06-18 14:07:46.906646,333.15,980348.0,1083748.0
2025-06-18 14:07:47.849124,333.2,986063.0,1083852.0
2025-06-18 14:07:48.914718,333.15,986063.0,1083852.0
2025-06-18 14:07:52.753055,333.15,985184.0,1085370.0
2025-06-18 14:07:52.912555,333.2,985184.0,1085370.0
2025-06-18 14:07:54.912857,333.15,985184.0,1085370.0
2025-06-18 14:07:56.920654,333.15,985184.0,1085370.0
2025-06-18 14:07:57.763457,333.2,984146.0,1084679.0
2025-06-18 14:07:58.915461,333.2,984146.0,1084679.0
2025-06-18 14:08:00.913050,333.15,984146.0,1084679.0
2025-06-18 14:08:01.759995,333.2,985690.0,1085667.0
2025-06-18 14:08:01.906491,333.15,985690.0,1085667.0
2025-06-18 14:08:02.860639,333.2,986792.0,1085648.0
2025-06-18 14:08:02.903876,333.2,986792.0,1085648.0
2025-06-18 14:08:03.958411,333.2,984905.0,1084693.0
2025-06-18 14:08:04.976865,333.2,985728.0,1084349.0
2025-06-18 14:08:05.931610,333.15,985728.0,1084349.0
2025-06-18 14:08:05.985952,333.15,985904.0,1085216.0
2025-06-18 14:08:06.920394,333.15,985904.0,1085216.0
2025-06-18 14:08:06.979125,333.15,986399.0,1085456.0
2025-06-18 14:08:07.978868,333.15,985948.0,1085362.0
2025-06-18 14:08:08.962204,333.15,985946.0,1085362.0
2025-06-18 14:08:09.913272,333.2,985946.0,1085362.0
2025-06-18 14:08:09.963259,333.2,985444.0,1085432.0
2025-06-18 14:08:10.910195,333.2,985444.0,1085432.0
2025-06-18 14:08:11.066147,333.15,987709.0,1085404.0
2025-06-18 14:08:11.908723,333.15,987709.0,1085404.0
2025-06-18 14:08:12.067541,333.15,986765.0,1085743.0
2025-06-18 14:08:13.065548,333.15,986767.0,1086023.0
2025-06-18 14:08:13.903125,333.15,986767.0,1086023.0
2025-06-18 14:08:14.066808,333.15,986989.0,1085756.0
2025-06-18 14:08:14.904245,333.15,986989.0,1085756.0
2025-06-18 14:08:14.967236,333.15,986797.0,1085736.0
2025-06-18 14:08:15.909065,333.15,986797.0,1085736.0
2025-06-18 14:08:16.067818,333.15,986707.0,1085857.0
2025-06-18 14:08:16.905015,333.15,986707.0,1085857.0
2025-06-18 14:08:17.176504,333.15,986283.0,1085598.0
2025-06-18 14:08:17.904797,333.2,986283.0,1085598.0
2025-06-18 14:08:18.173720,333.2,985559.0,1085816.0
2025-06-18 14:08:18.905368,333.2,985559.0,1085816.0
2025-06-18 14:08:19.175899,333.2,985321.0,1086061.0
2025-06-18 14:08:20.173322,333.2,985321.0,1086057.0
2025-06-18 14:08:20.908337,333.2,985321.0,1086057.0
2025-06-18 14:08:21.070301,333.2,985685.0,1083671.0
2025-06-18 14:08:21.908505,333.15,985685.0,1083671.0
2025-06-18 14:08:22.181365,333.15,985266.0,1083913.0
2025-06-18 14:08:23.180757,333.15,985252.0,1083913.0
2025-06-18 14:08:24.182081,333.15,984362.0,1083912.0
2025-06-18 14:08:24.906858,333.15,984362.0,1083912.0
2025-06-18 14:08:25.179454,333.2,986135.0,1083881.0
2025-06-18 14:08:25.914620,333.15,986135.0,1083881.0
2025-06-18 14:08:26.245013,333.15,984481.0,1084296.0
2025-06-18 14:08:26.906328,333.15,984481.0,1084296.0
2025-06-18 14:08:27.186378,333.2,984490.0,1085047.0
2025-06-18 14:08:27.905901,333.2,984490.0,1085047.0
2025-06-18 14:08:28.181447,333.2,984492.0,1085047.0
2025-06-18 14:08:29.174209,333.2,985393.0,1084935.0
2025-06-18 14:08:29.921718,333.2,985393.0,1084935.0
2025-06-18 14:08:30.195847,333.2,987819.0,1085769.0
2025-06-18 14:08:31.196497,333.2,986203.0,1085889.0
2025-06-18 14:08:31.927532,333.15,986203.0,1085889.0
2025-06-18 14:08:32.220558,333.15,987234.0,1085588.0
2025-06-18 14:08:32.921724,333.2,987234.0,1085588.0
2025-06-18 14:08:33.201200,333.2,986154.0,1085736.0
2025-06-18 14:08:33.930183,333.2,986154.0,1085736.0
2025-06-18 14:08:34.218231,333.2,986401.0,1085724.0
2025-06-18 14:08:35.190852,333.2,986501.0,1085724.0
2025-06-18 14:08:35.917202,333.15,986501.0,1085724.0
2025-06-18 14:08:36.280911,333.15,1004689.0,1085103.0
2025-06-18 14:08:36.908804,333.15,1004689.0,1085103.0
2025-06-18 14:08:37.280717,333.15,1004288.0,1085103.0
2025-06-18 14:08:37.908239,333.15,1004288.0,1085103.0
2025-06-18 14:08:38.282331,333.15,1001506.0,1089293.0
2025-06-18 14:08:38.910940,333.1,1001506.0,1089293.0
2025-06-18 14:08:39.189502,333.1,1001888.0,1089173.0
2025-06-18 14:08:39.910700,333.1,1001888.0,1089173.0
2025-06-18 14:08:40.185145,333.1,1004161.0,1088865.0
2025-06-18 14:08:41.283701,333.1,1002903.0,1089116.0
2025-06-18 14:08:41.912066,333.1,1002903.0,1089116.0
2025-06-18 14:08:42.383740,333.1,1002838.0,1089216.0
2025-06-18 14:08:43.383651,333.15,1026908.0,1086144.0
2025-06-18 14:08:43.914077,333.15,1026908.0,1086144.0
2025-06-18 14:08:44.386161,333.15,1026716.0,1086125.0
2025-06-18 14:08:44.908422,333.15,1026716.0,1086125.0
2025-06-18 14:08:45.788664,333.15,1026670.0,1086307.0
2025-06-18 14:08:45.911749,333.15,1026670.0,1086307.0
2025-06-18 14:08:46.792969,333.0,1012861.0,1092782.0
2025-06-18 14:08:46.909726,333.05,1012861.0,1092782.0
2025-06-18 14:08:47.789516,333.05,1021304.0,1084577.0
2025-06-18 14:08:48.800210,333.05,1018441.0,1086064.0
2025-06-18 14:08:49.794846,333.2,1020241.0,1084871.0
2025-06-18 14:08:49.909920,333.2,1020241.0,1084871.0
2025-06-18 14:08:50.802224,333.1,1017994.0,1084718.0
2025-06-18 14:08:50.910148,333.1,1017994.0,1084718.0
2025-06-18 14:08:51.796381,333.2,1021556.0,1088076.0
2025-06-18 14:08:51.928233,333.05,1021556.0,1088076.0
2025-06-18 14:08:52.793686,333.15,1076046.0,1085271.0
2025-06-18 14:08:52.910681,333.15,1076046.0,1085271.0
2025-06-18 14:08:53.897909,333.0,1049619.0,1084700.0
2025-06-18 14:08:53.911405,333.0,1049619.0,1084700.0
2025-06-18 14:08:54.973860,333.2,1052288.0,1085449.0
2025-06-18 14:08:54.985348,333.2,1052288.0,1085449.0
2025-06-18 14:08:55.914622,332.95,1039268.0,1086613.0
2025-06-18 14:08:55.935975,332.95,1039268.0,1086613.0
2025-06-18 14:08:56.912345,333.05,1048195.0,1077481.0
2025-06-18 14:08:56.929694,333.05,1048195.0,1077481.0
2025-06-18 14:08:57.918094,333.2,1052117.0,1078213.0
2025-06-18 14:08:57.932624,333.2,1052117.0,1078213.0
2025-06-18 14:08:58.916272,333.2,1052601.0,1086857.0
2025-06-18 14:08:58.930389,333.2,1052601.0,1086857.0
2025-06-18 14:08:59.898612,333.15,1051474.0,1083475.0
2025-06-18 14:08:59.909164,333.15,1051474.0,1083475.0
2025-06-18 14:09:00.919037,333.15,1051474.0,1083475.0
2025-06-18 14:09:01.397201,333.2,1055383.0,1082250.0
2025-06-18 14:09:01.910736,333.05,1055383.0,1082250.0
2025-06-18 14:09:02.496285,333.2,1061322.0,1083221.0
2025-06-18 14:09:02.910109,333.2,1061322.0,1083221.0
2025-06-18 14:09:03.598367,333.2,1061320.0,1083060.0
2025-06-18 14:09:03.908777,333.2,1061320.0,1083060.0
2025-06-18 14:09:04.599904,333.2,1061320.0,1083060.0
2025-06-18 14:09:05.606989,333.1,1059969.0,1084803.0
2025-06-18 14:09:05.908705,333.05,1059969.0,1084803.0
2025-06-18 14:09:06.605296,333.05,1061070.0,1085482.0
2025-06-18 14:09:06.908995,333.15,1061070.0,1085482.0
2025-06-18 14:09:07.603810,333.15,1113499.0,1085568.0
2025-06-18 14:09:08.604449,333.2,1113452.0,1085156.0
2025-06-18 14:09:08.909208,333.2,1113452.0,1085156.0
2025-06-18 14:09:09.703144,333.0,1092087.0,1087276.0
2025-06-18 14:09:09.912906,332.9,1092087.0,1087276.0
2025-06-18 14:09:10.704984,333.0,1120176.0,1088366.0
2025-06-18 14:09:10.911977,333.0,1120176.0,1088366.0
2025-06-18 14:09:11.804986,333.0,1112743.0,1091061.0
2025-06-18 14:09:11.911167,332.95,1112743.0,1091061.0
2025-06-18 14:09:12.806148,332.9,1115719.0,1119661.0
2025-06-18 14:09:12.908388,332.9,1115719.0,1119661.0
2025-06-18 14:09:13.806905,332.95,1121715.0,1128298.0
2025-06-18 14:09:13.910092,332.95,1121715.0,1128298.0
2025-06-18 14:09:14.807143,332.75,1068274.0,1141009.0
2025-06-18 14:09:14.910683,332.75,1068274.0,1141009.0
2025-06-18 14:09:15.811283,332.75,1061146.0,1141964.0
2025-06-18 14:09:15.911830,332.8,1061146.0,1141964.0
2025-06-18 14:09:16.809110,332.9,1056776.0,1103560.0
2025-06-18 14:09:16.908188,332.85,1056776.0,1103560.0
2025-06-18 14:09:17.808764,332.75,1047953.0,1147936.0
2025-06-18 14:09:17.908840,332.75,1047953.0,1147936.0
2025-06-18 14:09:18.906280,332.75,1076395.0,1149102.0
2025-06-18 14:09:18.908598,332.75,1076395.0,1149102.0
2025-06-18 14:09:19.962151,332.65,1076395.0,1149102.0
2025-06-18 14:09:19.967646,332.65,987172.0,1162074.0
2025-06-18 14:09:20.929206,332.7,987172.0,1162074.0
2025-06-18 14:09:20.938756,332.7,989135.0,1161631.0
2025-06-18 14:09:21.927104,332.65,989135.0,1161631.0
2025-06-18 14:09:22.025594,332.65,964082.0,1161573.0
2025-06-18 14:09:23.129606,332.65,962849.0,1161593.0
2025-06-18 14:09:23.924912,332.7,962849.0,1161593.0
2025-06-18 14:09:24.130717,332.7,964657.0,1162218.0
2025-06-18 14:09:24.933797,332.65,964657.0,1162218.0
2025-06-18 14:09:25.013538,332.6,960307.0,1171155.0
2025-06-18 14:09:25.917530,332.6,960307.0,1171155.0
2025-06-18 14:09:26.111475,332.6,958527.0,1170507.0
2025-06-18 14:09:26.915326,332.65,958527.0,1170507.0
2025-06-18 14:09:27.113152,332.7,963244.0,1162216.0
2025-06-18 14:09:27.910346,332.7,963244.0,1162216.0
2025-06-18 14:09:28.113905,332.7,962546.0,1162255.0
2025-06-18 14:09:29.116734,332.65,961938.0,1161797.0
2025-06-18 14:09:29.912867,332.7,961938.0,1161797.0
2025-06-18 14:09:30.115744,332.7,908130.0,1159975.0
2025-06-18 14:09:30.912100,332.75,908130.0,1159975.0
2025-06-18 14:09:31.217767,332.75,908113.0,1140849.0
2025-06-18 14:09:31.922207,332.75,908113.0,1140849.0
2025-06-18 14:09:32.322874,332.75,907949.0,1142419.0
2025-06-18 14:09:32.909579,332.8,907949.0,1142419.0
2025-06-18 14:09:33.330116,332.7,916189.0,1168176.0
2025-06-18 14:09:33.914257,332.75,916189.0,1168176.0
2025-06-18 14:09:34.328310,332.75,922706.0,1171824.0
2025-06-18 14:09:35.325912,332.75,938128.0,1171272.0
2025-06-18 14:09:35.916672,332.7,938128.0,1171272.0
2025-06-18 14:09:36.421081,332.7,937965.0,1171382.0
2025-06-18 14:09:36.910193,332.7,937965.0,1171382.0
2025-06-18 14:09:37.519073,332.7,938199.0,1168869.0
2025-06-18 14:09:37.912762,332.75,938199.0,1168869.0
2025-06-18 14:09:38.522809,332.7,939298.0,1169259.0
2025-06-18 14:09:38.914651,332.7,939298.0,1169259.0
2025-06-18 14:09:39.624129,332.65,939978.0,1168889.0
2025-06-18 14:09:39.910451,332.65,939978.0,1168889.0
2025-06-18 14:09:40.625078,332.65,941241.0,1169187.0
2025-06-18 14:09:41.623312,332.7,941842.0,1169234.0
2025-06-18 14:09:41.911395,332.65,941842.0,1169234.0
2025-06-18 14:09:42.629744,332.65,940922.0,1169218.0
2025-06-18 14:09:43.528061,332.65,942633.0,1131917.0
2025-06-18 14:09:44.528165,332.65,942428.0,1132676.0
2025-06-18 14:09:44.955470,332.65,942428.0,1132676.0
2025-06-18 14:09:45.556002,332.65,943490.0,1132702.0
2025-06-18 14:09:45.933333,332.65,943490.0,1132702.0
2025-06-18 14:09:46.552270,332.65,928232.0,1133177.0
2025-06-18 14:09:46.949152,332.75,928232.0,1133177.0
2025-06-18 14:09:47.653512,332.75,927463.0,1129054.0
2025-06-18 14:09:47.933388,332.7,927463.0,1129054.0
2025-06-18 14:09:48.649331,332.7,929124.0,1129801.0
2025-06-18 14:09:49.650560,332.7,929164.0,1130115.0
2025-06-18 14:09:50.534256,332.7,929407.0,1130120.0
2025-06-18 14:09:51.635404,332.65,929606.0,1128737.0
2025-06-18 14:09:51.917316,332.65,929606.0,1128737.0
2025-06-18 14:09:52.534469,332.65,925986.0,1134859.0
2025-06-18 14:09:52.910285,332.65,925986.0,1134859.0
2025-06-18 14:09:53.534472,332.55,910843.0,1140683.0
2025-06-18 14:09:53.917050,332.55,910843.0,1140683.0
2025-06-18 14:09:54.534613,332.55,914361.0,1143168.0
2025-06-18 14:09:54.912439,332.55,914361.0,1143168.0
2025-06-18 14:09:55.633502,332.55,901112.0,1143153.0
2025-06-18 14:09:55.910600,332.55,901112.0,1143153.0
2025-06-18 14:09:56.536365,332.55,907793.0,1137726.0
2025-06-18 14:09:56.912253,332.55,907793.0,1137726.0
2025-06-18 14:09:57.538332,332.65,907741.0,1137659.0
2025-06-18 14:09:57.910504,332.65,907741.0,1137659.0
2025-06-18 14:09:58.538145,332.65,913327.0,1136970.0
2025-06-18 14:09:58.913038,332.65,913327.0,1136970.0
2025-06-18 14:09:59.540308,332.6,909655.0,1138441.0
2025-06-18 14:09:59.915519,332.65,909655.0,1138441.0
2025-06-18 14:10:00.539826,332.65,909064.0,1133119.0
2025-06-18 14:10:00.919040,332.65,909064.0,1133119.0
2025-06-18 14:10:01.435127,332.65,907930.0,1135282.0
2025-06-18 14:10:01.908232,332.6,907930.0,1135282.0
2025-06-18 14:10:02.436364,332.7,906722.0,1135637.0
2025-06-18 14:10:02.907195,332.7,906722.0,1135637.0
2025-06-18 14:10:03.436484,332.7,909876.0,1135501.0
2025-06-18 14:10:04.336396,332.7,908985.0,1136569.0
2025-06-18 14:10:04.923811,332.6,908985.0,1136569.0
2025-06-18 14:10:05.238966,332.6,888972.0,1137090.0
2025-06-18 14:10:05.908250,332.65,888972.0,1137090.0
2025-06-18 14:10:06.138624,332.65,926413.0,1137312.0
2025-06-18 14:10:06.914878,332.65,926413.0,1137312.0
2025-06-18 14:10:07.140355,332.65,927217.0,1137511.0
2025-06-18 14:10:07.925955,332.75,927217.0,1137511.0
2025-06-18 14:10:08.144772,332.75,923685.0,1108998.0
2025-06-18 14:10:08.908011,332.6,923685.0,1108998.0
2025-06-18 14:10:09.143208,332.6,897042.0,1118158.0
2025-06-18 14:10:09.948956,332.6,897042.0,1118158.0
2025-06-18 14:10:10.562529,332.6,897101.0,1117727.0
2025-06-18 14:10:10.929464,332.6,897101.0,1117727.0
2025-06-18 14:10:11.555222,332.6,1243387.0,1117104.0
2025-06-18 14:10:11.925769,332.55,1243387.0,1117104.0
2025-06-18 14:10:12.558033,332.7,1249895.0,1118644.0
2025-06-18 14:10:12.930746,332.7,1249895.0,1118644.0
2025-06-18 14:10:13.558158,332.6,1253206.0,1119365.0
2025-06-18 14:10:13.927669,332.6,1253206.0,1119365.0
2025-06-18 14:10:14.558028,332.6,1251525.0,1119301.0
2025-06-18 14:10:14.930184,332.6,1251525.0,1119301.0
2025-06-18 14:10:15.645615,332.6,1251467.0,1118186.0
2025-06-18 14:10:15.899246,332.6,1251467.0,1118186.0
2025-06-18 14:10:15.931976,332.6,1251467.0,1118186.0
2025-06-18 14:10:16.642943,332.6,1249035.0,1118388.0
2025-06-18 14:10:16.911028,332.6,1249035.0,1118388.0
2025-06-18 14:10:17.034652,332.6,1249035.0,1118388.0
2025-06-18 14:10:17.645329,332.65,1253854.0,1120162.0
2025-06-18 14:10:17.908434,332.65,1253854.0,1120162.0
2025-06-18 14:10:18.020105,332.65,1253854.0,1120162.0
2025-06-18 14:10:18.647904,332.6,1254184.0,1119274.0
2025-06-18 14:10:18.908626,332.6,1254184.0,1119274.0
2025-06-18 14:10:19.031481,332.6,1254184.0,1119274.0
2025-06-18 14:10:19.646632,332.6,1300121.0,1119274.0
2025-06-18 14:10:19.980872,332.6,1300121.0,1119274.0
2025-06-18 14:10:20.546741,332.6,1299956.0,1119390.0
2025-06-18 14:10:20.892097,332.6,1299956.0,1119390.0
2025-06-18 14:10:20.925095,332.6,1299956.0,1119390.0
2025-06-18 14:10:21.548785,332.6,1299395.0,1120190.0
2025-06-18 14:10:21.909673,332.6,1299395.0,1120190.0
2025-06-18 14:10:22.058421,332.6,1299395.0,1120190.0
2025-06-18 14:10:22.549488,332.6,1299816.0,1119527.0
2025-06-18 14:10:22.713308,332.6,1299816.0,1119527.0
2025-06-18 14:10:22.912683,332.6,1299816.0,1119527.0
2025-06-18 14:10:23.134930,332.6,1299816.0,1119527.0
2025-06-18 14:10:23.548249,332.65,1486930.0,1119520.0
2025-06-18 14:10:23.640736,332.65,1486930.0,1119520.0
2025-06-18 14:10:23.911115,332.65,1486930.0,1119520.0
2025-06-18 14:10:24.021867,332.65,1486930.0,1119520.0
2025-06-18 14:10:24.550410,332.6,1507454.0,1119540.0
2025-06-18 14:10:24.909121,332.6,1507454.0,1119540.0
2025-06-18 14:10:24.926784,332.6,1507454.0,1119540.0
2025-06-18 14:10:25.548659,332.6,1508116.0,1118507.0
2025-06-18 14:10:25.917331,332.6,1508116.0,1118507.0
2025-06-18 14:10:26.195536,332.6,1508116.0,1118507.0
2025-06-18 14:10:26.549623,332.6,1506971.0,1119480.0
2025-06-18 14:10:26.908755,332.6,1506971.0,1119480.0
2025-06-18 14:10:27.097071,332.6,1506971.0,1119480.0
2025-06-18 14:10:27.549611,332.65,1523226.0,1120066.0
2025-06-18 14:10:27.928143,332.65,1523226.0,1120066.0
2025-06-18 14:10:28.519017,332.65,1523226.0,1120066.0
2025-06-18 14:10:28.549542,332.65,1523392.0,1118366.0
2025-06-18 14:10:29.550731,332.55,1523382.0,1114763.0
2025-06-18 14:10:29.704006,332.55,1523382.0,1114763.0
2025-06-18 14:10:29.908445,332.55,1523382.0,1114763.0
2025-06-18 14:10:30.550357,332.6,1527360.0,1115604.0
2025-06-18 14:10:30.893615,332.6,1527360.0,1115604.0
2025-06-18 14:10:30.924214,332.6,1527360.0,1115604.0
2025-06-18 14:10:31.552458,332.6,1529074.0,1114852.0
2025-06-18 14:10:31.911617,332.55,1529074.0,1114852.0
2025-06-18 14:10:32.399155,332.55,1529074.0,1114852.0
2025-06-18 14:10:32.550730,332.6,1520928.0,1117945.0
2025-06-18 14:10:32.909533,332.6,1520928.0,1117945.0
2025-06-18 14:10:33.658856,332.6,1521574.0,1116219.0
2025-06-18 14:10:33.916719,332.6,1521574.0,1116219.0
2025-06-18 14:10:34.722330,332.6,1524754.0,1116987.0
2025-06-18 14:10:34.909080,332.6,1524754.0,1116987.0
2025-06-18 14:10:35.781060,332.75,1546930.0,1105650.0
2025-06-18 14:10:35.926363,332.75,1546930.0,1105650.0
2025-06-18 14:10:36.878563,332.8,1541504.0,1106729.0
2025-06-18 14:10:36.926468,332.75,1541504.0,1106729.0
2025-06-18 14:10:37.925097,332.75,1541504.0,1106729.0
2025-06-18 14:10:37.973593,332.75,1568062.0,1107315.0
2025-06-18 14:10:38.872713,332.75,1567059.0,1107992.0
2025-06-18 14:10:38.925944,332.75,1567059.0,1107992.0
2025-06-18 14:10:39.926614,332.7,1567059.0,1107992.0
2025-06-18 14:10:39.975558,332.75,1570142.0,1108084.0
2025-06-18 14:10:40.912328,332.75,1570142.0,1108084.0
2025-06-18 14:10:40.958769,332.8,1569673.0,1108423.0
2025-06-18 14:10:41.921950,332.6,1569673.0,1108423.0
2025-06-18 14:10:41.958571,332.6,1358957.0,1112384.0
2025-06-18 14:10:42.912870,332.6,1358957.0,1112384.0
2025-06-18 14:10:42.965817,332.6,1358567.0,1114476.0
2025-06-18 14:10:43.861200,332.6,1360110.0,1112969.0
2025-06-18 14:10:44.910456,332.6,1360110.0,1112969.0
2025-06-18 14:10:44.959910,332.6,1356785.0,1115061.0
2025-06-18 14:10:45.910000,332.6,1356785.0,1115061.0
2025-06-18 14:10:45.961488,332.6,1356757.0,1115182.0
2025-06-18 14:10:46.909602,332.6,1356757.0,1115182.0
2025-06-18 14:10:47.062559,332.6,1348880.0,1114951.0
2025-06-18 14:10:47.921572,332.75,1348880.0,1114951.0
2025-06-18 14:10:48.061400,332.75,1353954.0,1115020.0
2025-06-18 14:10:49.061499,332.75,1351490.0,1117737.0
2025-06-18 14:10:49.910299,332.7,1351490.0,1117737.0
2025-06-18 14:10:49.962626,332.7,1420648.0,1118568.0
2025-06-18 14:10:50.913546,332.7,1420648.0,1118568.0
2025-06-18 14:10:51.062513,332.7,1477071.0,1117092.0
2025-06-18 14:10:51.925283,332.65,1477071.0,1117092.0
2025-06-18 14:10:52.168431,332.65,1471375.0,1117105.0
2025-06-18 14:10:52.909801,332.65,1471375.0,1117105.0
2025-06-18 14:10:53.168096,332.7,1470957.0,1117184.0
2025-06-18 14:10:53.908547,332.7,1470957.0,1117184.0
2025-06-18 14:10:54.266808,332.65,1534352.0,1117182.0
2025-06-18 14:10:54.912957,332.65,1534352.0,1117182.0
2025-06-18 14:10:55.266043,332.65,1534239.0,1117201.0
2025-06-18 14:10:55.909226,332.65,1534239.0,1117201.0
2025-06-18 14:10:56.364872,332.65,1536077.0,1118051.0
2025-06-18 14:10:56.908185,332.65,1536077.0,1118051.0
2025-06-18 14:10:57.368501,332.65,1536109.0,1120094.0
2025-06-18 14:10:57.908570,332.65,1536109.0,1120094.0
2025-06-18 14:10:58.468371,332.6,1579615.0,1120151.0
2025-06-18 14:10:58.912887,332.6,1579615.0,1120151.0
2025-06-18 14:10:59.521329,332.6,1579373.0,1119716.0
2025-06-18 14:10:59.958552,332.6,1579373.0,1119716.0
2025-06-18 14:11:00.487973,332.6,1579286.0,1118693.0
2025-06-18 14:11:01.489390,332.6,1584369.0,1119408.0
2025-06-18 14:11:01.930323,332.6,1584369.0,1119408.0
2025-06-18 14:11:02.501403,332.65,1588603.0,1119415.0
2025-06-18 14:11:02.935201,332.6,1588603.0,1119415.0
2025-06-18 14:11:03.705629,332.6,1588865.0,1119552.0
2025-06-18 14:11:03.929948,332.6,1588865.0,1119552.0
2025-06-18 14:11:04.683101,332.6,1597529.0,1120102.0
2025-06-18 14:11:04.916098,332.6,1597529.0,1120102.0
2025-06-18 14:11:05.683495,332.6,1602157.0,1120143.0
2025-06-18 14:11:05.920048,332.65,1602157.0,1120143.0
2025-06-18 14:11:06.577313,332.65,1638696.0,1120074.0
2025-06-18 14:11:06.916496,332.6,1638696.0,1120074.0
2025-06-18 14:11:07.687102,332.6,1737170.0,1120541.0
2025-06-18 14:11:07.915543,332.6,1737170.0,1120541.0
2025-06-18 14:11:08.726274,332.65,1737222.0,1120317.0
2025-06-18 14:11:08.943498,332.6,1737222.0,1120317.0
2025-06-18 14:11:09.689825,332.6,1736711.0,1121243.0
2025-06-18 14:11:09.913625,332.6,1736711.0,1121243.0
2025-06-18 14:11:10.690905,332.6,1735471.0,1119306.0
2025-06-18 14:11:10.917030,332.6,1735471.0,1119306.0
2025-06-18 14:11:11.777879,332.6,2003481.0,1120401.0
2025-06-18 14:11:11.918164,332.6,2003481.0,1120401.0
2025-06-18 14:11:12.688406,332.6,2020229.0,1120352.0
2025-06-18 14:11:13.729132,332.6,2020917.0,1120278.0
2025-06-18 14:11:14.694221,332.65,2026137.0,1120167.0
2025-06-18 14:11:14.920276,332.65,2026137.0,1120167.0
2025-06-18 14:11:15.693112,332.6,2464888.0,1120285.0
2025-06-18 14:11:15.931034,332.6,2464888.0,1120285.0
2025-06-18 14:11:16.692231,332.65,2171994.0,1120237.0
2025-06-18 14:11:16.915672,332.6,2171994.0,1120237.0
2025-06-18 14:11:17.692749,332.6,2265305.0,1117973.0
2025-06-18 14:11:17.917793,332.6,2265305.0,1117973.0
2025-06-18 14:11:18.685551,332.55,2272567.0,1117888.0
2025-06-18 14:11:18.913649,332.55,2272567.0,1117888.0
2025-06-18 14:11:19.696726,332.55,2367929.0,1117888.0
2025-06-18 14:11:20.786017,332.6,2372937.0,1117969.0
2025-06-18 14:11:20.918569,332.6,2372937.0,1117969.0
2025-06-18 14:11:21.695089,332.55,2453888.0,1117969.0
2025-06-18 14:11:21.915562,332.55,2453888.0,1117969.0
2025-06-18 14:11:22.788409,332.45,2426538.0,1136816.0
2025-06-18 14:11:22.930809,332.45,2426538.0,1136816.0
2025-06-18 14:11:23.789539,332.45,2438318.0,1135869.0
2025-06-18 14:11:23.940190,332.45,2438318.0,1135869.0
2025-06-18 14:11:24.894278,332.45,2333177.0,1135882.0
2025-06-18 14:11:24.914972,332.45,2333177.0,1135882.0
2025-06-18 14:11:25.905720,332.3,2310321.0,1144817.0
2025-06-18 14:11:25.937769,332.3,2310321.0,1144817.0
2025-06-18 14:11:26.907423,332.3,2323092.0,1143648.0
2025-06-18 14:11:26.938829,332.3,2323092.0,1143648.0
2025-06-18 14:11:27.933311,332.4,2323092.0,1143648.0
2025-06-18 14:11:28.009405,332.4,2325853.0,1140290.0
2025-06-18 14:11:28.937398,332.35,2325853.0,1140290.0
2025-06-18 14:11:29.192487,332.35,2273213.0,1139863.0
2025-06-18 14:11:29.922409,332.4,2273213.0,1139863.0
2025-06-18 14:11:30.092213,332.4,2365406.0,1139134.0
2025-06-18 14:11:31.197927,332.4,2533424.0,1139356.0
2025-06-18 14:11:31.919092,332.3,2533424.0,1139356.0
2025-06-18 14:11:32.195683,332.3,2747899.0,1139261.0
2025-06-18 14:11:32.915525,332.4,2747899.0,1139261.0
2025-06-18 14:11:33.197058,332.4,2753549.0,1138313.0
2025-06-18 14:11:33.915566,332.4,2753549.0,1138313.0
2025-06-18 14:11:34.193756,332.4,2771537.0,1138331.0
2025-06-18 14:11:34.916981,332.4,2771537.0,1138331.0
2025-06-18 14:11:35.196034,332.4,2773618.0,1138319.0
2025-06-18 14:11:35.916157,332.3,2773618.0,1138319.0
2025-06-18 14:11:36.199452,332.3,2781400.0,1138025.0
2025-06-18 14:11:36.914404,332.3,2781400.0,1138025.0
2025-06-18 14:11:37.194863,332.3,2780809.0,1138650.0
2025-06-18 14:11:38.198967,332.3,2795975.0,1138554.0
2025-06-18 14:11:39.095523,332.3,2796356.0,1138877.0
2025-06-18 14:11:39.918210,332.3,2796356.0,1138877.0
2025-06-18 14:11:40.099177,332.3,2794234.0,1139247.0
2025-06-18 14:11:41.094113,332.3,2793028.0,1139241.0
2025-06-18 14:11:41.918143,332.3,2793028.0,1139241.0
2025-06-18 14:11:42.095966,332.3,2665372.0,1139226.0
2025-06-18 14:11:43.096249,332.3,2665191.0,1138460.0
2025-06-18 14:11:43.916125,332.35,2665191.0,1138460.0
2025-06-18 14:11:44.096469,332.4,2681909.0,1137548.0
2025-06-18 14:11:44.917742,332.35,2681909.0,1137548.0
2025-06-18 14:11:45.099435,332.35,2691974.0,1141462.0
2025-06-18 14:11:45.917357,332.35,2691974.0,1141462.0
2025-06-18 14:11:46.200661,332.35,2680387.0,1141669.0
2025-06-18 14:11:46.916812,332.4,2680387.0,1141669.0
2025-06-18 14:11:47.101173,332.4,2769984.0,1139136.0
2025-06-18 14:11:48.016495,332.4,2769984.0,1139136.0
2025-06-18 14:11:48.104783,332.4,2762726.0,1138120.0
2025-06-18 14:11:48.918390,332.35,2762726.0,1138120.0
2025-06-18 14:11:49.113768,332.35,2789251.0,1139001.0
2025-06-18 14:11:49.940399,332.4,2789251.0,1139001.0
2025-06-18 14:11:50.228292,332.4,2836814.0,1139000.0
2025-06-18 14:11:51.128484,332.4,3062065.0,1138996.0
2025-06-18 14:11:51.932122,332.4,3062065.0,1138996.0
2025-06-18 14:11:52.225195,332.4,3045657.0,1139889.0
2025-06-18 14:11:52.934914,332.5,3045657.0,1139889.0
2025-06-18 14:11:53.324186,332.5,3096697.0,1139847.0
2025-06-18 14:11:54.305742,332.5,3089305.0,1139867.0
2025-06-18 14:11:54.968354,332.4,3089305.0,1139867.0
2025-06-18 14:11:55.208962,332.4,3084545.0,1138665.0
2025-06-18 14:11:55.917777,332.5,3084545.0,1138665.0
2025-06-18 14:11:56.207738,332.4,3134048.0,1138685.0
2025-06-18 14:11:56.915572,332.4,3134048.0,1138685.0
2025-06-18 14:11:57.309418,332.5,3134311.0,1138489.0
2025-06-18 14:11:57.916808,332.5,3134311.0,1138489.0
2025-06-18 14:11:58.406971,332.4,3180917.0,1138161.0
2025-06-18 14:11:58.914746,332.4,3180917.0,1138161.0
2025-06-18 14:11:59.507793,332.4,3084336.0,1140356.0
2025-06-18 14:11:59.918463,332.4,3084336.0,1140356.0
2025-06-18 14:12:00.511364,332.4,3382090.0,1140841.0
2025-06-18 14:12:00.920449,332.4,3382090.0,1140841.0
2025-06-18 14:12:01.708384,332.4,3345461.0,1139961.0
2025-06-18 14:12:01.926144,332.4,3345461.0,1139961.0
2025-06-18 14:12:02.734046,332.45,3345671.0,1139755.0
2025-06-18 14:12:02.918371,332.45,3345671.0,1139755.0
2025-06-18 14:12:03.619704,332.4,3397620.0,1140531.0
2025-06-18 14:12:03.915880,332.4,3397620.0,1140531.0
2025-06-18 14:12:04.607820,332.4,3406893.0,1140442.0
2025-06-18 14:12:05.707702,332.4,3410066.0,1139560.0
2025-06-18 14:12:05.921189,332.4,3410066.0,1139560.0
2025-06-18 14:12:06.807144,332.4,3410271.0,1139629.0
2025-06-18 14:12:06.915476,332.4,3410271.0,1139629.0
2025-06-18 14:12:07.911013,332.4,3437091.0,1140511.0
2025-06-18 14:12:07.918517,332.4,3437091.0,1140511.0
2025-06-18 14:12:08.909847,332.4,3487423.0,1140356.0
2025-06-18 14:12:08.922421,332.4,3487423.0,1140356.0
2025-06-18 14:12:09.910740,332.4,3490328.0,1140230.0
2025-06-18 14:12:09.937462,332.4,3490328.0,1140230.0
2025-06-18 14:12:10.912546,332.4,3489626.0,1140483.0
2025-06-18 14:12:10.924943,332.4,3489626.0,1140483.0
2025-06-18 14:12:11.913416,332.4,3482435.0,1141112.0
2025-06-18 14:12:11.923784,332.4,3482435.0,1141112.0
2025-06-18 14:12:13.035620,332.4,3482898.0,1140473.0
2025-06-18 14:12:13.919460,332.4,3566175.0,1140244.0
2025-06-18 14:12:13.927414,332.4,3566175.0,1140244.0
2025-06-18 14:12:14.943567,332.4,3575801.0,1140480.0
2025-06-18 14:12:14.970587,332.4,3575801.0,1140480.0
2025-06-18 14:12:15.938058,332.4,3603899.0,1140550.0
2025-06-18 14:12:15.945257,332.4,3603899.0,1140550.0
2025-06-18 14:12:16.939731,332.4,3603899.0,1140550.0
2025-06-18 14:12:16.988122,332.4,3584724.0,1140510.0
2025-06-18 14:12:17.944547,332.45,3584724.0,1140510.0
2025-06-18 14:12:17.953362,332.45,3584912.0,1140505.0
2025-06-18 14:12:18.939213,332.4,3584912.0,1140505.0
2025-06-18 14:12:18.949580,332.4,3584474.0,1140370.0
2025-06-18 14:12:20.420752,332.4,3635386.0,1140410.0
2025-06-18 14:12:20.923875,332.45,3635386.0,1140410.0
2025-06-18 14:12:21.421611,332.45,3626390.0,1139840.0
2025-06-18 14:12:21.926770,332.45,3626390.0,1139840.0
2025-06-18 14:12:22.420461,332.45,3618714.0,1130379.0
2025-06-18 14:12:23.421150,332.35,3618580.0,1130379.0
2025-06-18 14:12:23.920218,332.35,3618580.0,1130379.0
2025-06-18 14:12:24.421251,332.35,3647073.0,1130227.0
2025-06-18 14:12:24.927657,332.35,3647073.0,1130227.0
2025-06-18 14:12:25.425452,332.4,3646873.0,1130122.0
2025-06-18 14:12:25.920468,332.35,3646873.0,1130122.0
2025-06-18 14:12:26.423194,332.35,3646275.0,1130122.0
2025-06-18 14:12:26.924386,332.35,3646275.0,1130122.0
2025-06-18 14:12:27.323225,332.4,3761608.0,1130109.0
2025-06-18 14:12:27.925756,332.4,3761608.0,1130109.0
2025-06-18 14:12:28.421775,332.35,3815535.0,1128491.0
2025-06-18 14:12:28.931472,332.35,3815535.0,1128491.0
2025-06-18 14:12:29.425299,332.3,3792685.0,1129134.0
2025-06-18 14:12:29.931237,332.3,3792685.0,1129134.0
2025-06-18 14:12:30.425090,332.3,3792686.0,1129255.0
2025-06-18 14:12:31.427305,332.35,3829837.0,1129939.0
2025-06-18 14:12:31.923032,332.3,3829837.0,1129939.0
2025-06-18 14:12:32.426674,332.35,3884044.0,1128949.0
2025-06-18 14:12:32.924135,332.35,3884044.0,1128949.0
2025-06-18 14:12:33.427608,332.35,3883694.0,1132428.0
2025-06-18 14:12:33.926088,332.35,3883694.0,1132428.0
2025-06-18 14:12:34.428349,332.35,3883483.0,1133201.0
2025-06-18 14:12:34.918737,332.35,3883483.0,1133201.0
2025-06-18 14:12:35.429415,332.35,3883314.0,1133213.0
2025-06-18 14:12:35.920026,332.3,3883314.0,1133213.0
2025-06-18 14:12:36.431577,332.3,3893175.0,1131522.0
2025-06-18 14:12:36.921694,332.3,3893175.0,1131522.0
2025-06-18 14:12:37.430297,332.3,3948241.0,1132414.0
2025-06-18 14:12:37.929652,332.35,3948241.0,1132414.0
2025-06-18 14:12:38.429674,332.3,3910146.0,1132248.0
2025-06-18 14:12:38.919452,332.3,3910146.0,1132248.0
2025-06-18 14:12:39.469008,332.35,3890097.0,1130144.0
2025-06-18 14:12:39.940596,332.35,3890097.0,1130144.0
2025-06-18 14:12:40.447392,332.35,3890198.0,1129421.0
2025-06-18 14:12:41.450279,332.35,3889968.0,1129418.0
2025-06-18 14:12:41.974266,332.35,3889968.0,1129418.0
2025-06-18 14:12:42.447542,332.35,3890831.0,1129861.0
2025-06-18 14:12:43.459938,332.4,3890830.0,1130657.0
2025-06-18 14:12:43.935650,332.35,3890830.0,1130657.0
2025-06-18 14:12:44.445864,332.35,3873962.0,1131652.0
2025-06-18 14:12:44.936781,332.35,3873962.0,1131652.0
2025-06-18 14:12:45.433845,332.45,3869486.0,1131648.0
2025-06-18 14:12:45.918323,332.35,3869486.0,1131648.0
2025-06-18 14:12:46.438413,332.35,3869320.0,1131654.0
2025-06-18 14:12:46.922714,332.35,3869320.0,1131654.0
2025-06-18 14:12:47.435518,332.4,3870112.0,1131723.0
2025-06-18 14:12:47.919407,332.4,3870112.0,1131723.0
2025-06-18 14:12:48.443075,332.4,3869883.0,1131500.0
2025-06-18 14:12:49.437020,332.4,3869611.0,1131479.0
2025-06-18 14:12:49.920317,332.35,3869611.0,1131479.0
2025-06-18 14:12:50.438442,332.35,3874464.0,1130664.0
2025-06-18 14:12:50.923368,332.4,3874464.0,1130664.0
2025-06-18 14:12:51.438695,332.4,3869223.0,1131402.0
2025-06-18 14:12:51.923620,332.35,3869223.0,1131402.0
2025-06-18 14:12:52.442711,332.35,3868871.0,1132194.0
2025-06-18 14:12:52.922841,332.35,3868871.0,1132194.0
2025-06-18 14:12:53.439809,332.35,3868748.0,1132132.0
2025-06-18 14:12:53.921260,332.35,3868748.0,1132132.0
2025-06-18 14:12:54.340286,332.35,3869199.0,1132243.0
2025-06-18 14:12:54.953426,332.35,3869199.0,1132243.0
2025-06-18 14:12:55.345622,332.35,3869059.0,1132182.0
2025-06-18 14:12:55.925059,332.4,3869059.0,1132182.0
2025-06-18 14:12:56.342437,332.35,3868766.0,1132259.0
2025-06-18 14:12:56.923269,332.35,3868766.0,1132259.0
2025-06-18 14:12:57.344092,332.4,3862064.0,1132216.0
2025-06-18 14:12:57.922961,332.4,3862064.0,1132216.0
2025-06-18 14:12:58.343596,332.4,3856497.0,1131418.0
2025-06-18 14:12:58.922582,332.35,3856497.0,1131418.0
2025-06-18 14:12:59.245380,332.35,3856455.0,1132216.0
2025-06-18 14:12:59.927079,332.35,3856455.0,1132216.0
2025-06-18 14:13:00.248649,332.4,3856233.0,1132125.0
2025-06-18 14:13:00.933093,332.35,3856233.0,1132125.0
2025-06-18 14:13:02.929176,332.45,3856233.0,1132125.0
2025-06-18 14:13:05.019532,332.3,3856233.0,1132125.0
2025-06-18 14:13:05.764141,332.3,3848069.0,1137147.0
2025-06-18 14:13:06.950509,332.25,3848069.0,1137147.0
2025-06-18 14:13:08.951544,332.3,3848069.0,1137147.0
2025-06-18 14:13:10.754380,332.15,3829946.0,1143489.0
2025-06-18 14:13:10.932843,332.15,3829946.0,1143489.0
2025-06-18 14:13:12.944246,332.25,3829946.0,1143489.0
2025-06-18 14:13:14.955554,332.15,3829946.0,1143489.0
2025-06-18 14:13:15.256797,332.15,3831201.0,1138083.0
2025-06-18 14:13:16.383385,332.15,3831201.0,1138083.0
2025-06-18 14:13:16.930364,332.15,3831201.0,1138083.0
2025-06-18 14:13:17.532952,332.15,3831201.0,1138083.0
2025-06-18 14:13:18.519182,332.15,3831201.0,1138083.0
2025-06-18 14:13:18.930886,332.2,3831201.0,1138083.0
2025-06-18 14:13:19.539265,332.2,3831201.0,1138083.0
2025-06-18 14:13:19.759042,332.3,3844804.0,1126835.0
2025-06-18 14:13:20.509415,332.3,3844804.0,1126835.0
2025-06-18 14:13:20.932347,332.3,3844804.0,1126835.0
2025-06-18 14:13:21.416638,332.3,3844804.0,1126835.0
2025-06-18 14:13:22.589979,332.3,3844804.0,1126835.0
2025-06-18 14:13:22.937401,332.2,3844804.0,1126835.0
2025-06-18 14:13:23.186907,332.2,3844804.0,1126835.0
2025-06-18 14:13:24.262191,332.2,3844804.0,1126835.0
2025-06-18 14:13:24.659978,332.2,3841198.0,1132896.0
2025-06-18 14:13:24.939340,332.2,3841198.0,1132896.0
2025-06-18 14:13:25.466416,332.2,3841198.0,1132896.0
2025-06-18 14:13:26.749461,332.2,3841198.0,1132896.0
2025-06-18 14:13:26.956172,332.2,3841198.0,1132896.0
2025-06-18 14:13:27.642871,332.2,3841198.0,1132896.0
2025-06-18 14:13:28.935403,332.2,3841198.0,1132896.0
2025-06-18 14:13:29.063227,332.2,3841198.0,1132896.0
2025-06-18 14:13:29.260308,332.2,3708026.0,1134717.0
2025-06-18 14:13:30.315853,332.2,3708026.0,1134717.0
2025-06-18 14:13:30.948968,332.2,3708026.0,1134717.0
2025-06-18 14:13:31.394400,332.2,3708026.0,1134717.0
2025-06-18 14:13:32.919356,332.2,3708026.0,1134717.0
2025-06-18 14:13:32.974605,332.4,3708026.0,1134717.0
2025-06-18 14:13:33.879229,332.4,3689264.0,1134731.0
2025-06-18 14:13:34.946155,332.4,3689264.0,1134731.0
2025-06-18 14:13:36.936930,332.2,3689264.0,1134731.0
2025-06-18 14:13:38.677249,332.25,3972218.0,1134312.0
2025-06-18 14:13:38.935296,332.2,3972218.0,1134312.0
2025-06-18 14:13:40.936488,332.2,3972218.0,1134312.0
2025-06-18 14:13:42.933738,332.2,3972218.0,1134312.0
2025-06-18 14:13:43.270626,332.2,3973573.0,1137984.0
2025-06-18 14:13:44.928747,332.25,3973573.0,1137984.0
2025-06-18 14:13:46.936271,332.2,3973573.0,1137984.0
2025-06-18 14:13:48.221428,332.25,3955335.0,1153068.0
2025-06-18 14:13:48.939335,332.15,3955335.0,1153068.0
2025-06-18 14:13:50.934890,332.15,3955335.0,1153068.0
2025-06-18 14:13:52.883244,332.05,3951898.0,1163510.0
2025-06-18 14:13:52.937432,332.05,3951898.0,1163510.0
2025-06-18 14:13:54.998296,332.05,3951898.0,1163510.0
2025-06-18 14:13:56.962065,332.05,3951898.0,1163510.0
2025-06-18 14:13:57.396381,332.15,3941553.0,1168381.0
2025-06-18 14:13:59.022866,332.1,3941553.0,1168381.0
2025-06-18 14:14:00.931187,332.05,3941553.0,1168381.0
2025-06-18 14:14:01.480724,332.05,3945022.0,1162058.0
2025-06-18 14:14:01.929527,332.05,3945022.0,1162058.0
2025-06-18 14:14:02.582129,332.1,3813561.0,1162050.0
2025-06-18 14:14:02.926939,332.1,3813561.0,1162050.0
2025-06-18 14:14:03.689831,332.05,3878654.0,1162031.0
2025-06-18 14:14:03.956164,332.05,3878654.0,1162031.0
2025-06-18 14:14:04.690079,332.1,3879251.0,1158671.0
2025-06-18 14:14:04.935264,332.1,3879251.0,1158671.0
2025-06-18 14:14:05.692880,332.05,3891693.0,1157855.0
2025-06-18 14:14:05.985748,332.05,3891693.0,1157855.0
2025-06-18 14:14:06.694898,332.05,3891796.0,1158740.0
2025-06-18 14:14:06.928188,332.05,3891796.0,1158740.0
2025-06-18 14:14:07.785681,332.1,3881515.0,1158636.0
2025-06-18 14:14:07.928016,332.1,3881515.0,1158636.0
2025-06-18 14:14:08.887162,332.05,3880441.0,1158897.0
2025-06-18 14:14:08.925798,332.05,3880441.0,1158897.0
2025-06-18 14:14:09.929620,332.05,3880441.0,1158897.0
2025-06-18 14:14:09.987092,332.05,3873287.0,1159941.0
2025-06-18 14:14:10.932012,332.1,3873287.0,1159941.0
2025-06-18 14:14:11.087087,332.05,3875702.0,1159433.0
2025-06-18 14:14:11.947179,332.05,3875702.0,1159433.0
2025-06-18 14:14:12.196041,332.05,3874673.0,1160171.0
2025-06-18 14:14:12.931474,332.05,3874673.0,1160171.0
2025-06-18 14:14:13.191207,332.05,3876919.0,1160082.0
2025-06-18 14:14:14.197144,332.05,3877111.0,1159199.0
2025-06-18 14:14:14.926529,332.15,3877111.0,1159199.0
2025-06-18 14:14:15.196272,332.15,3878037.0,1159177.0
2025-06-18 14:14:15.924835,332.05,3878037.0,1159177.0
2025-06-18 14:14:16.286920,332.05,3877402.0,1159999.0
2025-06-18 14:14:16.924905,332.1,3877402.0,1159999.0
2025-06-18 14:14:17.387219,332.15,3877416.0,1159924.0
2025-06-18 14:14:17.929854,332.15,3877416.0,1159924.0
2025-06-18 14:14:18.386713,332.15,3877416.0,1159924.0
2025-06-18 14:14:18.926238,332.1,3877416.0,1159924.0
2025-06-18 14:14:19.489668,332.05,3877174.0,1151048.0
2025-06-18 14:14:19.978236,332.05,3877174.0,1151048.0
2025-06-18 14:14:20.534562,332.05,3877215.0,1149925.0
2025-06-18 14:14:20.949113,332.05,3877215.0,1149925.0
2025-06-18 14:14:21.507265,332.05,3878761.0,1149997.0
2025-06-18 14:14:21.946387,332.05,3878761.0,1149997.0
2025-06-18 14:14:22.508329,332.05,3878928.0,1149884.0
2025-06-18 14:14:23.508083,332.05,3874024.0,1149982.0
2025-06-18 14:14:23.940128,332.15,3874024.0,1149982.0
2025-06-18 14:14:24.611617,332.05,3884120.0,1149923.0
2025-06-18 14:14:25.005472,332.05,3884120.0,1149923.0
2025-06-18 14:14:25.699682,332.05,3886188.0,1150147.0
2025-06-18 14:14:25.929889,332.05,3886188.0,1150147.0
2025-06-18 14:14:26.797263,332.15,3886606.0,1150430.0
2025-06-18 14:14:26.925611,332.05,3886606.0,1150430.0
2025-06-18 14:14:27.897949,332.15,3886621.0,1150496.0
2025-06-18 14:14:27.927875,332.15,3886621.0,1150496.0
2025-06-18 14:14:29.003700,332.15,3912719.0,1151277.0
2025-06-18 14:14:29.923637,332.05,3912719.0,1151277.0
2025-06-18 14:14:30.096189,332.05,3912780.0,1150809.0
2025-06-18 14:14:31.199109,332.05,3912802.0,1150423.0
2025-06-18 14:14:31.933144,332.05,3912802.0,1150423.0
2025-06-18 14:14:32.199168,332.05,3919945.0,1150400.0
2025-06-18 14:14:32.929368,332.1,3919945.0,1150400.0
2025-06-18 14:14:33.299175,332.1,3920029.0,1151411.0
2025-06-18 14:14:33.932584,332.1,3920029.0,1151411.0
2025-06-18 14:14:34.399960,332.1,3917808.0,1151324.0
2025-06-18 14:14:35.499404,332.1,3883008.0,1151621.0
2025-06-18 14:14:35.931444,332.05,3883008.0,1151621.0
2025-06-18 14:14:36.499674,332.05,3886136.0,1149627.0
2025-06-18 14:14:36.925506,332.05,3886136.0,1149627.0
2025-06-18 14:14:37.500825,332.15,4095759.0,1144306.0
2025-06-18 14:14:37.930857,332.15,4095759.0,1144306.0
2025-06-18 14:14:38.501851,332.15,4095925.0,1146113.0
2025-06-18 14:14:39.603993,332.15,4094839.0,1146859.0
2025-06-18 14:14:39.928091,332.15,4094839.0,1146859.0
2025-06-18 14:14:40.717740,332.1,3864772.0,1154317.0
2025-06-18 14:14:40.927300,332.1,3864772.0,1154317.0
2025-06-18 14:14:41.810907,332.05,3866399.0,1155351.0
2025-06-18 14:14:41.932011,332.0,3866399.0,1155351.0
2025-06-18 14:14:42.905739,332.1,3869518.0,1153545.0
2025-06-18 14:14:42.926918,332.1,3869518.0,1153545.0
2025-06-18 14:14:43.929252,332.1,3869518.0,1153545.0
2025-06-18 14:14:44.005780,332.1,3869939.0,1152338.0
2025-06-18 14:14:44.982306,332.1,3869939.0,1152338.0
2025-06-18 14:14:45.158415,332.1,3868238.0,1154170.0
2025-06-18 14:14:45.983745,332.05,3868238.0,1154170.0
2025-06-18 14:14:46.225603,332.05,3868461.0,1154132.0
2025-06-18 14:14:46.944883,332.05,3868461.0,1154132.0
2025-06-18 14:14:47.324175,332.05,3869230.0,1153328.0
2025-06-18 14:14:47.946566,332.05,3869230.0,1153328.0
2025-06-18 14:14:48.421403,332.05,3856565.0,1152854.0
2025-06-18 14:14:48.946137,332.0,3856565.0,1152854.0
2025-06-18 14:14:49.525897,332.05,3860124.0,1154381.0
2025-06-18 14:14:49.942347,332.05,3860124.0,1154381.0
2025-06-18 14:14:50.509514,332.15,3870488.0,1155846.0
2025-06-18 14:14:50.928299,332.15,3870488.0,1155846.0
2025-06-18 14:14:51.613690,332.15,3871876.0,1154776.0
2025-06-18 14:14:51.933608,332.05,3871876.0,1154776.0
2025-06-18 14:14:52.711552,332.05,3777958.0,1155427.0
2025-06-18 14:14:52.951629,332.15,3777958.0,1155427.0
2025-06-18 14:14:53.710617,332.15,3788597.0,1152998.0
2025-06-18 14:14:54.752834,332.05,3788941.0,1157694.0
2025-06-18 14:14:54.944373,332.05,3788941.0,1157694.0
2025-06-18 14:14:55.814210,332.05,3789037.0,1157756.0
2025-06-18 14:14:55.927117,332.05,3789037.0,1157756.0
2025-06-18 14:14:56.913966,332.05,3788491.0,1158761.0
2025-06-18 14:14:56.925108,332.05,3788491.0,1158761.0
2025-06-18 14:14:57.914644,332.2,3787713.0,1158092.0
2025-06-18 14:14:57.923606,332.2,3787713.0,1158092.0
2025-06-18 14:14:58.914230,332.2,3789278.0,1159776.0
2025-06-18 14:14:59.925964,332.05,3789278.0,1159776.0
2025-06-18 14:15:00.022556,332.15,3790060.0,1160009.0
2025-06-18 14:15:00.930236,332.15,3790060.0,1160009.0
2025-06-18 14:15:01.819658,332.05,3850794.0,1155781.0
2025-06-18 14:15:01.925629,332.05,3850794.0,1155781.0
2025-06-18 14:15:02.816687,332.15,3802754.0,1153756.0
2025-06-18 14:15:02.956181,332.15,3802754.0,1153756.0
2025-06-18 14:15:03.719795,332.15,3824706.0,1154693.0
2025-06-18 14:15:04.717787,332.15,3824742.0,1153674.0
2025-06-18 14:15:05.718365,332.15,3823837.0,1153778.0
2025-06-18 14:15:05.927948,332.15,3823837.0,1153778.0
2025-06-18 14:15:06.718086,332.15,3824086.0,1155412.0
2025-06-18 14:15:06.926853,332.05,3824086.0,1155412.0
2025-06-18 14:15:07.723988,332.05,3824223.0,1156969.0
2025-06-18 14:15:08.723204,332.05,3823806.0,1155854.0
2025-06-18 14:15:08.933616,332.05,3823806.0,1155854.0
2025-06-18 14:15:09.722356,332.05,3823786.0,1157108.0
2025-06-18 14:15:09.929561,332.05,3823786.0,1157108.0
2025-06-18 14:15:10.772276,332.05,3823784.0,1157108.0
2025-06-18 14:15:11.780608,332.05,3823085.0,1156508.0
2025-06-18 14:15:11.982692,332.05,3823085.0,1156508.0
2025-06-18 14:15:13.340728,332.05,3846570.0,1178170.0
2025-06-18 14:15:14.341171,332.05,3846339.0,1178695.0
2025-06-18 14:15:14.976254,332.05,3846339.0,1178695.0
2025-06-18 14:15:15.342385,332.05,3848130.0,1176233.0
2025-06-18 14:15:15.936279,332.05,3848130.0,1176233.0
2025-06-18 14:15:16.424256,332.05,3854197.0,1169383.0
2025-06-18 14:15:16.927127,332.05,3854197.0,1169383.0
2025-06-18 14:15:17.426242,332.15,3856139.0,1167818.0
2025-06-18 14:15:17.927850,332.15,3856139.0,1167818.0
2025-06-18 14:15:18.425213,332.1,3855604.0,1167897.0
2025-06-18 14:15:18.931840,332.15,3855604.0,1167897.0
2025-06-18 14:15:19.325916,332.15,3855676.0,1167896.0
2025-06-18 14:15:19.934451,332.1,3855676.0,1167896.0
2025-06-18 14:15:20.426763,332.1,3855736.0,1167562.0
2025-06-18 14:15:21.428155,332.1,3858236.0,1167562.0
2025-06-18 14:15:21.930770,332.1,3858236.0,1167562.0
2025-06-18 14:15:22.429091,332.1,3858249.0,1168489.0
2025-06-18 14:15:23.431777,332.1,3858175.0,1168489.0
2025-06-18 14:15:24.432267,332.1,3896651.0,1168964.0
2025-06-18 14:15:24.971870,332.1,3896651.0,1168964.0
2025-06-18 14:15:25.432447,332.1,3896134.0,1171305.0
2025-06-18 14:15:25.929261,332.1,3896134.0,1171305.0
2025-06-18 14:15:26.438182,332.1,3893402.0,1169302.0
2025-06-18 14:15:26.933860,332.05,3893402.0,1169302.0
2025-06-18 14:15:27.435087,332.1,3893893.0,1148802.0
2025-06-18 14:15:27.933668,332.1,3893893.0,1148802.0
2025-06-18 14:15:28.536904,332.1,3890853.0,1148581.0
2025-06-18 14:15:28.929850,332.1,3890853.0,1148581.0
2025-06-18 14:15:29.443390,332.05,3892737.0,1148488.0
2025-06-18 14:15:29.933214,332.1,3892737.0,1148488.0
2025-06-18 14:15:30.441386,332.1,3892223.0,1148636.0
2025-06-18 14:15:31.443036,332.1,3843101.0,1148272.0
2025-06-18 14:15:31.929762,332.05,3843101.0,1148272.0
2025-06-18 14:15:32.441548,332.1,3840454.0,1148683.0
2025-06-18 14:15:32.929270,332.1,3840454.0,1148683.0
2025-06-18 14:15:33.444292,332.05,3859977.0,1148328.0
2025-06-18 14:15:33.946814,332.1,3859977.0,1148328.0
2025-06-18 14:15:34.386356,332.1,3859878.0,1149355.0
2025-06-18 14:15:34.949560,332.1,3859878.0,1149355.0
2025-06-18 14:15:35.363268,332.1,3810276.0,1149399.0
2025-06-18 14:15:35.944967,332.05,3810276.0,1149399.0
2025-06-18 14:15:36.359731,332.05,3841073.0,1150249.0
2025-06-18 14:15:36.956673,332.05,3841073.0,1150249.0
2025-06-18 14:15:37.361621,332.05,3490270.0,1150324.0
2025-06-18 14:15:37.946136,332.1,3490270.0,1150324.0
2025-06-18 14:15:38.264561,331.95,3223928.0,1157133.0
2025-06-18 14:15:38.946887,331.95,3223928.0,1157133.0
2025-06-18 14:15:39.265876,331.95,3120847.0,1155409.0
2025-06-18 14:15:39.931582,331.95,3120847.0,1155409.0
2025-06-18 14:15:40.257074,331.95,3058177.0,1156528.0
2025-06-18 14:15:40.933049,331.95,3058177.0,1156528.0
2025-06-18 14:15:41.265356,331.9,3057202.0,1153445.0
2025-06-18 14:15:41.929462,331.75,3057202.0,1153445.0
2025-06-18 14:15:42.250171,331.75,3059379.0,1158631.0
2025-06-18 14:15:42.935052,331.7,3059379.0,1158631.0
2025-06-18 14:15:43.255283,331.7,3108250.0,1157756.0
2025-06-18 14:15:43.933557,331.8,3108250.0,1157756.0
2025-06-18 14:15:44.257676,331.8,3084540.0,1157983.0
2025-06-18 14:15:44.937781,331.9,3084540.0,1157983.0
2025-06-18 14:15:45.257626,331.9,3059086.0,1157498.0
2025-06-18 14:15:45.934508,331.8,3059086.0,1157498.0
2025-06-18 14:15:46.258449,331.8,3059405.0,1158697.0
2025-06-18 14:15:46.930917,331.8,3059405.0,1158697.0
2025-06-18 14:15:47.265780,331.8,3060267.0,1158038.0
2025-06-18 14:15:47.931599,331.9,3060267.0,1158038.0
2025-06-18 14:15:48.359264,331.9,3060192.0,1157090.0
2025-06-18 14:15:48.933599,331.9,3060192.0,1157090.0
2025-06-18 14:15:49.359282,331.9,3006567.0,1163058.0
2025-06-18 14:15:49.937420,331.9,3006567.0,1163058.0
2025-06-18 14:15:50.459274,331.9,3004887.0,1163025.0
2025-06-18 14:15:51.461816,331.9,3004953.0,1163039.0
2025-06-18 14:15:51.954653,331.8,3004953.0,1163039.0
2025-06-18 14:15:52.558917,331.8,3003533.0,1162953.0
2025-06-18 14:15:52.935192,331.8,3003533.0,1162953.0
2025-06-18 14:15:53.459718,331.8,2995925.0,1163024.0
2025-06-18 14:15:54.562401,331.8,3099864.0,1162962.0
2025-06-18 14:15:54.936061,331.8,3099864.0,1162962.0
2025-06-18 14:15:55.565458,331.8,3101254.0,1163137.0
2025-06-18 14:15:55.936177,331.8,3101254.0,1163137.0
2025-06-18 14:15:56.662658,331.8,3101398.0,1163559.0
2025-06-18 14:15:56.937993,331.8,3101398.0,1163559.0
2025-06-18 14:15:57.661679,331.85,3140211.0,1163545.0
2025-06-18 14:15:57.936721,331.8,3140211.0,1163545.0
2025-06-18 14:15:58.664527,331.8,3120769.0,1163335.0
2025-06-18 14:15:58.940183,331.8,3120769.0,1163335.0
2025-06-18 14:15:59.738487,331.8,3111450.0,1163534.0
2025-06-18 14:16:00.011732,331.8,3111450.0,1163534.0
2025-06-18 14:16:00.703879,331.85,3240540.0,1165094.0
2025-06-18 14:16:01.781233,331.8,3243745.0,1165094.0
2025-06-18 14:16:01.957693,331.8,3243745.0,1165094.0
2025-06-18 14:16:02.822223,331.85,3244395.0,1165000.0
2025-06-18 14:16:02.991676,331.85,3244395.0,1165000.0
2025-06-18 14:16:03.779025,331.8,3242050.0,1164389.0
2025-06-18 14:16:03.949995,331.8,3242050.0,1164389.0
2025-06-18 14:16:04.874927,331.8,3243778.0,1164402.0
2025-06-18 14:16:05.868094,331.85,3244395.0,1164193.0
2025-06-18 14:16:05.934571,331.85,3244395.0,1164193.0
2025-06-18 14:16:06.869564,331.85,3244559.0,1164254.0
2025-06-18 14:16:06.936721,331.8,3244559.0,1164254.0
2025-06-18 14:16:07.970007,331.8,3506647.0,1162742.0
2025-06-18 14:16:08.940618,331.8,3506647.0,1162742.0
2025-06-18 14:16:09.070471,331.8,3496818.0,1182520.0
2025-06-18 14:16:09.938385,331.75,3496818.0,1182520.0
2025-06-18 14:16:10.072175,331.8,3497296.0,1182094.0
2025-06-18 14:16:10.945861,331.75,3497296.0,1182094.0
2025-06-18 14:16:11.172969,331.75,3497130.0,1180514.0
2025-06-18 14:16:11.934705,331.75,3497130.0,1180514.0
2025-06-18 14:16:12.173136,331.75,3498724.0,1181466.0
2025-06-18 14:16:13.174212,331.75,3500456.0,1184529.0
2025-06-18 14:16:13.931889,331.8,3500456.0,1184529.0
2025-06-18 14:16:14.274063,331.8,3500247.0,1183781.0
2025-06-18 14:16:14.938983,331.8,3500247.0,1183781.0
2025-06-18 14:16:15.276439,331.7,3494095.0,1183649.0
2025-06-18 14:16:15.939055,331.75,3494095.0,1183649.0
2025-06-18 14:16:16.275889,331.75,3498855.0,1185544.0
2025-06-18 14:16:16.856958,331.75,3498855.0,1185544.0
2025-06-18 14:16:16.932186,331.7,3498855.0,1185544.0
2025-06-18 14:16:17.277444,331.7,3516133.0,1192480.0
2025-06-18 14:16:17.933692,331.7,3516133.0,1192480.0
2025-06-18 14:16:18.015955,331.7,3516133.0,1192480.0
2025-06-18 14:16:18.277697,331.7,3514925.0,1188390.0
2025-06-18 14:16:18.934322,331.6,3514925.0,1188390.0
2025-06-18 14:16:19.003421,331.6,3514925.0,1188390.0
2025-06-18 14:16:19.201294,331.65,3520862.0,1187636.0
2025-06-18 14:16:19.939968,331.65,3520862.0,1187636.0
2025-06-18 14:16:20.033415,331.65,3520862.0,1187636.0
2025-06-18 14:16:20.179555,331.6,3673442.0,1186105.0
2025-06-18 14:16:20.936395,331.6,3673442.0,1186105.0
2025-06-18 14:16:20.999716,331.6,3673442.0,1186105.0
2025-06-18 14:16:21.293676,331.6,3627043.0,1172563.0
2025-06-18 14:16:21.919150,331.6,3627043.0,1172563.0
2025-06-18 14:16:21.937095,331.6,3627043.0,1172563.0
2025-06-18 14:16:22.184780,331.6,3618357.0,1172152.0
2025-06-18 14:16:23.082437,331.6,3618871.0,1173637.0
2025-06-18 14:16:23.105016,331.6,3618871.0,1173637.0
2025-06-18 14:16:24.082812,331.6,3615929.0,1173576.0
2025-06-18 14:16:24.110402,331.6,3615929.0,1173576.0
2025-06-18 14:16:24.973343,331.6,3615929.0,1173576.0
2025-06-18 14:16:25.090776,331.6,3615929.0,1173576.0
2025-06-18 14:16:25.203622,331.7,3750688.0,1173609.0
2025-06-18 14:16:25.950130,331.6,3750688.0,1173609.0
2025-06-18 14:16:25.987715,331.6,3750688.0,1173609.0
2025-06-18 14:16:26.696469,331.6,3744507.0,1176046.0
2025-06-18 14:16:26.953467,331.6,3744507.0,1176046.0
2025-06-18 14:16:27.267839,331.6,3744507.0,1176046.0
2025-06-18 14:16:27.812181,331.7,3750531.0,1176110.0
2025-06-18 14:16:27.955818,331.7,3750531.0,1176110.0
2025-06-18 14:16:28.175989,331.7,3750531.0,1176110.0
2025-06-18 14:16:28.885843,331.7,3572139.0,1174188.0
2025-06-18 14:16:28.939053,331.7,3572139.0,1174188.0
2025-06-18 14:16:29.585293,331.7,3572139.0,1174188.0
2025-06-18 14:16:29.887361,331.6,3622731.0,1175515.0
2025-06-18 14:16:29.940065,331.6,3622731.0,1175515.0
2025-06-18 14:16:30.758451,331.6,3622731.0,1175515.0
2025-06-18 14:16:30.885992,331.6,3616955.0,1175636.0
2025-06-18 14:16:31.928275,331.6,3616955.0,1175636.0
2025-06-18 14:16:31.946282,331.6,3616955.0,1175636.0
2025-06-18 14:16:31.984555,331.6,3611887.0,1175471.0
2025-06-18 14:16:32.886866,331.7,3612154.0,1175443.0
2025-06-18 14:16:32.941207,331.7,3612154.0,1175443.0
2025-06-18 14:16:33.476218,331.7,3612154.0,1175443.0
2025-06-18 14:16:33.887504,331.7,3612157.0,1175427.0
2025-06-18 14:16:33.951694,331.7,3612157.0,1175427.0
2025-06-18 14:16:34.889550,331.6,3609912.0,1176747.0
2025-06-18 14:16:34.941682,331.6,3609912.0,1176747.0
2025-06-18 14:16:35.942667,331.65,3609912.0,1176747.0
2025-06-18 14:16:36.085877,331.65,3658216.0,1174815.0
2025-06-18 14:16:36.933314,331.6,3658216.0,1174815.0
2025-06-18 14:16:37.087735,331.6,3657464.0,1173043.0
2025-06-18 14:16:37.947841,331.6,3657464.0,1173043.0
2025-06-18 14:16:38.089341,331.6,3657571.0,1173400.0
2025-06-18 14:16:38.955154,331.65,3657571.0,1173400.0
2025-06-18 14:16:39.280309,331.7,3658838.0,1173346.0
2025-06-18 14:16:39.945864,331.6,3658838.0,1173346.0
2025-06-18 14:16:40.704564,331.6,3655856.0,1174680.0
2025-06-18 14:16:40.938738,331.6,3655856.0,1174680.0
2025-06-18 14:16:41.791789,331.55,3698535.0,1173581.0
2025-06-18 14:16:41.935197,331.55,3698535.0,1173581.0
2025-06-18 14:16:42.700378,331.7,3699332.0,1173469.0
2025-06-18 14:16:42.948691,331.7,3699332.0,1173469.0
2025-06-18 14:16:43.790950,331.7,3405606.0,1173735.0
2025-06-18 14:16:43.941689,331.7,3405606.0,1173735.0
2025-06-18 14:16:44.796414,331.55,3481036.0,1174206.0
2025-06-18 14:16:44.952428,331.55,3481036.0,1174206.0
2025-06-18 14:16:45.794374,331.55,3576309.0,1173795.0
2025-06-18 14:16:45.940076,331.7,3576309.0,1173795.0
2025-06-18 14:16:46.794195,331.7,3576374.0,1173891.0
2025-06-18 14:16:46.942255,331.55,3576374.0,1173891.0
2025-06-18 14:16:47.704471,331.7,3580193.0,1174907.0
2025-06-18 14:16:47.941075,331.7,3580193.0,1174907.0
2025-06-18 14:16:48.706961,331.55,3568808.0,1165190.0
2025-06-18 14:16:48.941979,331.55,3568808.0,1165190.0
2025-06-18 14:16:49.648298,331.7,3561950.0,1169116.0
2025-06-18 14:16:49.980075,331.7,3561950.0,1169116.0
2025-06-18 14:16:50.955480,331.7,3561950.0,1169116.0
2025-06-18 14:16:51.508714,331.7,3615065.0,1170771.0
2025-06-18 14:16:51.958191,331.6,3615065.0,1170771.0
2025-06-18 14:16:52.114959,331.55,3614306.0,1169786.0
2025-06-18 14:16:52.965915,331.55,3614306.0,1169786.0
2025-06-18 14:16:53.731844,331.6,3614791.0,1185120.0
2025-06-18 14:16:53.964977,331.7,3614791.0,1185120.0
2025-06-18 14:16:54.819746,331.55,3641193.0,1184090.0
2025-06-18 14:16:54.957285,331.55,3641193.0,1184090.0
2025-06-18 14:16:55.801316,331.55,3641036.0,1184337.0
2025-06-18 14:16:55.939202,331.55,3641036.0,1184337.0
2025-06-18 14:16:56.712845,331.55,3641471.0,1183355.0
2025-06-18 14:16:56.940345,331.55,3641471.0,1183355.0
2025-06-18 14:16:57.722899,331.65,3641508.0,1183481.0
2025-06-18 14:16:57.943918,331.65,3641508.0,1183481.0
2025-06-18 14:16:58.759491,331.6,3641655.0,1181814.0
2025-06-18 14:16:58.936751,331.6,3641655.0,1181814.0
2025-06-18 14:16:59.726228,331.65,3643034.0,1180864.0
2025-06-18 14:16:59.943999,331.7,3643034.0,1180864.0
2025-06-18 14:17:00.730857,331.7,3642769.0,1181082.0
2025-06-18 14:17:01.808675,331.7,3638162.0,1181156.0
2025-06-18 14:17:01.945277,331.6,3638162.0,1181156.0
2025-06-18 14:17:02.911078,331.75,3647283.0,1173174.0
2025-06-18 14:17:02.951766,331.75,3647283.0,1173174.0
2025-06-18 14:17:03.810928,331.75,3687663.0,1173099.0
2025-06-18 14:17:04.912322,331.75,3687158.0,1172187.0
2025-06-18 14:17:05.947518,331.7,3687158.0,1172187.0
2025-06-18 14:17:06.009815,331.7,3664880.0,1172140.0
2025-06-18 14:17:06.938921,331.7,3664880.0,1172140.0
2025-06-18 14:17:07.009667,331.7,3662196.0,1172645.0
2025-06-18 14:17:07.944011,331.75,3662196.0,1172645.0
2025-06-18 14:17:08.110840,331.75,3666044.0,1166462.0
2025-06-18 14:17:09.234881,331.7,3666369.0,1167397.0
2025-06-18 14:17:09.947020,331.7,3666369.0,1167397.0
2025-06-18 14:17:10.222627,331.7,3599525.0,1166570.0
2025-06-18 14:17:11.221887,331.65,3602254.0,1167310.0
2025-06-18 14:17:11.948307,331.7,3602254.0,1167310.0
2025-06-18 14:17:12.214068,331.7,3602588.0,1167720.0
2025-06-18 14:17:12.947220,331.65,3602588.0,1167720.0
2025-06-18 14:17:13.221203,331.65,3603883.0,1167258.0
2025-06-18 14:17:14.247360,331.65,3604002.0,1167514.0
2025-06-18 14:17:15.009607,331.65,3604002.0,1167514.0
2025-06-18 14:17:15.363513,331.65,3602787.0,1168067.0
2025-06-18 14:17:15.971585,331.65,3602787.0,1168067.0
2025-06-18 14:17:16.432665,331.65,3602787.0,1169579.0
2025-06-18 14:17:16.962060,331.65,3602787.0,1169579.0
2025-06-18 14:17:17.430987,331.75,3602644.0,1169091.0
2025-06-18 14:17:17.955374,331.75,3602644.0,1169091.0
2025-06-18 14:17:18.534460,331.7,3595243.0,1166650.0
2025-06-18 14:17:18.949005,331.7,3595243.0,1166650.0
2025-06-18 14:17:19.621271,331.7,3595607.0,1166823.0
2025-06-18 14:17:20.620022,331.65,3590319.0,1166984.0
2025-06-18 14:17:20.941598,331.65,3590319.0,1166984.0
2025-06-18 14:17:21.748781,331.65,3591026.0,1167286.0
2025-06-18 14:17:21.946379,331.65,3591026.0,1167286.0
2025-06-18 14:17:22.824998,331.65,3590788.0,1167566.0
2025-06-18 14:17:23.822162,331.65,3625407.0,1166609.0
2025-06-18 14:17:24.820936,331.65,3612615.0,1166107.0
2025-06-18 14:17:24.949206,331.65,3612615.0,1166107.0
2025-06-18 14:17:25.921349,331.65,3612223.0,1167651.0
2025-06-18 14:17:25.946121,331.65,3612223.0,1167651.0
2025-06-18 14:17:26.823992,331.65,3611387.0,1167207.0
2025-06-18 14:17:26.942781,331.65,3611387.0,1167207.0
2025-06-18 14:17:27.924245,331.75,3612164.0,1167058.0
2025-06-18 14:17:27.942770,331.75,3612164.0,1167058.0
2025-06-18 14:17:28.923580,331.75,3598072.0,1166975.0
2025-06-18 14:17:28.946500,331.75,3598072.0,1166975.0
2025-06-18 14:17:29.946407,331.7,3598072.0,1166975.0
2025-06-18 14:17:30.024827,331.7,3602464.0,1164916.0
2025-06-18 14:17:31.126456,331.7,3602216.0,1164568.0
2025-06-18 14:17:31.947479,331.7,3602216.0,1164568.0
2025-06-18 14:17:32.128469,331.7,3602565.0,1164663.0
2025-06-18 14:17:32.946717,331.75,3602565.0,1164663.0
2025-06-18 14:17:33.134164,331.9,3681265.0,1162879.0
2025-06-18 14:17:33.947804,331.9,3681265.0,1162879.0
2025-06-18 14:17:34.130315,331.9,3838580.0,1164130.0
2025-06-18 14:17:35.130932,331.9,3839459.0,1164130.0
2025-06-18 14:17:35.948163,331.8,3839459.0,1164130.0
2025-06-18 14:17:36.631527,331.8,3834097.0,1163454.0
2025-06-18 14:17:37.004693,331.8,3834097.0,1163454.0
2025-06-18 14:17:37.730055,331.8,3839302.0,1164350.0
2025-06-18 14:17:38.844944,331.8,3838362.0,1164754.0
2025-06-18 14:17:39.985639,331.8,3839229.0,1164753.0
2025-06-18 14:17:40.001735,331.8,3839229.0,1164753.0
2025-06-18 14:17:40.952068,331.8,3839312.0,1163079.0
2025-06-18 14:17:40.958585,331.8,3839312.0,1163079.0
2025-06-18 14:17:41.966512,331.7,3839312.0,1163079.0
2025-06-18 14:17:42.050146,331.7,3842140.0,1172495.0
2025-06-18 14:17:43.155181,331.7,3842594.0,1172557.0
2025-06-18 14:17:43.965980,331.8,3842594.0,1172557.0
2025-06-18 14:17:44.156312,331.8,3897421.0,1172613.0
2025-06-18 14:17:44.950862,331.65,3897421.0,1172613.0
2025-06-18 14:17:45.247475,331.65,3888062.0,1172513.0
2025-06-18 14:17:45.948187,331.65,3888062.0,1172513.0
2025-06-18 14:17:46.235899,331.65,3898015.0,1172510.0
2025-06-18 14:17:46.948045,331.65,3898015.0,1172510.0
2025-06-18 14:17:47.336200,331.8,3912946.0,1172854.0
2025-06-18 14:17:47.945270,331.65,3912946.0,1172854.0
2025-06-18 14:17:48.436458,331.65,3937934.0,1172969.0
2025-06-18 14:17:48.982023,331.65,3937934.0,1172969.0
2025-06-18 14:17:49.951849,331.65,3937934.0,1172969.0
2025-06-18 14:17:50.140502,331.65,3946177.0,1172888.0
2025-06-18 14:17:50.944922,331.8,3946177.0,1172888.0
2025-06-18 14:17:51.239429,331.8,4002440.0,1172242.0
2025-06-18 14:17:51.947283,331.65,4002440.0,1172242.0
2025-06-18 14:17:52.239824,331.65,4013458.0,1175075.0
2025-06-18 14:17:52.951215,331.75,4013458.0,1175075.0
2025-06-18 14:17:53.340822,331.75,4013894.0,1174525.0
2025-06-18 14:17:53.948553,331.75,4013894.0,1174525.0
2025-06-18 14:17:54.441060,331.65,4015383.0,1174543.0
2025-06-18 14:17:54.947531,331.65,4015383.0,1174543.0
2025-06-18 14:17:55.441986,331.65,4012214.0,1178272.0
2025-06-18 14:17:55.951887,331.65,4012214.0,1178272.0
2025-06-18 14:17:56.440637,331.65,4012590.0,1180243.0
2025-06-18 14:17:56.945335,331.65,4012590.0,1180243.0
2025-06-18 14:17:57.441437,331.65,4012216.0,1179277.0
2025-06-18 14:17:57.946789,331.65,4012216.0,1179277.0
2025-06-18 14:17:58.442947,331.6,4024340.0,1177272.0
2025-06-18 14:17:58.947221,331.6,4024340.0,1177272.0
2025-06-18 14:17:59.442980,331.6,4024298.0,1178096.0
2025-06-18 14:17:59.951704,331.6,4024298.0,1178096.0
2025-06-18 14:18:00.446201,331.6,4042045.0,1177653.0
2025-06-18 14:18:01.844743,331.65,4042148.0,1177648.0
2025-06-18 14:18:01.950442,331.6,4042148.0,1177648.0
2025-06-18 14:18:02.948679,331.65,4042148.0,1177648.0
2025-06-18 14:18:02.956149,331.65,4044370.0,1177879.0
2025-06-18 14:18:03.948818,331.65,4044370.0,1177879.0
2025-06-18 14:18:04.044683,331.65,4044334.0,1177786.0
2025-06-18 14:18:04.958552,331.65,4044334.0,1177786.0
2025-06-18 14:18:05.057651,331.65,4044725.0,1178189.0
2025-06-18 14:18:05.963355,331.65,4044725.0,1178189.0
2025-06-18 14:18:06.162478,331.65,4045581.0,1178143.0
2025-06-18 14:18:07.019252,331.6,4045581.0,1178143.0
2025-06-18 14:18:07.263401,331.6,4044801.0,1178643.0
2025-06-18 14:18:07.962580,331.65,4044801.0,1178643.0
2025-06-18 14:18:08.360338,331.65,4037301.0,1178528.0
2025-06-18 14:18:08.961713,331.65,4037301.0,1178528.0
2025-06-18 14:18:09.452440,331.6,4024014.0,1178345.0
2025-06-18 14:18:09.951604,331.6,4024014.0,1178345.0
2025-06-18 14:18:10.451017,331.6,4024810.0,1178719.0
2025-06-18 14:18:11.552334,331.55,4026720.0,1180379.0
2025-06-18 14:18:11.951158,331.65,4026720.0,1180379.0
2025-06-18 14:18:12.651940,331.65,4029424.0,1177127.0
2025-06-18 14:18:12.945799,331.65,4029424.0,1177127.0
2025-06-18 14:18:13.651619,331.65,4030344.0,1177126.0
2025-06-18 14:18:13.951007,331.65,4030344.0,1177126.0
2025-06-18 14:18:14.654180,331.65,4019599.0,1176200.0
2025-06-18 14:18:14.947814,331.65,4019599.0,1176200.0
2025-06-18 14:18:15.756687,331.6,4020750.0,1172556.0
2025-06-18 14:18:15.949540,331.65,4020750.0,1172556.0
2025-06-18 14:18:16.858280,331.65,4020547.0,1173581.0
2025-06-18 14:18:16.949656,331.65,4020547.0,1173581.0
2025-06-18 14:18:17.950214,331.65,4020547.0,1173581.0
2025-06-18 14:18:17.961303,331.65,4020877.0,1173632.0
2025-06-18 14:18:18.859521,331.6,4020626.0,1173632.0
2025-06-18 14:18:18.952575,331.6,4020626.0,1173632.0
2025-06-18 14:18:19.758621,331.6,4021671.0,1173632.0
2025-06-18 14:18:20.950074,331.65,4021671.0,1173632.0
2025-06-18 14:18:20.960380,331.65,4019638.0,1174307.0
2025-06-18 14:18:21.954396,331.6,4019638.0,1174307.0
2025-06-18 14:18:21.961395,331.6,4016505.0,1174262.0
2025-06-18 14:18:22.861998,331.65,4019755.0,1174194.0
2025-06-18 14:18:22.948090,331.65,4019755.0,1174194.0
2025-06-18 14:18:23.862476,331.65,4019845.0,1174558.0
2025-06-18 14:18:24.762899,331.65,4018646.0,1174563.0
2025-06-18 14:18:24.951738,331.65,4018646.0,1174563.0
2025-06-18 14:18:25.860479,331.65,4021038.0,1174482.0
2025-06-18 14:18:25.948512,331.65,4021038.0,1174482.0
2025-06-18 14:18:26.767240,331.6,4020266.0,1173745.0
2025-06-18 14:18:26.948694,331.6,4020266.0,1173745.0
2025-06-18 14:18:27.766080,331.65,4117329.0,1172540.0
2025-06-18 14:18:27.951680,331.65,4117329.0,1172540.0
2025-06-18 14:18:28.767682,331.6,4117330.0,1172540.0
2025-06-18 14:18:28.948728,331.6,4117330.0,1172540.0
2025-06-18 14:18:29.867622,331.55,4116379.0,1174544.0
2025-06-18 14:18:29.992107,331.55,4116379.0,1174544.0
2025-06-18 14:18:30.783603,331.55,4264678.0,1174665.0
2025-06-18 14:18:31.785015,331.55,4264481.0,1174631.0
2025-06-18 14:18:31.965716,331.55,4264481.0,1174631.0
2025-06-18 14:18:32.785966,331.65,4265550.0,1176785.0
2025-06-18 14:18:32.981601,331.65,4265550.0,1176785.0
2025-06-18 14:18:33.779329,331.65,4176998.0,1175758.0
2025-06-18 14:18:33.971755,331.65,4176998.0,1175758.0
2025-06-18 14:18:34.792535,331.65,4187002.0,1175341.0
2025-06-18 14:18:35.955421,331.55,4187002.0,1175341.0
2025-06-18 14:18:36.271926,331.55,4172642.0,1175174.0
2025-06-18 14:18:36.948307,331.6,4172642.0,1175174.0
2025-06-18 14:18:37.270845,331.6,4168452.0,1176018.0
2025-06-18 14:18:38.272487,331.6,4170753.0,1176980.0
2025-06-18 14:18:38.948113,331.6,4170753.0,1176980.0
2025-06-18 14:18:39.174892,331.6,4170700.0,1177061.0
2025-06-18 14:18:39.955605,331.55,4170700.0,1177061.0
2025-06-18 14:18:40.272692,331.55,4166478.0,1177823.0
2025-06-18 14:18:41.274215,331.55,4167292.0,1179981.0
2025-06-18 14:18:41.952460,331.55,4167292.0,1179981.0
2025-06-18 14:18:42.276296,331.55,4169744.0,1179282.0
2025-06-18 14:18:42.949791,331.5,4169744.0,1179282.0
2025-06-18 14:18:43.275891,331.5,4162033.0,1180042.0
2025-06-18 14:18:44.277382,331.5,4163477.0,1180301.0
2025-06-18 14:18:44.952995,331.5,4163477.0,1180301.0
2025-06-18 14:18:45.276640,331.65,4168011.0,1180385.0
2025-06-18 14:18:45.953122,331.5,4168011.0,1180385.0
2025-06-18 14:18:46.277962,331.5,4169522.0,1181049.0
2025-06-18 14:18:46.949926,331.5,4169522.0,1181049.0
2025-06-18 14:18:47.376825,331.65,4169541.0,1180957.0
2025-06-18 14:18:47.946368,331.55,4169541.0,1180957.0
2025-06-18 14:18:48.379458,331.55,4167129.0,1182007.0
2025-06-18 14:18:49.951264,331.55,4167129.0,1182007.0
2025-06-18 14:18:49.978695,331.55,4170791.0,1175752.0
2025-06-18 14:18:50.963740,331.55,4170791.0,1175752.0
2025-06-18 14:18:51.078584,331.55,4171026.0,1175262.0
2025-06-18 14:18:51.952360,331.5,4171026.0,1175262.0
2025-06-18 14:18:52.080427,331.5,4170637.0,1175144.0
2025-06-18 14:18:52.949896,331.55,4170637.0,1175144.0
2025-06-18 14:18:53.182626,331.55,4171483.0,1175238.0
2025-06-18 14:18:53.954807,331.5,4171483.0,1175238.0
2025-06-18 14:18:54.183357,331.5,4174725.0,1175357.0
2025-06-18 14:18:54.965348,331.45,4174725.0,1175357.0
2025-06-18 14:18:55.193507,331.5,4175708.0,1174781.0
2025-06-18 14:18:55.962670,331.45,4175708.0,1174781.0
2025-06-18 14:18:56.187523,331.45,4235326.0,1175744.0
2025-06-18 14:18:56.965139,331.45,4235326.0,1175744.0
2025-06-18 14:18:57.233716,331.5,4238473.0,1174557.0
2025-06-18 14:18:57.965523,331.45,4238473.0,1174557.0
2025-06-18 14:18:58.202963,331.45,4227814.0,1174557.0
2025-06-18 14:18:58.962018,331.45,4227814.0,1174557.0
2025-06-18 14:18:59.201811,331.45,4243478.0,1175492.0
2025-06-18 14:18:59.952014,331.5,4243478.0,1175492.0
2025-06-18 14:19:00.085386,331.5,4294521.0,1175462.0
2025-06-18 14:19:01.961566,331.45,4294521.0,1175462.0
2025-06-18 14:19:02.089205,331.45,4285215.0,1173858.0
2025-06-18 14:19:03.958114,331.45,4285215.0,1173858.0
2025-06-18 14:19:05.954790,331.45,4285215.0,1173858.0
2025-06-18 14:19:07.091252,331.45,4083140.0,1180535.0
2025-06-18 14:19:07.953192,331.5,4083140.0,1180535.0
2025-06-18 14:19:09.963267,331.5,4083140.0,1180535.0
2025-06-18 14:19:11.953521,331.35,4083140.0,1180535.0
2025-06-18 14:19:12.298571,331.45,4051657.0,1186929.0
2025-06-18 14:19:13.958184,331.45,4051657.0,1186929.0
2025-06-18 14:19:15.962469,331.45,4051657.0,1186929.0
2025-06-18 14:19:16.995510,331.35,4075704.0,1185409.0
2025-06-18 14:19:17.345427,331.35,4075704.0,1185409.0
2025-06-18 14:19:17.956314,331.45,4075704.0,1185409.0
2025-06-18 14:19:18.499353,331.45,4075704.0,1185409.0
2025-06-18 14:19:19.532905,331.45,4075704.0,1185409.0
2025-06-18 14:19:19.973983,331.45,4075704.0,1185409.0
2025-06-18 14:19:20.534773,331.45,4075704.0,1185409.0
2025-06-18 14:19:21.508548,331.45,4075704.0,1185409.0
2025-06-18 14:19:21.816334,331.4,4075378.0,1190720.0
2025-06-18 14:19:21.983893,331.35,4075378.0,1190720.0
2025-06-18 14:19:22.417771,331.35,4075378.0,1190720.0
2025-06-18 14:19:23.575245,331.35,4075378.0,1190720.0
2025-06-18 14:19:23.954788,331.3,4075378.0,1190720.0
2025-06-18 14:19:24.171352,331.3,4075378.0,1190720.0
2025-06-18 14:19:25.102478,331.3,4075378.0,1190720.0
2025-06-18 14:19:25.964855,331.3,4075378.0,1190720.0
2025-06-18 14:19:26.444732,331.3,4075378.0,1190720.0
2025-06-18 14:19:26.703225,331.3,4099491.0,1201465.0
2025-06-18 14:19:27.733018,331.3,4099491.0,1201465.0
2025-06-18 14:19:27.959798,331.3,4099491.0,1201465.0
2025-06-18 14:19:28.628161,331.3,4099491.0,1201465.0
2025-06-18 14:19:29.976203,331.25,4099491.0,1201465.0
2025-06-18 14:19:30.055504,331.25,4099491.0,1201465.0
2025-06-18 14:19:31.225032,331.25,4099491.0,1201465.0
2025-06-18 14:19:31.305222,331.3,4101461.0,1202678.0
2025-06-18 14:19:31.966095,331.25,4101461.0,1202678.0
2025-06-18 14:19:32.386429,331.25,4101461.0,1202678.0
2025-06-18 14:19:33.980757,331.25,4101461.0,1202678.0
2025-06-18 14:19:33.990679,331.3,4101461.0,1202678.0
2025-06-18 14:19:35.961250,331.25,4101461.0,1202678.0
2025-06-18 14:19:36.006929,331.25,4116133.0,1202434.0
2025-06-18 14:19:37.959585,331.3,4116133.0,1202434.0
2025-06-18 14:19:39.960500,331.25,4116133.0,1202434.0
2025-06-18 14:19:40.723478,331.25,4168272.0,1200511.0
2025-06-18 14:19:41.962130,331.25,4168272.0,1200511.0
2025-06-18 14:19:43.956901,331.3,4168272.0,1200511.0
2025-06-18 14:19:45.326926,331.3,4167018.0,1201567.0
2025-06-18 14:19:45.989806,331.25,4167018.0,1201567.0
2025-06-18 14:19:47.971357,331.3,4167018.0,1201567.0
2025-06-18 14:19:49.920698,331.2,4025737.0,1204243.0
2025-06-18 14:19:49.961501,331.2,4025737.0,1204243.0
2025-06-18 14:19:51.959650,331.2,4025737.0,1204243.0
2025-06-18 14:19:53.955571,331.25,4025737.0,1204243.0
2025-06-18 14:19:54.424293,331.2,4058370.0,1204620.0
2025-06-18 14:19:55.961663,331.2,4058370.0,1204620.0
2025-06-18 14:19:57.960963,331.25,4058370.0,1204620.0
2025-06-18 14:19:59.029505,331.2,4129036.0,1203834.0
2025-06-18 14:19:59.958622,331.3,4129036.0,1203834.0
2025-06-18 14:20:01.736580,331.25,4135586.0,1205932.0
2025-06-18 14:20:01.951765,331.2,4135586.0,1205932.0
2025-06-18 14:20:02.740077,331.3,4137039.0,1206787.0
2025-06-18 14:20:02.950370,331.3,4137039.0,1206787.0
2025-06-18 14:20:03.739368,331.35,4144630.0,1196427.0
2025-06-18 14:20:03.954675,331.35,4144630.0,1196427.0
2025-06-18 14:20:04.737483,331.4,4143084.0,1200293.0
2025-06-18 14:20:04.948480,331.4,4143084.0,1200293.0
2025-06-18 14:20:05.832334,331.3,4140080.0,1202586.0
2025-06-18 14:20:05.949231,331.3,4140080.0,1202586.0
2025-06-18 14:20:06.932857,331.25,4141269.0,1205355.0
2025-06-18 14:20:06.953531,331.25,4141269.0,1205355.0
2025-06-18 14:20:07.937417,331.4,4140626.0,1209743.0
2025-06-18 14:20:07.964063,331.4,4140626.0,1209743.0
2025-06-18 14:20:08.937070,331.4,4119279.0,1209686.0
2025-06-18 14:20:08.950796,331.4,4119279.0,1209686.0
2025-06-18 14:20:10.323058,331.4,4119279.0,1209686.0
2025-06-18 14:20:10.332537,331.4,4122262.0,1210887.0
2025-06-18 14:20:10.969180,331.4,4122262.0,1210887.0
2025-06-18 14:20:11.049216,331.4,4124160.0,1213558.0
2025-06-18 14:20:11.970170,331.25,4124160.0,1213558.0
2025-06-18 14:20:12.049281,331.25,4141872.0,1214856.0
2025-06-18 14:20:12.955630,331.4,4141872.0,1214856.0
2025-06-18 14:20:13.160054,331.4,4141356.0,1214712.0
2025-06-18 14:20:13.968353,331.4,4141356.0,1214712.0
2025-06-18 14:20:14.258518,331.4,4140578.0,1215395.0
2025-06-18 14:20:14.953673,331.3,4140578.0,1215395.0
2025-06-18 14:20:15.340130,331.25,4137067.0,1221267.0
2025-06-18 14:20:15.953150,331.25,4137067.0,1221267.0
2025-06-18 14:20:16.439357,331.3,4136184.0,1223467.0
2025-06-18 14:20:16.970982,331.25,4136184.0,1223467.0
2025-06-18 14:20:17.342424,331.2,4130193.0,1223247.0
2025-06-18 14:20:17.953130,331.2,4130193.0,1223247.0
2025-06-18 14:20:18.346455,331.2,4130520.0,1223498.0
2025-06-18 14:20:18.954563,331.15,4130520.0,1223498.0
2025-06-18 14:20:19.443654,331.1,4134806.0,1221277.0
2025-06-18 14:20:19.951773,331.15,4134806.0,1221277.0
2025-06-18 14:20:20.545037,331.15,4215869.0,1221012.0
2025-06-18 14:20:20.952900,331.15,4215869.0,1221012.0
2025-06-18 14:20:21.651644,331.15,4218365.0,1220379.0
2025-06-18 14:20:21.953690,331.1,4218365.0,1220379.0
2025-06-18 14:20:22.646974,331.15,4216323.0,1221580.0
2025-06-18 14:20:22.987947,331.15,4216323.0,1221580.0
2025-06-18 14:20:23.646419,331.15,4216903.0,1220309.0
2025-06-18 14:20:23.953041,331.15,4216903.0,1220309.0
2025-06-18 14:20:24.648639,331.1,4217407.0,1221285.0
2025-06-18 14:20:24.958718,331.15,4217407.0,1221285.0
2025-06-18 14:20:25.748026,331.1,4217183.0,1221264.0
2025-06-18 14:20:25.963703,331.15,4217183.0,1221264.0
2025-06-18 14:20:26.652836,331.1,4214211.0,1221400.0
2025-06-18 14:20:26.956973,331.1,4214211.0,1221400.0
2025-06-18 14:20:27.759379,331.15,4219118.0,1222980.0
2025-06-18 14:20:27.958398,331.15,4219118.0,1222980.0
2025-06-18 14:20:28.772253,331.1,4218957.0,1222427.0
2025-06-18 14:20:28.956692,331.1,4218957.0,1222427.0
2025-06-18 14:20:29.759899,331.1,4219042.0,1221335.0
2025-06-18 14:20:29.960054,331.25,4219042.0,1221335.0
2025-06-18 14:20:30.760215,331.25,4302717.0,1221542.0
2025-06-18 14:20:31.761662,331.25,4301876.0,1221331.0
2025-06-18 14:20:31.957436,331.2,4301876.0,1221331.0
2025-06-18 14:20:32.776967,331.2,4300860.0,1221334.0
2025-06-18 14:20:32.955050,331.2,4300860.0,1221334.0
2025-06-18 14:20:33.762290,331.2,4301390.0,1221190.0
2025-06-18 14:20:33.959087,331.15,4301390.0,1221190.0
2025-06-18 14:20:34.789330,331.15,4303699.0,1218485.0
2025-06-18 14:20:35.783509,331.1,4303376.0,1218692.0
2025-06-18 14:20:35.972837,331.1,4303376.0,1218692.0
2025-06-18 14:20:36.783499,331.1,4303016.0,1219643.0
2025-06-18 14:20:36.976816,331.15,4303016.0,1219643.0
2025-06-18 14:20:37.788222,331.15,4305298.0,1219547.0
2025-06-18 14:20:38.781333,331.2,4286266.0,1219224.0
2025-06-18 14:20:38.978635,331.2,4286266.0,1219224.0
2025-06-18 14:20:39.879900,331.2,4287916.0,1218619.0
2025-06-18 14:20:39.982918,331.2,4287916.0,1218619.0
2025-06-18 14:20:40.961178,331.2,4287916.0,1218619.0
2025-06-18 14:20:40.970202,331.2,4288395.0,1219694.0
2025-06-18 14:20:41.960067,331.15,4288395.0,1219694.0
2025-06-18 14:20:42.461252,331.25,4288628.0,1219513.0
2025-06-18 14:20:42.978469,331.25,4288628.0,1219513.0
2025-06-18 14:20:43.562149,331.25,4288486.0,1219703.0
2025-06-18 14:20:43.961291,331.25,4288486.0,1219703.0
2025-06-18 14:20:44.673105,331.15,4441554.0,1221177.0
2025-06-18 14:20:44.966211,331.15,4441554.0,1221177.0
2025-06-18 14:20:45.763462,331.15,4440646.0,1221175.0
2025-06-18 14:20:45.960441,331.25,4440646.0,1221175.0
2025-06-18 14:20:46.863712,331.25,4445377.0,1221573.0
2025-06-18 14:20:46.958671,331.15,4445377.0,1221573.0
2025-06-18 14:20:47.965022,331.25,4445377.0,1221573.0
2025-06-18 14:20:47.978209,331.25,4445300.0,1221779.0
2025-06-18 14:20:48.963525,331.15,4445300.0,1221779.0
2025-06-18 14:20:49.065548,331.15,4450373.0,1221893.0
2025-06-18 14:20:49.959155,331.25,4450373.0,1221893.0
2025-06-18 14:20:50.165073,331.25,4454489.0,1220645.0
2025-06-18 14:20:51.166149,331.25,4461189.0,1219805.0
2025-06-18 14:20:51.990544,331.2,4461189.0,1219805.0
2025-06-18 14:20:52.267334,331.2,4459770.0,1218835.0
2025-06-18 14:20:52.962090,331.2,4459770.0,1218835.0
2025-06-18 14:20:53.372056,331.2,4460045.0,1219777.0
2025-06-18 14:20:53.962113,331.15,4460045.0,1219777.0
2025-06-18 14:20:54.468408,331.15,4459914.0,1221144.0
2025-06-18 14:20:54.965982,331.15,4459914.0,1221144.0
2025-06-18 14:20:55.967727,331.15,4459914.0,1221144.0
2025-06-18 14:20:56.067005,331.15,4452996.0,1221313.0
2025-06-18 14:20:56.960172,331.15,4452996.0,1221313.0
2025-06-18 14:20:57.069986,331.25,4452398.0,1220752.0
2025-06-18 14:20:57.960260,331.25,4452398.0,1220752.0
2025-06-18 14:20:58.069053,331.25,4452189.0,1218504.0
2025-06-18 14:20:59.170088,331.25,4453414.0,1221665.0
2025-06-18 14:20:59.995459,331.1,4453414.0,1221665.0
2025-06-18 14:21:00.290815,331.1,4451683.0,1220625.0
2025-06-18 14:21:01.518777,331.1,4451844.0,1220698.0
2025-06-18 14:21:01.977175,331.15,4451844.0,1220698.0
2025-06-18 14:21:02.491155,331.15,4454041.0,1222434.0
2025-06-18 14:21:02.975389,331.15,4454041.0,1222434.0
2025-06-18 14:21:03.495789,331.15,4453080.0,1221859.0
2025-06-18 14:21:03.972207,331.1,4453080.0,1221859.0
2025-06-18 14:21:04.589093,331.15,4458161.0,1221152.0
2025-06-18 14:21:04.967276,331.15,4458161.0,1221152.0
2025-06-18 14:21:05.699608,331.1,4458149.0,1221069.0
2025-06-18 14:21:05.962010,331.15,4458149.0,1221069.0
2025-06-18 14:21:06.574463,331.15,4463022.0,1220524.0
2025-06-18 14:21:06.962804,331.1,4463022.0,1220524.0
2025-06-18 14:21:07.675629,331.15,4462088.0,1220760.0
2025-06-18 14:21:07.955634,331.15,4462088.0,1220760.0
2025-06-18 14:21:08.674752,331.05,4374463.0,1223259.0
2025-06-18 14:21:08.961156,331.05,4374463.0,1223259.0
2025-06-18 14:21:09.965695,331.1,4374463.0,1223259.0
2025-06-18 14:21:10.184749,331.1,4379902.0,1222739.0
2025-06-18 14:21:10.957915,331.05,4379902.0,1222739.0
2025-06-18 14:21:11.177648,331.05,4379432.0,1222675.0
2025-06-18 14:21:11.963396,331.05,4379432.0,1222675.0
2025-06-18 14:21:12.179912,331.1,4377988.0,1222621.0
2025-06-18 14:21:12.966223,331.1,4377988.0,1222621.0
2025-06-18 14:21:13.179943,331.1,4379736.0,1222516.0
2025-06-18 14:21:13.960036,331.1,4379736.0,1222516.0
2025-06-18 14:21:14.180193,331.1,4337865.0,1221593.0
2025-06-18 14:21:14.963187,331.05,4337865.0,1221593.0
2025-06-18 14:21:15.182036,331.05,4333357.0,1221496.0
2025-06-18 14:21:15.959602,331.1,4333357.0,1221496.0
2025-06-18 14:21:16.179319,331.1,4335880.0,1222274.0
2025-06-18 14:21:16.973136,331.05,4335880.0,1222274.0
2025-06-18 14:21:17.080811,331.05,4336812.0,1221186.0
2025-06-18 14:21:17.960313,331.1,4336812.0,1221186.0
2025-06-18 14:21:18.183691,331.2,4352520.0,1221037.0
2025-06-18 14:21:18.957431,331.1,4352520.0,1221037.0
2025-06-18 14:21:19.181582,331.1,4354828.0,1217823.0
2025-06-18 14:21:19.960348,331.2,4354828.0,1217823.0
2025-06-18 14:21:20.181572,331.15,4354596.0,1217562.0
2025-06-18 14:21:20.960000,331.15,4354596.0,1217562.0
2025-06-18 14:21:21.183258,331.15,4354938.0,1217856.0
2025-06-18 14:21:21.973465,331.15,4354938.0,1217856.0
2025-06-18 14:21:22.184546,331.15,4356178.0,1217908.0
2025-06-18 14:21:22.961422,331.2,4356178.0,1217908.0
2025-06-18 14:21:23.082210,331.2,4356183.0,1218002.0
2025-06-18 14:21:23.967575,331.15,4356183.0,1218002.0
2025-06-18 14:21:24.184201,331.15,4355352.0,1217059.0
2025-06-18 14:21:25.012069,331.15,4355352.0,1217059.0
2025-06-18 14:21:25.330690,331.2,4354642.0,1218068.0
2025-06-18 14:21:25.976588,331.15,4354642.0,1218068.0
2025-06-18 14:21:26.300232,331.1,4350755.0,1217394.0
2025-06-18 14:21:26.972326,331.1,4350755.0,1217394.0
2025-06-18 14:21:27.302408,331.15,4316316.0,1220208.0
2025-06-18 14:21:27.977031,331.15,4316316.0,1220208.0
2025-06-18 14:21:28.299857,331.15,4317321.0,1221383.0
2025-06-18 14:21:28.970648,331.1,4317321.0,1221383.0
2025-06-18 14:21:29.403329,331.1,4317314.0,1221405.0
2025-06-18 14:21:29.973627,331.1,4317314.0,1221405.0
2025-06-18 14:21:30.585182,331.1,4317319.0,1222362.0
2025-06-18 14:21:31.587323,331.1,4317436.0,1222362.0
2025-06-18 14:21:31.964339,331.05,4317436.0,1222362.0
2025-06-18 14:21:32.488029,331.1,4314689.0,1227437.0
2025-06-18 14:21:32.959111,331.1,4314689.0,1227437.0
2025-06-18 14:21:33.488002,331.1,4314858.0,1226341.0
2025-06-18 14:21:33.964220,331.1,4314858.0,1226341.0
2025-06-18 14:21:34.492539,331.1,4314924.0,1225858.0
2025-06-18 14:21:35.487373,331.1,4313539.0,1226318.0
2025-06-18 14:21:35.966717,331.05,4313539.0,1226318.0
2025-06-18 14:21:36.491612,331.05,4313543.0,1225863.0
2025-06-18 14:21:36.962908,331.05,4313543.0,1225863.0
2025-06-18 14:21:37.490753,331.1,4327487.0,1225171.0
2025-06-18 14:21:37.962636,331.1,4327487.0,1225171.0
2025-06-18 14:21:38.393012,331.05,4326898.0,1225151.0
2025-06-18 14:21:38.977680,331.05,4326898.0,1225151.0
2025-06-18 14:21:39.496514,331.05,4327056.0,1225172.0
2025-06-18 14:21:39.969217,331.05,4327056.0,1225172.0
2025-06-18 14:21:40.595839,331.1,4330190.0,1225148.0
2025-06-18 14:21:40.959693,331.1,4330190.0,1225148.0
2025-06-18 14:21:41.632658,331.1,4330831.0,1225313.0
2025-06-18 14:21:41.960418,331.1,4330831.0,1225313.0
2025-06-18 14:21:42.597501,331.1,4331503.0,1225010.0
2025-06-18 14:21:42.960665,331.15,4331503.0,1225010.0
2025-06-18 14:21:43.596939,331.15,4331437.0,1225336.0
2025-06-18 14:21:43.958462,331.15,4331437.0,1225336.0
2025-06-18 14:21:44.599195,331.05,4332958.0,1225514.0
2025-06-18 14:21:44.960430,331.05,4332958.0,1225514.0
2025-06-18 14:21:45.626974,331.05,4332393.0,1225135.0
2025-06-18 14:21:45.960437,331.05,4332393.0,1225135.0
2025-06-18 14:21:46.600012,331.05,4332735.0,1224711.0
2025-06-18 14:21:46.960376,331.05,4332735.0,1224711.0
2025-06-18 14:21:47.599553,331.15,4333987.0,1224707.0
2025-06-18 14:21:47.959099,331.15,4333987.0,1224707.0
2025-06-18 14:21:48.600509,331.15,4334087.0,1225132.0
2025-06-18 14:21:48.968376,331.15,4334087.0,1225132.0
2025-06-18 14:21:49.838931,331.15,4334680.0,1223343.0
2025-06-18 14:21:50.002915,331.15,4334680.0,1223343.0
2025-06-18 14:21:51.417083,331.15,4308007.0,1224178.0
2025-06-18 14:21:51.977550,331.05,4308007.0,1224178.0
2025-06-18 14:21:52.411700,331.05,4308147.0,1224022.0
2025-06-18 14:21:52.974699,331.15,4308147.0,1224022.0
2025-06-18 14:21:53.320821,331.15,4340660.0,1223953.0
2025-06-18 14:21:53.976721,331.15,4340660.0,1223953.0
2025-06-18 14:21:54.324288,331.15,4340723.0,1222785.0
2025-06-18 14:21:54.976096,331.15,4340723.0,1222785.0
2025-06-18 14:21:55.306972,331.15,4342527.0,1220475.0
2025-06-18 14:21:55.968448,331.15,4342527.0,1220475.0
2025-06-18 14:21:56.205335,331.05,4352778.0,1217872.0
2025-06-18 14:21:56.965920,331.05,4352778.0,1217872.0
2025-06-18 14:21:57.311884,331.15,4353072.0,1216846.0
2025-06-18 14:21:57.968071,331.15,4353072.0,1216846.0
2025-06-18 14:21:58.208774,331.15,4353473.0,1217591.0
2025-06-18 14:21:58.961524,331.1,4353473.0,1217591.0
2025-06-18 14:21:59.209113,331.1,4360374.0,1215950.0
2025-06-18 14:21:59.962524,331.1,4360374.0,1215950.0
2025-06-18 14:22:00.208440,331.1,4360608.0,1218311.0
2025-06-18 14:22:01.765087,331.1,4304453.0,1217012.0
2025-06-18 14:22:01.970764,331.05,4304453.0,1217012.0
2025-06-18 14:22:02.811324,331.1,4304123.0,1216897.0
2025-06-18 14:22:02.968997,331.1,4304123.0,1216897.0
2025-06-18 14:22:03.912168,331.1,4304492.0,1217007.0
2025-06-18 14:22:03.967807,331.1,4304492.0,1217007.0
2025-06-18 14:22:04.971259,331.1,4304492.0,1217007.0
2025-06-18 14:22:05.414474,331.15,4306503.0,1216594.0
2025-06-18 14:22:05.972340,331.1,4306503.0,1216594.0
2025-06-18 14:22:06.513679,331.1,4304115.0,1218300.0
2025-06-18 14:22:06.970052,331.1,4304115.0,1218300.0
2025-06-18 14:22:07.613649,331.1,4305604.0,1217946.0
2025-06-18 14:22:07.966762,331.1,4305604.0,1217946.0
2025-06-18 14:22:08.614489,331.15,4305579.0,1217010.0
2025-06-18 14:22:09.048226,331.15,4305579.0,1217010.0
2025-06-18 14:22:09.772758,331.15,4305617.0,1218018.0
2025-06-18 14:22:09.973351,331.15,4305617.0,1218018.0
2025-06-18 14:22:10.821034,331.15,4306209.0,1216652.0
2025-06-18 14:22:10.968636,331.15,4306209.0,1216652.0
2025-06-18 14:22:11.919430,331.15,4308530.0,1215219.0
2025-06-18 14:22:11.967944,331.15,4308530.0,1215219.0
2025-06-18 14:22:12.968590,331.25,4308530.0,1215219.0
2025-06-18 14:22:13.019591,331.25,4309579.0,1216088.0
2025-06-18 14:22:13.965911,331.25,4309579.0,1216088.0
2025-06-18 14:22:14.121213,331.25,4376385.0,1216338.0
2025-06-18 14:22:14.967082,331.25,4376385.0,1216338.0
2025-06-18 14:22:15.170662,331.25,4376385.0,1217275.0
2025-06-18 14:22:15.987068,331.25,4376385.0,1217275.0
2025-06-18 14:22:16.139158,331.25,4375428.0,1217392.0
2025-06-18 14:22:16.976126,331.25,4375428.0,1217392.0
2025-06-18 14:22:17.138747,331.25,4374520.0,1217695.0
2025-06-18 14:22:17.796958,331.25,4374520.0,1217695.0
2025-06-18 14:22:17.987120,331.25,4374520.0,1217695.0
2025-06-18 14:22:18.162741,331.25,4372632.0,1217142.0
2025-06-18 14:22:18.963459,331.25,4372632.0,1217142.0
2025-06-18 14:22:19.014806,331.25,4372632.0,1217142.0
2025-06-18 14:22:19.140352,331.25,4373138.0,1217138.0
2025-06-18 14:22:19.965064,331.25,4373138.0,1217138.0
2025-06-18 14:22:20.018343,331.25,4373138.0,1217138.0
2025-06-18 14:22:20.140398,331.25,4371701.0,1211877.0
2025-06-18 14:22:20.963968,331.25,4371701.0,1211877.0
2025-06-18 14:22:20.988274,331.25,4371701.0,1211877.0
2025-06-18 14:22:21.130803,331.25,4371601.0,1211748.0
2025-06-18 14:22:21.971493,331.25,4371601.0,1211748.0
2025-06-18 14:22:21.983207,331.2,4371601.0,1211748.0
2025-06-18 14:22:22.258185,331.25,4352629.0,1211665.0
2025-06-18 14:22:22.877344,331.25,4352629.0,1211665.0
2025-06-18 14:22:22.964395,331.25,4352629.0,1211665.0
2025-06-18 14:22:23.240699,331.25,4348092.0,1214643.0
2025-06-18 14:22:23.965387,331.25,4348092.0,1214643.0
2025-06-18 14:22:24.071215,331.25,4348092.0,1214643.0
2025-06-18 14:22:24.331285,331.25,4348118.0,1214657.0
2025-06-18 14:22:24.657763,331.25,4348118.0,1214657.0
2025-06-18 14:22:24.987599,331.25,4348118.0,1214657.0
2025-06-18 14:22:25.080822,331.25,4348118.0,1214657.0
2025-06-18 14:22:25.432640,331.25,4348044.0,1214853.0
2025-06-18 14:22:25.592867,331.25,4348044.0,1214853.0
2025-06-18 14:22:25.969036,331.25,4348044.0,1214853.0
2025-06-18 14:22:25.982800,331.25,4348044.0,1214853.0
2025-06-18 14:22:26.433967,331.25,4407244.0,1218317.0
2025-06-18 14:22:26.967282,331.15,4407244.0,1218317.0
2025-06-18 14:22:26.990037,331.15,4407244.0,1218317.0
2025-06-18 14:22:27.334886,331.25,4407282.0,1222109.0
2025-06-18 14:22:27.970008,331.25,4407282.0,1222109.0
2025-06-18 14:22:28.280956,331.25,4407282.0,1222109.0
2025-06-18 14:22:28.435564,331.25,4408907.0,1221031.0
2025-06-18 14:22:28.996262,331.25,4408907.0,1221031.0
2025-06-18 14:22:29.184436,331.25,4408907.0,1221031.0
2025-06-18 14:22:29.436160,331.25,4407631.0,1221042.0
2025-06-18 14:22:29.971120,331.25,4407631.0,1221042.0
2025-06-18 14:22:30.437487,331.25,4407306.0,1220882.0
2025-06-18 14:22:30.622166,331.25,4407306.0,1220882.0
2025-06-18 14:22:30.971280,331.25,4407306.0,1220882.0
2025-06-18 14:22:31.438910,331.25,4423892.0,1220970.0
2025-06-18 14:22:31.796940,331.25,4423892.0,1220970.0
2025-06-18 14:22:31.969990,331.2,4423892.0,1220970.0
2025-06-18 14:22:32.339662,331.2,4423791.0,1221407.0
2025-06-18 14:22:32.976671,331.2,4423791.0,1221407.0
2025-06-18 14:22:32.996338,331.25,4423791.0,1221407.0
2025-06-18 14:22:33.339587,331.25,4424628.0,1221308.0
2025-06-18 14:22:33.971775,331.25,4424628.0,1221308.0
2025-06-18 14:22:34.340959,331.25,4424573.0,1221292.0
2025-06-18 14:22:34.512065,331.25,4424573.0,1221292.0
2025-06-18 14:22:34.964410,331.25,4424573.0,1221292.0
2025-06-18 14:22:35.347131,331.25,4424573.0,1222222.0
2025-06-18 14:22:35.968884,331.2,4424573.0,1222222.0
2025-06-18 14:22:36.341475,331.2,4424382.0,1221961.0
2025-06-18 14:22:36.964614,331.2,4424382.0,1221961.0
2025-06-18 14:22:37.255377,331.2,4424092.0,1221786.0
2025-06-18 14:22:37.964636,331.2,4424092.0,1221786.0
2025-06-18 14:22:38.254316,331.2,4424326.0,1220662.0
2025-06-18 14:22:38.968365,331.2,4424326.0,1220662.0
2025-06-18 14:22:39.285361,331.2,4424803.0,1220656.0
2025-06-18 14:22:39.987209,331.2,4424803.0,1220656.0
2025-06-18 14:22:40.267675,331.2,4423868.0,1221174.0
2025-06-18 14:22:41.259318,331.15,4422211.0,1221174.0
2025-06-18 14:22:41.986717,331.15,4422211.0,1221174.0
2025-06-18 14:22:42.160387,331.2,4422254.0,1221159.0
2025-06-18 14:22:42.970709,331.15,4422254.0,1221159.0
2025-06-18 14:22:43.152907,331.2,4423312.0,1221180.0
2025-06-18 14:22:43.969376,331.2,4423312.0,1221180.0
2025-06-18 14:22:44.153035,331.2,4423353.0,1221173.0
2025-06-18 14:22:44.969480,331.2,4423353.0,1221173.0
2025-06-18 14:22:45.153425,331.2,4422378.0,1222167.0
2025-06-18 14:22:45.976424,331.2,4422378.0,1222167.0
2025-06-18 14:22:46.152950,331.2,4424382.0,1221332.0
2025-06-18 14:22:46.965691,331.15,4424382.0,1221332.0
2025-06-18 14:22:47.150546,331.2,4424198.0,1221311.0
2025-06-18 14:22:47.970263,331.2,4424198.0,1221311.0
2025-06-18 14:22:48.150993,331.2,4424065.0,1221337.0
2025-06-18 14:22:48.968927,331.15,4424065.0,1221337.0
2025-06-18 14:22:49.052024,331.15,4424063.0,1221359.0
2025-06-18 14:22:49.969748,331.2,4424063.0,1221359.0
2025-06-18 14:22:50.052018,331.2,4424056.0,1221261.0
2025-06-18 14:22:50.971625,331.2,4424056.0,1221261.0
2025-06-18 14:22:51.052216,331.2,4424135.0,1221337.0
2025-06-18 14:22:51.970167,331.15,4424135.0,1221337.0
2025-06-18 14:22:52.053024,331.1,4413195.0,1222147.0
2025-06-18 14:22:52.966281,331.1,4413195.0,1222147.0
2025-06-18 14:22:53.053021,331.1,4414354.0,1221967.0
2025-06-18 14:22:53.972046,331.2,4414354.0,1221967.0
2025-06-18 14:22:54.153547,331.2,4372242.0,1221022.0
2025-06-18 14:22:54.970864,331.1,4372242.0,1221022.0
2025-06-18 14:22:55.259985,331.1,4309439.0,1221604.0
2025-06-18 14:22:55.974073,331.2,4309439.0,1221604.0
2025-06-18 14:22:56.356678,331.1,4308103.0,1222581.0
2025-06-18 14:22:56.970671,331.1,4308103.0,1222581.0
2025-06-18 14:22:57.262573,331.25,4309115.0,1222780.0
2025-06-18 14:22:57.972222,331.25,4309115.0,1222780.0
2025-06-18 14:22:58.358179,331.25,4309054.0,1222486.0
2025-06-18 14:22:58.971169,331.2,4309054.0,1222486.0
2025-06-18 14:22:59.461512,331.15,4308896.0,1220595.0
2025-06-18 14:22:59.973118,331.2,4308896.0,1220595.0
2025-06-18 14:23:00.462570,331.2,4308899.0,1221661.0
2025-06-18 14:23:01.965682,331.2,4311330.0,1215590.0
2025-06-18 14:23:01.972783,331.2,4311330.0,1215590.0
2025-06-18 14:23:02.971379,331.25,4311330.0,1215590.0
2025-06-18 14:23:03.064374,331.25,4312948.0,1216299.0
2025-06-18 14:23:03.969780,331.25,4312948.0,1216299.0
2025-06-18 14:23:04.161105,331.25,4309517.0,1215761.0
2025-06-18 14:23:04.986332,331.25,4309517.0,1215761.0
2025-06-18 14:23:05.185597,331.25,4309168.0,1214850.0
2025-06-18 14:23:05.975449,331.25,4309168.0,1214850.0
2025-06-18 14:23:06.165569,331.25,4310304.0,1214224.0
2025-06-18 14:23:06.997041,331.2,4310304.0,1214224.0
2025-06-18 14:23:07.167437,331.25,4313038.0,1211345.0
2025-06-18 14:23:07.970151,331.4,4313038.0,1211345.0
2025-06-18 14:23:08.165882,331.4,4311950.0,1214070.0
2025-06-18 14:23:08.973784,331.35,4311950.0,1214070.0
2025-06-18 14:23:09.166111,331.35,4312169.0,1215252.0
2025-06-18 14:23:09.977995,331.35,4312169.0,1215252.0
2025-06-18 14:23:10.170595,331.35,4309861.0,1215174.0
2025-06-18 14:23:10.973513,331.35,4309861.0,1215174.0
2025-06-18 14:23:11.775036,331.25,4306238.0,1214406.0
2025-06-18 14:23:11.975993,331.3,4306238.0,1214406.0
2025-06-18 14:23:12.667376,331.3,4286728.0,1213938.0
2025-06-18 14:23:13.769093,331.3,4296508.0,1213562.0
2025-06-18 14:23:13.976264,331.25,4296508.0,1213562.0
2025-06-18 14:23:14.768692,331.25,4296632.0,1213520.0
2025-06-18 14:23:14.974787,331.25,4296632.0,1213520.0
2025-06-18 14:23:15.668512,331.25,4330350.0,1215238.0
2025-06-18 14:23:15.980017,331.25,4330350.0,1215238.0
2025-06-18 14:23:16.668934,331.35,4334179.0,1214600.0
2025-06-18 14:23:16.972319,331.25,4334179.0,1214600.0
2025-06-18 14:23:17.670195,331.35,4331924.0,1215059.0
2025-06-18 14:23:17.974528,331.35,4331924.0,1215059.0
2025-06-18 14:23:18.570199,331.35,4334897.0,1214440.0
2025-06-18 14:23:18.970841,331.25,4334897.0,1214440.0
2025-06-18 14:23:19.672569,331.25,4335519.0,1212298.0
2025-06-18 14:23:19.972215,331.3,4335519.0,1212298.0
2025-06-18 14:23:20.670439,331.3,4334071.0,1212384.0
2025-06-18 14:23:21.775889,331.3,4335438.0,1212317.0
2025-06-18 14:23:21.969686,331.25,4335438.0,1212317.0
2025-06-18 14:23:22.773830,331.25,4335415.0,1210835.0
2025-06-18 14:23:23.875950,331.3,4336984.0,1211712.0
2025-06-18 14:23:23.973685,331.3,4336984.0,1211712.0
2025-06-18 14:23:24.875803,331.25,4335469.0,1210926.0
2025-06-18 14:23:24.973875,331.25,4335469.0,1210926.0
2025-06-18 14:23:25.979095,331.3,4335469.0,1210926.0
2025-06-18 14:23:26.014241,331.3,4335550.0,1211882.0
2025-06-18 14:23:26.975953,331.25,4335550.0,1211882.0
2025-06-18 14:23:26.983406,331.25,4335189.0,1213590.0
2025-06-18 14:23:27.883922,331.25,4337523.0,1212899.0
2025-06-18 14:23:27.971424,331.25,4337523.0,1212899.0
2025-06-18 14:23:28.878283,331.25,4336309.0,1212858.0
2025-06-18 14:23:28.974660,331.25,4336309.0,1212858.0
2025-06-18 14:23:29.825595,331.2,4336234.0,1213482.0
2025-06-18 14:23:30.009664,331.2,4336234.0,1213482.0
2025-06-18 14:23:30.803730,331.35,4339415.0,1211618.0
2025-06-18 14:23:30.992161,331.35,4339415.0,1211618.0
2025-06-18 14:23:31.901388,331.45,4338407.0,1211094.0
2025-06-18 14:23:32.003987,331.35,4338407.0,1211094.0
2025-06-18 14:23:32.808811,331.45,4338269.0,1210865.0
2025-06-18 14:23:32.990909,331.45,4338269.0,1210865.0
2025-06-18 14:23:33.782153,331.45,4384995.0,1207379.0
2025-06-18 14:23:33.975725,331.45,4384995.0,1207379.0
2025-06-18 14:23:34.784818,331.45,4384024.0,1206902.0
2025-06-18 14:23:35.784704,331.4,4384847.0,1205483.0
2025-06-18 14:23:35.971902,331.4,4384847.0,1205483.0
2025-06-18 14:23:36.684572,331.4,4384496.0,1205587.0
2025-06-18 14:23:36.988161,331.35,4384496.0,1205587.0
2025-06-18 14:23:37.684927,331.35,4386468.0,1205304.0
2025-06-18 14:23:38.585847,331.35,4385941.0,1205489.0
2025-06-18 14:23:38.968498,331.4,4385941.0,1205489.0
2025-06-18 14:23:39.586904,331.35,4385847.0,1205137.0
2025-06-18 14:23:39.977423,331.4,4385847.0,1205137.0
2025-06-18 14:23:40.688620,331.4,4377148.0,1207658.0
2025-06-18 14:23:41.687426,331.3,4382583.0,1209231.0
2025-06-18 14:23:41.973105,331.25,4382583.0,1209231.0
2025-06-18 14:23:42.690771,331.3,4382839.0,1211158.0
2025-06-18 14:23:42.970968,331.3,4382839.0,1211158.0
2025-06-18 14:23:43.690020,331.3,4384421.0,1209383.0
2025-06-18 14:23:43.976330,331.35,4384421.0,1209383.0
2025-06-18 14:23:44.692326,331.25,4384306.0,1212643.0
2025-06-18 14:23:44.970151,331.35,4384306.0,1212643.0
2025-06-18 14:23:45.691087,331.25,4384294.0,1212746.0
2025-06-18 14:23:45.973564,331.35,4384294.0,1212746.0
2025-06-18 14:23:46.593391,331.35,4383094.0,1212518.0
2025-06-18 14:23:46.968088,331.25,4383094.0,1212518.0
2025-06-18 14:23:47.692936,331.35,4383730.0,1211929.0
2025-06-18 14:23:47.971646,331.35,4383730.0,1211929.0
2025-06-18 14:23:48.692902,331.35,4382740.0,1211506.0
2025-06-18 14:23:48.973322,331.35,4382740.0,1211506.0
2025-06-18 14:23:49.595645,331.35,4299717.0,1211506.0
2025-06-18 14:23:49.976561,331.35,4299717.0,1211506.0
2025-06-18 14:23:50.597591,331.35,4300534.0,1212081.0
2025-06-18 14:23:50.982399,331.35,4300534.0,1212081.0
2025-06-18 14:23:51.598842,331.35,4245454.0,1212213.0
2025-06-18 14:23:51.974592,331.25,4245454.0,1212213.0
2025-06-18 14:23:52.599843,331.35,4245070.0,1212089.0
2025-06-18 14:23:52.972553,331.35,4245070.0,1212089.0
2025-06-18 14:23:53.698761,331.35,4244962.0,1212600.0
2025-06-18 14:23:54.603330,331.25,4244829.0,1212973.0
2025-06-18 14:23:55.019358,331.25,4244829.0,1212973.0
2025-06-18 14:23:55.618115,331.25,4244678.0,1214252.0
2025-06-18 14:23:55.994389,331.25,4244678.0,1214252.0
2025-06-18 14:23:56.721894,331.35,4244937.0,1215250.0
2025-06-18 14:23:56.989747,331.25,4244937.0,1215250.0
2025-06-18 14:23:57.621693,331.35,4244987.0,1215148.0
2025-06-18 14:23:57.991012,331.35,4244987.0,1215148.0
2025-06-18 14:23:58.518684,331.35,4245691.0,1217539.0
2025-06-18 14:23:59.521023,331.3,4245982.0,1216932.0
2025-06-18 14:23:59.985634,331.3,4245982.0,1216932.0
2025-06-18 14:24:00.504456,331.3,4267090.0,1215338.0
2025-06-18 14:24:01.968997,331.25,4267090.0,1215338.0
2025-06-18 14:24:02.206420,331.25,4251832.0,1215473.0
2025-06-18 14:24:02.969700,331.3,4251832.0,1215473.0
2025-06-18 14:24:03.106144,331.3,4251983.0,1215446.0
2025-06-18 14:24:03.969449,331.25,4251983.0,1215446.0
2025-06-18 14:24:04.107384,331.25,4252042.0,1215577.0
2025-06-18 14:24:05.107719,331.25,4252337.0,1215597.0
2025-06-18 14:24:05.973403,331.25,4252337.0,1215597.0
2025-06-18 14:24:06.205737,331.25,4251548.0,1215642.0
2025-06-18 14:24:06.978355,331.25,4251548.0,1215642.0
2025-06-18 14:24:07.206168,331.25,4252283.0,1216709.0
2025-06-18 14:24:08.205165,331.25,4252238.0,1216763.0
2025-06-18 14:24:08.974027,331.25,4252238.0,1216763.0
2025-06-18 14:24:09.206222,331.25,4250573.0,1217369.0
2025-06-18 14:24:09.971143,331.25,4250573.0,1217369.0
2025-06-18 14:24:10.206346,331.25,4251583.0,1217366.0
2025-06-18 14:24:10.973808,331.3,4251583.0,1217366.0
2025-06-18 14:24:11.207204,331.25,4275521.0,1214222.0
2025-06-18 14:24:11.972120,331.25,4275521.0,1214222.0
2025-06-18 14:24:12.208089,331.25,4273851.0,1214323.0
2025-06-18 14:24:13.210043,331.25,4275263.0,1214323.0
2025-06-18 14:24:14.110621,331.25,4275859.0,1214323.0
2025-06-18 14:24:14.971521,331.25,4275859.0,1214323.0
2025-06-18 14:24:15.111568,331.25,4276400.0,1214303.0
2025-06-18 14:24:15.988397,331.25,4276400.0,1214303.0
2025-06-18 14:24:16.111332,331.25,4276800.0,1214423.0
2025-06-18 14:24:16.977643,331.25,4276800.0,1214423.0
2025-06-18 14:24:17.213289,331.2,4291164.0,1223524.0
2025-06-18 14:24:17.970167,331.25,4291164.0,1223524.0
2025-06-18 14:24:18.814122,331.2,4292237.0,1223571.0
2025-06-18 14:24:18.976784,331.2,4292237.0,1223571.0
2025-06-18 14:24:19.852681,331.25,4291125.0,1225030.0
2025-06-18 14:24:20.020638,331.25,4291125.0,1225030.0
2025-06-18 14:24:20.848862,331.25,4292493.0,1221987.0
2025-06-18 14:24:21.930196,331.2,4292425.0,1221975.0
2025-06-18 14:24:21.981202,331.2,4292425.0,1221975.0
2025-06-18 14:24:22.834301,331.2,4292812.0,1221505.0
2025-06-18 14:24:23.929599,331.2,4292387.0,1221505.0
2025-06-18 14:24:24.832348,331.2,4292312.0,1221525.0
2025-06-18 14:24:25.026771,331.2,4292312.0,1221525.0
2025-06-18 14:24:25.719697,331.2,4292427.0,1221527.0
2025-06-18 14:24:25.975313,331.2,4292427.0,1221527.0
2025-06-18 14:24:26.821961,331.25,4291741.0,1221341.0
2025-06-18 14:24:26.973540,331.25,4291741.0,1221341.0
2025-06-18 14:24:27.921724,331.25,4292412.0,1221298.0
2025-06-18 14:24:27.972662,331.25,4292412.0,1221298.0
2025-06-18 14:24:29.023953,331.25,4292815.0,1221129.0
2025-06-18 14:24:29.924639,331.2,4294508.0,1220770.0
2025-06-18 14:24:29.989205,331.2,4294508.0,1220770.0
2025-06-18 14:24:31.025681,331.2,4294448.0,1220661.0
2025-06-18 14:24:31.971305,331.2,4294448.0,1220661.0
2025-06-18 14:24:32.129167,331.2,4294570.0,1220309.0
2025-06-18 14:24:33.003005,331.25,4294570.0,1220309.0
2025-06-18 14:24:33.239422,331.25,4294944.0,1220570.0
2025-06-18 14:24:33.973073,331.25,4294944.0,1220570.0
2025-06-18 14:24:34.231109,331.25,4294561.0,1220538.0
2025-06-18 14:24:34.970927,331.2,4294561.0,1220538.0
2025-06-18 14:24:35.329550,331.2,4293029.0,1220538.0
2025-06-18 14:24:35.979239,331.2,4293029.0,1220538.0
2025-06-18 14:24:36.431818,331.2,4295587.0,1221563.0
2025-06-18 14:24:36.992883,331.2,4295587.0,1221563.0
2025-06-18 14:24:37.529277,331.25,4295566.0,1221516.0
2025-06-18 14:24:37.975583,331.25,4295566.0,1221516.0
2025-06-18 14:24:38.631630,331.2,4295317.0,1221044.0
2025-06-18 14:24:38.975244,331.2,4295317.0,1221044.0
2025-06-18 14:24:39.630222,331.2,4291386.0,1221062.0
2025-06-18 14:24:39.974831,331.25,4291386.0,1221062.0
2025-06-18 14:24:40.631765,331.25,4330505.0,1221290.0
2025-06-18 14:24:40.971792,331.25,4330505.0,1221290.0
2025-06-18 14:24:41.970781,331.2,4330505.0,1221290.0
2025-06-18 14:24:42.236460,331.2,4331869.0,1221285.0
2025-06-18 14:24:42.981246,331.2,4331869.0,1221285.0
2025-06-18 14:24:43.135224,331.2,4331786.0,1221731.0
2025-06-18 14:24:44.282782,331.2,4331739.0,1221731.0
2025-06-18 14:24:45.013149,331.2,4331739.0,1221731.0
2025-06-18 14:24:45.182744,331.2,4331894.0,1219403.0
2025-06-18 14:24:45.985519,331.25,4331894.0,1219403.0
2025-06-18 14:24:46.252696,331.25,4332010.0,1218010.0
2025-06-18 14:24:46.990781,331.2,4332010.0,1218010.0
2025-06-18 14:24:47.290427,331.2,4332910.0,1219712.0
2025-06-18 14:24:47.989256,331.25,4332910.0,1219712.0
2025-06-18 14:24:48.257236,331.25,4332694.0,1219708.0
2025-06-18 14:24:49.155183,331.25,4332742.0,1219708.0
2025-06-18 14:24:50.011813,331.25,4332742.0,1219708.0
2025-06-18 14:24:50.157136,331.25,4331926.0,1220298.0
2025-06-18 14:24:50.975879,331.25,4331926.0,1220298.0
2025-06-18 14:24:51.244380,331.25,4381690.0,1221164.0
2025-06-18 14:24:51.978010,331.2,4381690.0,1221164.0
2025-06-18 14:24:52.243727,331.2,4382100.0,1219716.0
2025-06-18 14:24:52.972794,331.2,4382100.0,1219716.0
2025-06-18 14:24:53.346814,331.2,4382339.0,1218821.0
2025-06-18 14:24:53.986152,331.25,4382339.0,1218821.0
2025-06-18 14:24:54.367099,331.25,4382247.0,1219723.0
2025-06-18 14:24:54.986355,331.2,4382247.0,1219723.0
2025-06-18 14:24:55.340808,331.2,4382297.0,1218828.0
2025-06-18 14:24:55.976141,331.2,4382297.0,1218828.0
2025-06-18 14:24:56.254306,331.2,4383233.0,1219744.0
2025-06-18 14:24:56.974565,331.2,4383233.0,1219744.0
2025-06-18 14:24:57.441078,331.25,4383287.0,1221183.0
2025-06-18 14:24:57.975195,331.25,4383287.0,1221183.0
2025-06-18 14:24:58.445277,331.2,4383595.0,1218364.0
2025-06-18 14:24:58.975093,331.25,4383595.0,1218364.0
2025-06-18 14:24:59.353366,331.2,4382682.0,1218315.0
2025-06-18 14:24:59.993771,331.25,4382682.0,1218315.0
2025-06-18 14:25:00.351628,331.25,4383663.0,1218058.0
2025-06-18 14:25:00.975876,331.2,4383663.0,1218058.0
2025-06-18 14:25:01.793053,331.2,4383872.0,1216383.0
2025-06-18 14:25:03.983443,331.25,4383872.0,1216383.0
2025-06-18 14:25:06.983422,331.25,4383872.0,1216383.0
2025-06-18 14:25:07.655777,331.25,4385588.0,1217233.0
2025-06-18 14:25:09.007456,331.2,4385588.0,1217233.0
2025-06-18 14:25:10.019961,331.2,4385588.0,1217233.0
2025-06-18 14:25:12.997782,331.3,4385588.0,1217233.0
2025-06-18 14:25:13.071520,331.3,4389227.0,1213915.0
2025-06-18 14:25:15.028878,331.45,4389227.0,1213915.0
2025-06-18 14:25:16.983043,331.25,4389227.0,1213915.0
2025-06-18 14:25:18.162370,331.45,4393646.0,1208233.0
2025-06-18 14:25:18.371056,331.45,4393646.0,1208233.0
2025-06-18 14:25:18.981952,331.4,4393646.0,1208233.0
2025-06-18 14:25:19.524107,331.4,4393646.0,1208233.0
2025-06-18 14:25:19.984928,331.45,4393646.0,1208233.0
2025-06-18 14:25:20.529042,331.45,4393646.0,1208233.0
2025-06-18 14:25:21.569798,331.45,4393646.0,1208233.0
2025-06-18 14:25:22.541601,331.45,4393646.0,1208233.0
2025-06-18 14:25:22.986116,331.5,4393646.0,1208233.0
2025-06-18 14:25:23.365831,331.5,4374185.0,1205646.0
2025-06-18 14:25:23.458435,331.5,4374185.0,1205646.0
2025-06-18 14:25:23.976901,331.45,4374185.0,1205646.0
2025-06-18 14:25:24.660832,331.45,4374185.0,1205646.0
2025-06-18 14:25:25.269361,331.45,4374185.0,1205646.0
2025-06-18 14:25:25.993097,331.5,4374185.0,1205646.0
2025-06-18 14:25:26.185741,331.5,4374185.0,1205646.0
2025-06-18 14:25:27.479247,331.5,4374185.0,1205646.0
2025-06-18 14:25:28.011946,331.5,4374185.0,1205646.0
2025-06-18 14:25:28.772257,331.35,4420963.0,1204731.0
2025-06-18 14:25:28.952248,331.35,4420963.0,1204731.0
2025-06-18 14:25:29.859024,331.35,4420963.0,1204731.0
2025-06-18 14:25:29.993582,331.5,4420963.0,1204731.0
2025-06-18 14:25:31.282327,331.5,4420963.0,1204731.0
2025-06-18 14:25:32.449968,331.5,4420963.0,1204731.0
2025-06-18 14:25:32.991762,331.5,4420963.0,1204731.0
2025-06-18 14:25:33.616715,331.5,4420963.0,1204731.0
2025-06-18 14:25:33.971794,331.55,4422778.0,1202644.0
2025-06-18 14:25:33.990897,331.55,4422778.0,1202644.0
2025-06-18 14:25:35.166206,331.55,4422778.0,1202644.0
2025-06-18 14:25:37.005864,331.5,4422778.0,1202644.0
2025-06-18 14:25:39.497285,331.4,4420251.0,1202882.0
2025-06-18 14:25:39.990225,331.4,4420251.0,1202882.0
2025-06-18 14:25:42.984336,331.4,4420251.0,1202882.0
2025-06-18 14:25:45.075655,331.4,4440947.0,1206476.0
2025-06-18 14:25:46.013421,331.45,4440947.0,1206476.0
2025-06-18 14:25:48.995370,331.4,4440947.0,1206476.0
2025-06-18 14:25:49.985972,331.45,4440175.0,1205209.0
2025-06-18 14:25:51.996998,331.4,4440175.0,1205209.0
2025-06-18 14:25:54.989202,331.45,4440175.0,1205209.0
2025-06-18 14:25:55.081521,331.45,4439825.0,1206192.0
2025-06-18 14:25:57.987862,331.45,4439825.0,1206192.0
2025-06-18 14:26:00.208941,331.3,4491137.0,1205130.0
2025-06-18 14:26:00.995339,331.3,4491137.0,1205130.0
2025-06-18 14:26:01.782797,331.3,4491087.0,1205708.0
2025-06-18 14:26:02.249075,331.3,4491087.0,1205708.0
2025-06-18 14:26:02.604155,331.4,4491015.0,1205725.0
2025-06-18 14:26:03.004264,331.4,4491015.0,1205725.0
2025-06-18 14:26:03.602223,331.4,4490663.0,1207737.0
2025-06-18 14:26:04.005033,331.4,4490663.0,1207737.0
2025-06-18 14:26:04.704325,331.4,4490608.0,1207347.0
2025-06-18 14:26:05.022453,331.35,4490608.0,1207347.0
2025-06-18 14:26:05.788849,331.35,4490179.0,1205632.0
2025-06-18 14:26:05.988430,331.35,4490179.0,1205632.0
2025-06-18 14:26:06.895774,331.3,4491121.0,1206042.0
2025-06-18 14:26:06.987534,331.3,4491121.0,1206042.0
2025-06-18 14:26:07.894178,331.3,4490736.0,1206974.0
2025-06-18 14:26:07.988563,331.3,4490736.0,1206974.0
2025-06-18 14:26:08.988550,331.3,4490736.0,1206974.0
2025-06-18 14:26:08.993075,331.3,4490516.0,1206447.0
2025-06-18 14:26:09.991612,331.3,4490516.0,1206447.0
2025-06-18 14:26:09.995469,331.3,4489941.0,1205458.0
2025-06-18 14:26:10.894319,331.3,4490915.0,1208549.0
2025-06-18 14:26:10.988330,331.3,4490915.0,1208549.0
2025-06-18 14:26:11.990124,331.3,4490915.0,1208549.0
2025-06-18 14:26:11.998098,331.3,4489744.0,1209274.0
2025-06-18 14:26:12.990968,331.3,4489744.0,1209274.0
2025-06-18 14:26:13.096397,331.3,4488968.0,1210134.0
2025-06-18 14:26:13.988078,331.25,4488968.0,1210134.0
2025-06-18 14:26:14.096368,331.25,4491087.0,1209868.0
2025-06-18 14:26:14.989564,331.25,4491087.0,1209868.0
2025-06-18 14:26:15.197843,331.25,4490628.0,1210432.0
2025-06-18 14:26:15.989706,331.25,4490628.0,1210432.0
2025-06-18 14:26:16.296458,331.25,4440409.0,1211261.0
2025-06-18 14:26:16.989476,331.25,4440409.0,1211261.0
2025-06-18 14:26:17.397405,331.4,4442239.0,1211804.0
2025-06-18 14:26:17.987225,331.4,4442239.0,1211804.0
2025-06-18 14:26:18.497229,331.4,4439952.0,1211488.0
2025-06-18 14:26:19.599892,331.4,4440078.0,1211141.0
2025-06-18 14:26:19.992068,331.35,4440078.0,1211141.0
2025-06-18 14:26:20.596204,331.25,4439307.0,1210612.0
2025-06-18 14:26:20.988362,331.25,4439307.0,1210612.0
2025-06-18 14:26:21.598739,331.25,4439677.0,1208942.0
2025-06-18 14:26:21.989671,331.25,4439677.0,1208942.0
2025-06-18 14:26:22.598869,331.25,4438631.0,1208963.0
2025-06-18 14:26:22.989828,331.25,4438631.0,1208963.0
2025-06-18 14:26:23.598613,331.25,4438694.0,1208918.0
2025-06-18 14:26:23.987037,331.25,4438694.0,1208918.0
2025-06-18 14:26:24.743961,331.25,4439016.0,1207949.0
2025-06-18 14:26:25.041523,331.25,4439016.0,1207949.0
2025-06-18 14:26:25.822175,331.25,4440246.0,1206910.0
2025-06-18 14:26:26.011577,331.25,4440246.0,1206910.0
2025-06-18 14:26:26.918010,331.25,4439132.0,1207099.0
2025-06-18 14:26:27.037451,331.25,4439132.0,1207099.0
2025-06-18 14:26:28.002414,331.25,4439132.0,1207099.0
2025-06-18 14:26:28.020784,331.25,4439311.0,1207621.0
2025-06-18 14:26:28.989547,331.25,4439311.0,1207621.0
2025-06-18 14:26:29.003444,331.25,4451985.0,1208460.0
2025-06-18 14:26:29.991164,331.25,4451985.0,1208460.0
2025-06-18 14:26:30.106477,331.25,4452393.0,1207078.0
2025-06-18 14:26:30.984914,331.25,4452393.0,1207078.0
2025-06-18 14:26:31.207019,331.25,4461630.0,1208580.0
2025-06-18 14:26:31.990383,331.25,4461630.0,1208580.0
2025-06-18 14:26:32.412294,331.35,4461682.0,1212691.0
2025-06-18 14:26:32.990887,331.35,4461682.0,1212691.0
2025-06-18 14:26:33.310975,331.25,4460367.0,1213737.0
2025-06-18 14:26:33.987842,331.35,4460367.0,1213737.0
2025-06-18 14:26:34.311641,331.35,4478645.0,1213778.0
2025-06-18 14:26:35.412401,331.35,4479060.0,1212838.0
2025-06-18 14:26:35.992557,331.25,4479060.0,1212838.0
2025-06-18 14:26:36.507785,331.25,4466579.0,1213611.0
2025-06-18 14:26:36.986051,331.25,4466579.0,1213611.0
2025-06-18 14:26:37.612981,331.25,4466237.0,1213863.0
2025-06-18 14:26:38.719773,331.25,4467479.0,1211689.0
2025-06-18 14:26:39.815767,331.25,4465798.0,1212573.0
2025-06-18 14:26:39.993531,331.25,4465798.0,1212573.0
2025-06-18 14:26:40.915255,331.25,4465471.0,1211103.0
2025-06-18 14:26:41.983730,331.25,4465471.0,1211103.0
2025-06-18 14:26:42.014525,331.25,4465643.0,1211692.0
2025-06-18 14:26:43.115187,331.25,4465990.0,1210922.0
2025-06-18 14:26:43.984693,331.25,4465990.0,1210922.0
2025-06-18 14:26:44.215634,331.25,4467611.0,1210540.0
2025-06-18 14:26:44.987762,331.2,4467611.0,1210540.0
2025-06-18 14:26:45.413915,331.2,4466354.0,1211023.0
2025-06-18 14:26:45.994485,331.2,4466354.0,1211023.0
2025-06-18 14:26:46.416167,331.2,4466585.0,1209838.0
2025-06-18 14:26:46.985831,331.3,4466585.0,1209838.0
2025-06-18 14:26:47.517144,331.4,4470496.0,1212496.0
2025-06-18 14:26:47.991165,331.4,4470496.0,1212496.0
2025-06-18 14:26:48.615433,331.4,4471916.0,1212488.0
2025-06-18 14:26:49.654805,331.4,4472155.0,1212888.0
2025-06-18 14:26:50.009662,331.35,4472155.0,1212888.0
2025-06-18 14:26:50.741674,331.35,4469610.0,1213721.0
2025-06-18 14:26:51.009461,331.2,4469610.0,1213721.0
2025-06-18 14:26:51.839626,331.2,4469291.0,1210923.0
2025-06-18 14:26:52.009238,331.3,4469291.0,1210923.0
2025-06-18 14:26:52.930652,331.2,4470631.0,1213127.0
2025-06-18 14:26:52.991364,331.2,4470631.0,1213127.0
2025-06-18 14:26:53.991234,331.2,4470631.0,1213127.0
2025-06-18 14:26:54.021229,331.2,4470315.0,1214047.0
2025-06-18 14:26:54.995267,331.2,4470315.0,1214047.0
2025-06-18 14:26:55.120242,331.3,4467008.0,1212743.0
2025-06-18 14:26:56.022949,331.2,4467008.0,1212743.0
2025-06-18 14:26:56.222373,331.2,4468417.0,1213660.0
2025-06-18 14:26:57.000025,331.2,4468417.0,1213660.0
2025-06-18 14:26:57.322694,331.3,4302640.0,1212575.0
2025-06-18 14:26:57.995585,331.2,4302640.0,1212575.0
2025-06-18 14:26:58.332148,331.2,4302674.0,1213703.0
2025-06-18 14:26:58.984197,331.2,4302674.0,1213703.0
2025-06-18 14:26:59.223505,331.2,4302017.0,1214193.0
2025-06-18 14:27:00.012495,331.2,4302017.0,1214193.0
2025-06-18 14:27:00.230186,331.2,4300470.0,1215276.0
2025-06-18 14:27:01.726324,331.2,4302639.0,1215915.0
2025-06-18 14:27:01.988053,331.2,4302639.0,1215915.0
2025-06-18 14:27:02.825004,331.25,4282290.0,1215199.0
2025-06-18 14:27:02.989587,331.25,4282290.0,1215199.0
2025-06-18 14:27:03.827175,331.2,4282375.0,1215995.0
2025-06-18 14:27:03.982102,331.2,4282375.0,1215995.0
2025-06-18 14:27:04.827021,331.25,4282376.0,1215871.0
2025-06-18 14:27:04.990415,331.25,4282376.0,1215871.0
2025-06-18 14:27:05.929270,331.2,4280666.0,1214770.0
2025-06-18 14:27:06.015811,331.2,4280666.0,1214770.0
2025-06-18 14:27:07.001261,331.2,4280666.0,1214770.0
2025-06-18 14:27:07.027724,331.2,4282143.0,1215154.0
2025-06-18 14:27:08.133985,331.2,4282071.0,1215172.0
2025-06-18 14:27:08.987028,331.2,4282071.0,1215172.0
2025-06-18 14:27:09.229876,331.2,4331889.0,1215242.0
2025-06-18 14:27:09.990736,331.2,4331889.0,1215242.0
2025-06-18 14:27:10.142208,331.2,4331542.0,1215170.0
2025-06-18 14:27:11.228954,331.2,4332585.0,1214339.0
2025-06-18 14:27:11.991237,331.2,4332585.0,1214339.0
2025-06-18 14:27:12.330855,331.2,4332367.0,1214328.0
2025-06-18 14:27:13.330504,331.25,4332024.0,1214205.0
2025-06-18 14:27:13.988622,331.25,4332024.0,1214205.0
2025-06-18 14:27:14.432328,331.2,4333386.0,1213990.0
2025-06-18 14:27:15.060184,331.2,4333386.0,1213990.0
2025-06-18 14:27:15.587789,331.2,4333563.0,1214234.0
2025-06-18 14:27:16.010463,331.2,4333563.0,1214234.0
2025-06-18 14:27:16.649123,331.2,4332251.0,1214235.0
2025-06-18 14:27:17.000109,331.2,4332251.0,1214235.0
2025-06-18 14:27:17.753777,331.25,4345130.0,1213072.0
2025-06-18 14:27:17.996560,331.25,4345130.0,1213072.0
2025-06-18 14:27:18.752507,331.2,4344317.0,1213716.0
2025-06-18 14:27:19.053031,331.2,4344317.0,1213716.0
2025-06-18 14:27:19.636375,331.2,4334153.0,1213845.0
2025-06-18 14:27:19.987649,331.25,4334153.0,1213845.0
2025-06-18 14:27:20.732617,331.25,4338898.0,1213908.0
2025-06-18 14:27:21.732123,331.25,4339003.0,1213720.0
2025-06-18 14:27:21.986572,331.2,4339003.0,1213720.0
2025-06-18 14:27:22.739823,331.2,4339092.0,1213691.0
2025-06-18 14:27:23.735361,331.3,4334417.0,1213516.0
2025-06-18 14:27:23.982974,331.3,4334417.0,1213516.0
2025-06-18 14:27:24.735056,331.2,4334399.0,1211516.0
2025-06-18 14:27:24.987537,331.2,4334399.0,1211516.0
2025-06-18 14:27:25.734839,331.2,4334851.0,1212008.0
2025-06-18 14:27:25.997755,331.2,4334851.0,1212008.0
2025-06-18 14:27:26.731570,331.2,4334319.0,1211929.0
2025-06-18 14:27:26.990943,331.2,4334319.0,1211929.0
2025-06-18 14:27:27.733463,331.2,4334198.0,1212041.0
2025-06-18 14:27:27.986927,331.2,4334198.0,1212041.0
2025-06-18 14:27:28.834101,331.3,4335132.0,1211913.0
2025-06-18 14:27:28.987819,331.3,4335132.0,1211913.0
2025-06-18 14:27:29.748615,331.2,4334615.0,1212050.0
2025-06-18 14:27:29.993716,331.2,4334615.0,1212050.0
2025-06-18 14:27:30.837353,331.2,4333160.0,1215374.0
2025-06-18 14:27:31.935816,331.2,4321239.0,1223544.0
2025-06-18 14:27:31.994308,331.2,4321239.0,1223544.0
2025-06-18 14:27:32.989571,331.2,4321239.0,1223544.0
2025-06-18 14:27:33.037168,331.2,4323854.0,1220859.0
2025-06-18 14:27:33.984421,331.1,4323854.0,1220859.0
2025-06-18 14:27:34.143618,331.1,4328472.0,1220439.0
2025-06-18 14:27:35.239282,331.1,4326412.0,1219620.0
2025-06-18 14:27:35.990117,331.1,4326412.0,1219620.0
2025-06-18 14:27:36.237980,331.1,4327047.0,1218472.0
2025-06-18 14:27:36.990619,331.1,4327047.0,1218472.0
2025-06-18 14:27:37.237413,331.1,4327716.0,1218465.0
2025-06-18 14:27:37.997574,331.2,4327716.0,1218465.0
2025-06-18 14:27:38.337629,331.2,4329580.0,1217639.0
2025-06-18 14:27:38.990938,331.15,4329580.0,1217639.0
2025-06-18 14:27:39.438139,331.1,4330559.0,1218551.0
2025-06-18 14:27:40.037784,331.1,4330559.0,1218551.0
2025-06-18 14:27:40.479874,331.1,4330556.0,1218551.0
2025-06-18 14:27:41.008370,331.15,4330556.0,1218551.0
2025-06-18 14:27:41.546734,331.15,4330685.0,1218563.0
2025-06-18 14:27:42.027581,331.1,4330685.0,1218563.0
2025-06-18 14:27:42.541880,331.1,4330685.0,1219463.0
2025-06-18 14:27:43.020140,331.1,4330685.0,1219463.0
2025-06-18 14:27:43.661666,331.15,4329968.0,1219771.0
2025-06-18 14:27:44.009362,331.15,4329968.0,1219771.0
2025-06-18 14:27:44.759497,331.1,4331457.0,1220050.0
2025-06-18 14:27:45.007455,331.1,4331457.0,1220050.0
2025-06-18 14:27:45.841047,331.1,4330985.0,1220258.0
2025-06-18 14:27:45.996617,331.1,4330985.0,1220258.0
2025-06-18 14:27:46.940059,331.1,4330919.0,1220190.0
2025-06-18 14:27:46.990262,331.1,4330919.0,1220190.0
2025-06-18 14:27:47.941675,331.15,4329997.0,1220206.0
2025-06-18 14:27:47.986833,331.15,4329997.0,1220206.0
2025-06-18 14:27:48.943115,331.15,4331961.0,1220451.0
2025-06-18 14:27:48.989419,331.15,4331961.0,1220451.0
2025-06-18 14:27:49.943657,331.25,4332213.0,1219065.0
2025-06-18 14:27:49.989769,331.25,4332213.0,1219065.0
2025-06-18 14:27:50.948401,331.25,4332665.0,1219727.0
2025-06-18 14:27:50.993668,331.25,4332665.0,1219727.0
2025-06-18 14:27:51.946634,331.15,4332433.0,1219880.0
2025-06-18 14:27:51.989216,331.15,4332433.0,1219880.0
2025-06-18 14:27:52.945697,331.15,4332263.0,1219880.0
2025-06-18 14:27:52.990107,331.15,4332263.0,1219880.0
2025-06-18 14:27:53.946081,331.15,4331765.0,1219701.0
2025-06-18 14:27:53.985164,331.15,4331765.0,1219701.0
2025-06-18 14:27:54.947231,331.1,4323523.0,1224411.0
2025-06-18 14:27:54.994692,331.1,4323523.0,1224411.0
2025-06-18 14:27:55.950503,331.1,4323425.0,1224186.0
2025-06-18 14:27:55.996877,331.1,4323425.0,1224186.0
2025-06-18 14:27:56.947410,331.05,4324054.0,1226018.0
2025-06-18 14:27:56.994714,331.15,4324054.0,1226018.0
2025-06-18 14:27:57.949029,331.05,4324946.0,1223611.0
2025-06-18 14:27:57.988948,331.05,4324946.0,1223611.0
2025-06-18 14:27:58.948824,331.05,4325020.0,1224227.0
2025-06-18 14:27:59.000467,331.05,4325020.0,1224227.0
2025-06-18 14:27:59.949216,331.05,4325757.0,1224152.0
2025-06-18 14:27:59.999582,331.05,4325757.0,1224152.0
2025-06-18 14:28:00.986833,331.15,4325757.0,1224152.0
2025-06-18 14:28:01.765545,331.05,4327416.0,1223951.0
2025-06-18 14:28:01.991098,331.05,4327416.0,1223951.0
2025-06-18 14:28:02.851997,331.15,4327372.0,1224797.0
2025-06-18 14:28:02.994200,331.15,4327372.0,1224797.0
2025-06-18 14:28:04.351763,331.15,4325788.0,1223526.0
2025-06-18 14:28:05.049191,331.05,4325788.0,1223526.0
2025-06-18 14:28:05.462335,331.05,4325800.0,1223437.0
2025-06-18 14:28:06.001979,331.15,4325800.0,1223437.0
2025-06-18 14:28:06.470240,331.15,4326908.0,1223173.0
2025-06-18 14:28:07.025775,331.1,4326908.0,1223173.0
2025-06-18 14:28:07.461413,331.1,4326505.0,1222956.0
2025-06-18 14:28:08.007095,331.15,4326505.0,1222956.0
2025-06-18 14:28:08.473152,331.1,4333094.0,1222988.0
2025-06-18 14:28:09.034234,331.15,4333094.0,1222988.0
2025-06-18 14:28:09.454910,331.1,4333088.0,1223691.0
2025-06-18 14:28:10.005220,331.1,4333088.0,1223691.0
2025-06-18 14:28:10.556296,331.15,4332962.0,1223633.0
2025-06-18 14:28:10.987294,331.1,4332962.0,1223633.0
2025-06-18 14:28:11.654510,331.1,4365767.0,1226050.0
2025-06-18 14:28:12.000521,331.1,4365767.0,1226050.0
2025-06-18 14:28:12.763318,331.1,4365288.0,1226646.0
2025-06-18 14:28:12.992987,331.1,4365288.0,1226646.0
2025-06-18 14:28:13.766729,331.05,4366756.0,1224992.0
2025-06-18 14:28:13.987534,331.05,4366756.0,1224992.0
2025-06-18 14:28:14.770963,331.05,4364807.0,1226501.0
2025-06-18 14:28:14.993247,331.05,4364807.0,1226501.0
2025-06-18 14:28:15.781134,331.05,4364783.0,1227396.0
2025-06-18 14:28:15.995487,331.05,4364783.0,1227396.0
2025-06-18 14:28:16.858289,331.05,4364358.0,1227326.0
2025-06-18 14:28:16.993901,331.05,4364358.0,1227326.0
2025-06-18 14:28:17.961221,331.15,4363780.0,1228151.0
2025-06-18 14:28:17.993576,331.15,4363780.0,1228151.0
2025-06-18 14:28:18.858315,331.15,4363780.0,1228151.0
2025-06-18 14:28:18.988331,331.05,4363780.0,1228151.0
2025-06-18 14:28:19.058318,331.05,4332012.0,1228322.0
2025-06-18 14:28:19.989769,331.1,4332012.0,1228322.0
2025-06-18 14:28:20.033284,331.1,4332012.0,1228322.0
2025-06-18 14:28:20.162760,331.15,4331060.0,1225554.0
2025-06-18 14:28:20.995861,331.05,4331060.0,1225554.0
2025-06-18 14:28:21.028038,331.05,4331060.0,1225554.0
2025-06-18 14:28:21.162767,331.05,4333735.0,1225648.0
2025-06-18 14:28:21.992900,331.05,4333735.0,1225648.0
2025-06-18 14:28:22.061061,331.05,4333735.0,1225648.0
2025-06-18 14:28:22.270061,331.05,4332957.0,1226198.0
2025-06-18 14:28:22.994512,331.05,4332957.0,1226198.0
2025-06-18 14:28:23.043976,331.05,4332957.0,1226198.0
2025-06-18 14:28:23.160229,331.05,4331943.0,1236008.0
2025-06-18 14:28:23.973258,331.05,4331943.0,1236008.0
2025-06-18 14:28:24.269886,331.05,4330746.0,1235139.0
2025-06-18 14:28:24.998992,331.05,4330746.0,1235139.0
2025-06-18 14:28:25.168585,331.05,4330746.0,1235139.0
2025-06-18 14:28:25.281536,331.05,4331395.0,1235183.0
2025-06-18 14:28:25.770580,331.05,4331395.0,1235183.0
2025-06-18 14:28:26.012704,331.05,4331395.0,1235183.0
2025-06-18 14:28:26.168314,331.05,4331115.0,1234083.0
2025-06-18 14:28:26.183815,331.05,4331115.0,1234083.0
2025-06-18 14:28:26.999269,331.15,4331115.0,1234083.0
2025-06-18 14:28:27.078154,331.15,4331115.0,1234083.0
2025-06-18 14:28:27.164565,331.15,4330993.0,1233157.0
2025-06-18 14:28:27.974689,331.15,4330993.0,1233157.0
2025-06-18 14:28:27.990231,331.15,4330993.0,1233157.0
2025-06-18 14:28:28.163521,331.15,4331496.0,1231413.0
2025-06-18 14:28:28.986363,331.15,4331496.0,1231413.0
2025-06-18 14:28:29.251293,331.15,4331496.0,1231413.0
2025-06-18 14:28:29.274306,331.15,4331691.0,1230782.0
2025-06-18 14:28:30.057119,331.05,4331691.0,1230782.0
2025-06-18 14:28:30.333911,331.05,4331691.0,1230782.0
2025-06-18 14:28:30.362543,331.05,4331031.0,1232272.0
2025-06-18 14:28:31.007009,331.05,4331031.0,1232272.0
2025-06-18 14:28:31.182151,331.05,4331079.0,1232665.0
2025-06-18 14:28:31.691149,331.05,4331079.0,1232665.0
2025-06-18 14:28:32.033780,331.05,4331079.0,1232665.0
2025-06-18 14:28:32.201130,331.05,4330899.0,1233272.0
2025-06-18 14:28:32.870290,331.05,4330899.0,1233272.0
2025-06-18 14:28:33.004304,331.15,4330899.0,1233272.0
2025-06-18 14:28:33.176029,331.15,4330807.0,1232464.0
2025-06-18 14:28:34.025911,331.15,4330807.0,1232464.0
2025-06-18 14:28:34.082103,331.15,4330807.0,1232464.0
2025-06-18 14:28:34.199423,331.15,4330896.0,1232623.0
2025-06-18 14:28:34.994531,331.05,4330896.0,1232623.0
2025-06-18 14:28:35.283194,331.05,4330878.0,1236114.0
2025-06-18 14:28:35.560449,331.05,4330878.0,1236114.0
2025-06-18 14:28:35.996711,331.05,4330878.0,1236114.0
2025-06-18 14:28:36.275976,331.05,4331126.0,1235993.0
2025-06-18 14:28:36.993609,331.05,4331126.0,1235993.0
2025-06-18 14:28:37.299347,331.0,4316053.0,1240244.0
2025-06-18 14:28:37.995450,331.0,4316053.0,1240244.0
2025-06-18 14:28:38.290555,331.0,4321293.0,1238106.0
2025-06-18 14:28:38.989823,331.05,4321293.0,1238106.0
2025-06-18 14:28:39.383560,331.0,4321095.0,1237718.0
2025-06-18 14:28:40.027686,331.05,4321095.0,1237718.0
2025-06-18 14:28:40.467269,331.0,4321453.0,1237628.0
2025-06-18 14:28:40.994842,330.85,4321453.0,1237628.0
2025-06-18 14:28:41.370161,330.8,4317517.0,1225438.0
2025-06-18 14:28:41.993153,330.8,4317517.0,1225438.0
2025-06-18 14:28:42.566648,330.8,4319859.0,1222849.0
2025-06-18 14:28:43.666387,330.8,4317204.0,1222333.0
2025-06-18 14:28:44.775718,330.8,4317179.0,1222408.0
2025-06-18 14:28:44.991801,330.85,4317179.0,1222408.0
2025-06-18 14:28:45.995634,330.85,4317179.0,1222408.0
2025-06-18 14:28:46.282737,330.8,4316554.0,1222096.0
2025-06-18 14:28:46.993968,330.8,4316554.0,1222096.0
2025-06-18 14:28:47.274924,330.8,4314867.0,1222037.0
2025-06-18 14:28:47.994773,330.85,4314867.0,1222037.0
2025-06-18 14:28:48.285522,330.85,4313749.0,1222933.0
2025-06-18 14:28:48.997113,330.85,4313749.0,1222933.0
2025-06-18 14:28:49.283952,330.85,4313816.0,1223069.0
2025-06-18 14:28:49.993081,330.85,4313816.0,1223069.0
2025-06-18 14:28:50.372159,330.85,4313816.0,1223189.0
2025-06-18 14:28:51.374891,330.85,4313750.0,1223189.0
2025-06-18 14:28:51.991691,330.8,4313750.0,1223189.0
2025-06-18 14:28:52.374592,330.8,4314788.0,1222913.0
2025-06-18 14:28:52.992168,330.8,4314788.0,1222913.0
2025-06-18 14:28:53.475680,330.8,4315381.0,1223196.0
2025-06-18 14:28:54.021474,330.85,4315381.0,1223196.0
2025-06-18 14:28:54.477311,330.8,4316584.0,1221480.0
2025-06-18 14:28:55.061919,330.8,4316584.0,1221480.0
2025-06-18 14:28:55.508498,330.8,4319462.0,1223298.0
2025-06-18 14:28:56.041004,330.8,4319462.0,1223298.0
2025-06-18 14:28:56.597321,330.75,4314829.0,1224159.0
2025-06-18 14:28:57.063385,330.75,4314829.0,1224159.0
2025-06-18 14:28:57.599699,330.8,4315793.0,1223627.0
2025-06-18 14:28:58.043799,330.75,4315793.0,1223627.0
2025-06-18 14:28:58.592402,330.75,4316519.0,1223509.0
2025-06-18 14:28:59.040074,330.75,4316519.0,1223509.0
2025-06-18 14:28:59.604715,330.75,4316622.0,1223860.0
2025-06-18 14:29:00.015435,330.75,4316622.0,1223860.0
2025-06-18 14:29:00.678852,330.75,4315792.0,1222702.0
2025-06-18 14:29:01.994076,330.75,4315792.0,1222702.0
2025-06-18 14:29:02.179679,330.75,4316514.0,1222518.0
2025-06-18 14:29:02.987757,330.75,4316514.0,1222518.0
2025-06-18 14:29:03.179651,330.75,4313922.0,1224726.0
2025-06-18 14:29:03.991651,330.8,4313922.0,1224726.0
2025-06-18 14:29:04.183994,330.8,4315047.0,1223631.0
2025-06-18 14:29:04.986447,330.75,4315047.0,1223631.0
2025-06-18 14:29:05.182353,330.75,4315304.0,1224038.0
2025-06-18 14:29:05.993930,330.75,4315304.0,1224038.0
2025-06-18 14:29:06.194918,330.75,4315807.0,1223913.0
2025-06-18 14:29:06.993115,330.8,4315807.0,1223913.0
2025-06-18 14:29:07.295843,330.8,4320767.0,1222957.0
2025-06-18 14:29:07.989346,330.8,4320767.0,1222957.0
2025-06-18 14:29:08.394805,330.8,4320628.0,1222957.0
2025-06-18 14:29:08.987981,330.8,4320628.0,1222957.0
2025-06-18 14:29:09.493615,330.8,4319314.0,1224217.0
2025-06-18 14:29:09.994140,330.8,4319314.0,1224217.0
2025-06-18 14:29:10.494987,330.8,4320299.0,1224278.0
2025-06-18 14:29:11.029046,330.85,4320299.0,1224278.0
2025-06-18 14:29:11.594396,330.8,4319844.0,1222729.0
2025-06-18 14:29:12.023050,330.8,4319844.0,1222729.0
2025-06-18 14:29:12.697120,330.95,4321943.0,1213679.0
2025-06-18 14:29:12.987390,330.95,4321943.0,1213679.0
2025-06-18 14:29:13.797384,330.85,4322545.0,1214790.0
2025-06-18 14:29:13.999684,330.85,4322545.0,1214790.0
2025-06-18 14:29:14.910229,330.85,4324431.0,1214803.0
2025-06-18 14:29:15.799141,330.85,4317895.0,1211684.0
2025-06-18 14:29:15.989040,330.85,4317895.0,1211684.0
2025-06-18 14:29:17.015900,330.85,4317895.0,1211684.0
2025-06-18 14:29:17.027377,330.85,4325468.0,1211910.0
2025-06-18 14:29:17.991156,330.85,4325468.0,1211910.0
2025-06-18 14:29:18.003870,330.85,4330922.0,1212847.0
2025-06-18 14:29:18.988264,330.95,4330922.0,1212847.0
2025-06-18 14:29:19.003516,330.95,4330857.0,1210390.0
2025-06-18 14:29:19.989196,330.95,4330857.0,1210390.0
2025-06-18 14:29:20.114161,330.95,4331712.0,1210894.0
2025-06-18 14:29:21.008349,330.95,4331712.0,1210894.0
2025-06-18 14:29:21.721375,330.9,4326626.0,1212306.0
2025-06-18 14:29:22.013845,330.85,4326626.0,1212306.0
2025-06-18 14:29:22.860084,330.95,4326743.0,1212249.0
2025-06-18 14:29:23.041991,330.95,4326743.0,1212249.0
2025-06-18 14:29:23.822264,330.95,4326724.0,1212233.0
2025-06-18 14:29:25.054751,330.85,4325849.0,1212683.0
2025-06-18 14:29:25.058850,330.85,4325849.0,1212683.0
2025-06-18 14:29:25.992975,330.85,4325849.0,1212683.0
2025-06-18 14:29:26.007954,330.85,4325741.0,1213924.0
2025-06-18 14:29:26.989929,330.85,4325741.0,1213924.0
2025-06-18 14:29:27.007179,330.85,4339315.0,1213393.0
2025-06-18 14:29:27.990956,330.95,4339315.0,1213393.0
2025-06-18 14:29:28.008238,330.95,4339336.0,1212763.0
2025-06-18 14:29:28.910785,330.85,4340487.0,1213615.0
2025-06-18 14:29:28.987644,330.85,4340487.0,1213615.0
2025-06-18 14:29:29.911827,330.85,4341570.0,1212998.0
2025-06-18 14:29:29.994195,330.85,4341570.0,1212998.0
2025-06-18 14:29:30.920551,330.95,4344964.0,1205588.0
2025-06-18 14:29:30.993251,330.95,4344964.0,1205588.0
2025-06-18 14:29:31.991338,330.9,4344964.0,1205588.0
2025-06-18 14:29:32.013205,330.95,4343676.0,1207337.0
2025-06-18 14:29:32.995289,330.95,4343676.0,1207337.0
2025-06-18 14:29:33.148591,330.9,4344576.0,1207621.0
2025-06-18 14:29:33.994488,330.95,4344576.0,1207621.0
2025-06-18 14:29:34.229532,330.95,4344449.0,1207848.0
2025-06-18 14:29:34.990301,330.95,4344449.0,1207848.0
2025-06-18 14:29:35.214544,330.95,4344281.0,1208164.0
2025-06-18 14:29:35.997539,330.9,4344281.0,1208164.0
2025-06-18 14:29:36.217200,330.9,4342856.0,1207494.0
2025-06-18 14:29:37.008873,330.9,4342856.0,1207494.0
2025-06-18 14:29:37.217246,330.9,4342843.0,1208326.0
2025-06-18 14:29:37.999019,330.9,4342843.0,1208326.0
2025-06-18 14:29:38.217410,330.9,4342398.0,1208155.0
2025-06-18 14:29:38.993088,330.9,4342398.0,1208155.0
2025-06-18 14:29:39.230852,330.9,4341597.0,1208910.0
2025-06-18 14:29:39.995294,330.95,4341597.0,1208910.0
2025-06-18 14:29:40.219240,330.95,4339077.0,1207436.0
2025-06-18 14:29:40.995701,330.9,4339077.0,1207436.0
2025-06-18 14:29:41.224257,330.8,4340210.0,1211658.0
2025-06-18 14:29:42.001973,330.9,4340210.0,1211658.0
2025-06-18 14:29:42.321372,330.9,4342442.0,1210880.0
2025-06-18 14:29:42.999791,330.85,4342442.0,1210880.0
2025-06-18 14:29:43.333002,330.95,4343774.0,1207491.0
2025-06-18 14:29:43.999055,330.85,4343774.0,1207491.0
2025-06-18 14:29:44.418920,330.85,4341156.0,1208486.0
2025-06-18 14:29:45.094267,330.85,4341156.0,1208486.0
2025-06-18 14:29:45.338451,330.85,4341428.0,1208607.0
2025-06-18 14:29:46.013204,330.9,4341428.0,1208607.0
2025-06-18 14:29:46.941440,330.95,4342654.0,1208088.0
2025-06-18 14:29:47.009673,330.9,4342654.0,1208088.0
2025-06-18 14:29:47.948001,330.95,4340643.0,1207333.0
2025-06-18 14:29:48.045731,330.95,4340643.0,1207333.0
2025-06-18 14:29:48.852167,330.95,4340868.0,1208255.0
2025-06-18 14:29:49.016938,330.95,4340868.0,1208255.0
2025-06-18 14:29:49.940853,330.95,4342542.0,1209450.0
2025-06-18 14:29:50.016009,330.95,4342542.0,1209450.0
2025-06-18 14:29:50.927530,330.95,4342405.0,1209476.0
2025-06-18 14:29:51.928169,330.95,4344414.0,1209508.0
2025-06-18 14:29:52.007013,330.9,4344414.0,1209508.0
2025-06-18 14:29:53.024121,330.9,4344414.0,1209508.0
2025-06-18 14:29:53.044171,330.9,4344536.0,1209466.0
2025-06-18 14:29:53.928760,330.95,4344767.0,1209520.0
2025-06-18 14:29:54.003959,330.95,4344767.0,1209520.0
2025-06-18 14:29:54.926720,330.95,4342732.0,1209327.0
2025-06-18 14:29:54.995987,330.95,4342732.0,1209327.0
2025-06-18 14:29:55.928346,330.9,4340247.0,1210695.0
2025-06-18 14:29:55.998200,330.9,4340247.0,1210695.0
2025-06-18 14:29:56.929505,330.9,4339474.0,1210726.0
2025-06-18 14:29:57.006165,330.9,4339474.0,1210726.0
2025-06-18 14:29:57.839268,330.95,4339528.0,1210649.0
2025-06-18 14:29:57.990603,330.95,4339528.0,1210649.0
2025-06-18 14:29:58.835729,330.9,4339274.0,1210879.0
2025-06-18 14:29:58.993011,330.9,4339274.0,1210879.0
2025-06-18 14:29:59.833429,330.95,4339059.0,1210106.0
2025-06-18 14:29:59.997751,330.95,4339059.0,1210106.0
2025-06-18 14:30:01.837073,331.2,4353757.0,1191349.0
2025-06-18 14:30:02.000322,331.1,4353757.0,1191349.0
2025-06-18 14:30:02.933042,331.2,4350217.0,1192821.0
2025-06-18 14:30:02.996813,331.2,4350217.0,1192821.0
2025-06-18 14:30:04.037069,331.2,4347288.0,1192820.0
2025-06-18 14:30:05.001771,331.2,4347288.0,1192820.0
2025-06-18 14:30:05.041377,331.2,4345690.0,1192939.0
2025-06-18 14:30:05.998481,331.15,4345690.0,1192939.0
2025-06-18 14:30:06.045610,331.15,4347077.0,1193062.0
2025-06-18 14:30:06.997765,331.15,4347077.0,1193062.0
2025-06-18 14:30:07.143090,331.15,4345887.0,1189244.0
2025-06-18 14:30:08.002360,331.25,4345887.0,1189244.0
2025-06-18 14:30:08.242475,331.25,4346642.0,1187455.0
2025-06-18 14:30:08.997433,331.25,4346642.0,1187455.0
2025-06-18 14:30:09.343864,331.25,4346643.0,1186417.0
2025-06-18 14:30:10.022138,331.15,4346643.0,1186417.0
2025-06-18 14:30:10.457551,331.15,4337238.0,1186749.0
2025-06-18 14:30:11.017185,331.2,4337238.0,1186749.0
2025-06-18 14:30:11.358964,331.15,4334560.0,1189578.0
2025-06-18 14:30:12.016633,331.15,4334560.0,1189578.0
2025-06-18 14:30:12.579033,331.15,4335532.0,1186889.0
2025-06-18 14:30:13.034616,331.2,4335532.0,1186889.0
2025-06-18 14:30:13.577826,331.2,4339317.0,1187797.0
2025-06-18 14:30:14.031257,331.25,4339317.0,1187797.0
2025-06-18 14:30:14.559853,331.1,4340413.0,1189240.0
2025-06-18 14:30:15.014180,331.1,4340413.0,1189240.0
2025-06-18 14:30:15.542496,331.1,4343267.0,1189578.0
2025-06-18 14:30:16.000234,331.1,4343267.0,1189578.0
2025-06-18 14:30:16.542856,331.25,4339464.0,1187086.0
2025-06-18 14:30:16.998784,331.15,4339464.0,1187086.0
2025-06-18 14:30:17.442575,331.15,4338638.0,1187003.0
2025-06-18 14:30:17.997592,331.15,4338638.0,1187003.0
2025-06-18 14:30:18.449123,331.15,4340952.0,1188130.0
2025-06-18 14:30:18.994324,331.15,4340952.0,1188130.0
2025-06-18 14:30:19.548443,331.15,4345055.0,1188935.0
2025-06-18 14:30:20.003582,331.25,4345055.0,1188935.0
2025-06-18 14:30:20.649401,331.15,4341019.0,1189906.0
2025-06-18 14:30:21.001803,331.2,4341019.0,1189906.0
2025-06-18 14:30:21.846892,331.05,4326245.0,1189275.0
2025-06-18 14:30:22.002726,331.05,4326245.0,1189275.0
2025-06-18 14:30:22.853082,331.2,4331629.0,1187546.0
2025-06-18 14:30:23.001908,331.2,4331629.0,1187546.0
2025-06-18 14:30:23.948209,331.2,4332530.0,1185004.0
2025-06-18 14:30:23.992429,331.2,4332530.0,1185004.0
2025-06-18 14:30:24.951110,331.15,4320230.0,1196729.0
2025-06-18 14:30:25.003362,331.15,4320230.0,1196729.0
2025-06-18 14:30:26.000120,331.15,4320230.0,1196729.0
2025-06-18 14:30:26.057139,331.15,4321231.0,1195027.0
2025-06-18 14:30:27.013256,331.05,4321231.0,1195027.0
2025-06-18 14:30:27.070277,331.05,4321280.0,1196455.0
2025-06-18 14:30:28.033940,331.05,4321280.0,1196455.0
2025-06-18 14:30:28.186490,331.0,4324942.0,1195036.0
2025-06-18 14:30:29.019377,331.0,4324942.0,1195036.0
2025-06-18 14:30:29.267219,331.0,4325401.0,1192953.0
2025-06-18 14:30:30.011740,331.0,4325401.0,1192953.0
2025-06-18 14:30:30.360833,331.05,4328099.0,1192184.0
2025-06-18 14:30:31.007328,331.05,4328099.0,1192184.0
2025-06-18 14:30:31.355954,331.0,4325781.0,1188614.0
2025-06-18 14:30:32.004044,331.0,4325781.0,1188614.0
2025-06-18 14:30:32.451344,331.05,4324548.0,1188497.0
2025-06-18 14:30:33.010642,331.05,4324548.0,1188497.0
2025-06-18 14:30:33.357585,331.0,4325311.0,1193342.0
2025-06-18 14:30:33.992925,331.05,4325311.0,1193342.0
2025-06-18 14:30:34.455698,331.0,4324971.0,1193735.0
2025-06-18 14:30:35.046522,331.05,4324971.0,1193735.0
2025-06-18 14:30:35.710521,331.0,4324185.0,1193499.0
2025-06-18 14:30:36.029025,331.0,4324185.0,1193499.0
2025-06-18 14:30:36.763093,331.0,4356412.0,1193576.0
2025-06-18 14:30:37.015857,331.0,4356412.0,1193576.0
2025-06-18 14:30:37.895211,331.05,4364435.0,1192915.0
2025-06-18 14:30:38.023459,331.05,4364435.0,1192915.0
2025-06-18 14:30:38.867333,331.0,4375681.0,1189292.0
2025-06-18 14:30:39.011413,331.0,4375681.0,1189292.0
2025-06-18 14:30:39.854413,331.0,4375648.0,1191822.0
2025-06-18 14:30:40.018456,331.05,4375648.0,1191822.0
2025-06-18 14:30:40.854509,331.05,4376782.0,1193725.0
2025-06-18 14:30:41.957662,331.0,4375248.0,1194278.0
2025-06-18 14:30:42.004486,331.0,4375248.0,1194278.0
2025-06-18 14:30:43.007693,331.0,4375248.0,1194278.0
2025-06-18 14:30:43.052149,331.0,4375853.0,1195145.0
2025-06-18 14:30:44.002786,331.05,4375853.0,1195145.0
2025-06-18 14:30:44.052426,331.05,4376137.0,1195098.0
2025-06-18 14:30:45.003973,331.0,4376137.0,1195098.0
2025-06-18 14:30:45.066359,331.0,4375073.0,1195078.0
2025-06-18 14:30:46.002157,331.05,4375073.0,1195078.0
2025-06-18 14:30:46.156510,331.05,4375277.0,1194208.0
2025-06-18 14:30:46.998533,331.0,4375277.0,1194208.0
2025-06-18 14:30:47.157202,331.0,4376534.0,1194988.0
2025-06-18 14:30:48.012742,331.05,4376534.0,1194988.0
2025-06-18 14:30:48.266006,331.05,4376185.0,1195831.0
2025-06-18 14:30:48.999049,331.05,4376185.0,1195831.0
2025-06-18 14:30:49.260759,331.05,4375983.0,1195814.0
2025-06-18 14:30:50.002979,331.05,4375983.0,1195814.0
2025-06-18 14:30:50.259060,331.05,4387109.0,1197997.0
2025-06-18 14:30:51.000831,331.05,4387109.0,1197997.0
2025-06-18 14:30:51.264519,331.05,4386540.0,1197732.0
2025-06-18 14:30:52.007362,331.0,4386540.0,1197732.0
2025-06-18 14:30:52.164245,331.0,4386382.0,1194979.0
2025-06-18 14:30:52.998415,331.05,4386382.0,1194979.0
2025-06-18 14:30:53.357545,331.05,4395744.0,1194894.0
2025-06-18 14:30:53.997424,331.05,4395744.0,1194894.0
2025-06-18 14:30:54.264217,331.05,4396163.0,1195134.0
2025-06-18 14:30:55.003613,331.05,4396163.0,1195134.0
2025-06-18 14:30:55.265412,331.05,4394479.0,1198424.0
2025-06-18 14:30:56.010282,331.0,4394479.0,1198424.0
2025-06-18 14:30:56.358221,331.0,4406735.0,1197915.0
2025-06-18 14:30:57.002184,331.05,4406735.0,1197915.0
2025-06-18 14:30:57.461345,331.05,4407937.0,1197464.0
2025-06-18 14:30:58.000629,331.05,4407937.0,1197464.0
2025-06-18 14:30:58.465518,331.0,4408961.0,1195845.0
2025-06-18 14:30:58.998425,331.1,4408961.0,1195845.0
2025-06-18 14:30:59.461792,331.05,4408554.0,1193792.0
2025-06-18 14:31:00.055256,331.05,4408554.0,1193792.0
2025-06-18 14:31:00.464667,331.15,4410972.0,1194581.0
2025-06-18 14:31:02.020340,331.05,4410972.0,1194581.0
2025-06-18 14:31:02.232852,331.05,4412763.0,1193785.0
2025-06-18 14:31:03.023910,331.05,4412763.0,1193785.0
2025-06-18 14:31:03.184229,331.05,4413092.0,1192591.0
2025-06-18 14:31:04.026356,331.15,4413092.0,1192591.0
2025-06-18 14:31:04.188059,331.15,4415499.0,1193585.0
2025-06-18 14:31:05.025765,331.15,4415499.0,1193585.0
2025-06-18 14:31:05.299370,331.15,4420563.0,1188986.0
2025-06-18 14:31:06.008537,331.1,4420563.0,1188986.0
2025-06-18 14:31:06.370407,331.1,4420765.0,1187208.0
2025-06-18 14:31:07.031783,331.1,4420765.0,1187208.0
2025-06-18 14:31:07.470460,331.15,4420802.0,1187643.0
2025-06-18 14:31:08.005726,331.15,4420802.0,1187643.0
2025-06-18 14:31:08.469420,331.15,4420802.0,1188168.0
2025-06-18 14:31:09.001504,331.15,4420802.0,1188168.0
2025-06-18 14:31:09.574430,331.1,4420482.0,1188017.0
2025-06-18 14:31:10.008639,331.15,4420482.0,1188017.0
2025-06-18 14:31:10.573851,331.15,4422445.0,1183126.0
2025-06-18 14:31:11.003552,331.15,4422445.0,1183126.0
2025-06-18 14:31:11.575459,331.15,4424115.0,1182181.0
2025-06-18 14:31:12.004211,331.1,4424115.0,1182181.0
2025-06-18 14:31:12.674407,331.1,4427680.0,1180742.0
2025-06-18 14:31:13.005563,331.15,4427680.0,1180742.0
2025-06-18 14:31:13.787390,331.15,4427733.0,1181678.0
2025-06-18 14:31:13.997622,331.15,4427733.0,1181678.0
2025-06-18 14:31:14.877545,331.15,4411877.0,1180590.0
2025-06-18 14:31:15.007205,331.25,4411877.0,1180590.0
2025-06-18 14:31:15.877733,331.25,4425389.0,1180504.0
2025-06-18 14:31:16.004957,331.25,4425389.0,1180504.0
2025-06-18 14:31:16.980080,331.15,4425409.0,1179782.0
2025-06-18 14:31:17.039098,331.15,4425409.0,1179782.0
2025-06-18 14:31:17.981661,331.25,4424575.0,1178788.0
2025-06-18 14:31:18.009899,331.25,4424575.0,1178788.0
2025-06-18 14:31:18.981515,331.25,4425055.0,1178645.0
2025-06-18 14:31:19.000861,331.25,4425055.0,1178645.0
2025-06-18 14:31:19.407961,331.25,4425055.0,1178645.0
2025-06-18 14:31:19.979783,331.25,4424693.0,1177810.0
2025-06-18 14:31:20.004393,331.25,4424693.0,1177810.0
2025-06-18 14:31:20.576600,331.25,4424693.0,1177810.0
2025-06-18 14:31:20.980738,331.25,4426967.0,1178445.0
2025-06-18 14:31:21.009156,331.25,4426967.0,1178445.0
2025-06-18 14:31:21.595132,331.25,4426967.0,1178445.0
2025-06-18 14:31:21.982040,331.25,4427522.0,1176925.0
2025-06-18 14:31:22.009506,331.25,4427522.0,1176925.0
2025-06-18 14:31:22.623806,331.25,4427522.0,1176925.0
2025-06-18 14:31:23.004324,331.25,4427522.0,1176925.0
2025-06-18 14:31:23.081886,331.25,4428088.0,1176123.0
2025-06-18 14:31:23.611014,331.25,4428088.0,1176123.0
2025-06-18 14:31:24.003068,331.25,4428088.0,1176123.0
2025-06-18 14:31:24.079974,331.25,4427996.0,1176325.0
2025-06-18 14:31:24.576401,331.25,4427996.0,1176325.0
2025-06-18 14:31:25.051315,331.25,4427996.0,1176325.0
2025-06-18 14:31:25.205932,331.25,4424550.0,1176709.0
2025-06-18 14:31:25.790745,331.25,4424550.0,1176709.0
2025-06-18 14:31:26.040155,331.15,4424550.0,1176709.0
2025-06-18 14:31:26.204300,331.15,4422857.0,1175492.0
2025-06-18 14:31:26.374919,331.15,4422857.0,1175492.0
2025-06-18 14:31:27.017200,331.15,4422857.0,1175492.0
2025-06-18 14:31:27.243650,331.25,4424059.0,1176074.0
2025-06-18 14:31:27.347649,331.25,4424059.0,1176074.0
2025-06-18 14:31:28.038586,331.25,4424059.0,1176074.0
2025-06-18 14:31:28.205459,331.25,4424333.0,1176271.0
2025-06-18 14:31:28.593205,331.25,4424333.0,1176271.0
2025-06-18 14:31:29.204201,331.25,4424063.0,1176136.0
2025-06-18 14:31:29.872479,331.25,4424063.0,1176136.0
2025-06-18 14:31:30.022138,331.15,4424063.0,1176136.0
2025-06-18 14:31:30.204896,331.15,4423152.0,1175670.0
2025-06-18 14:31:30.754295,331.15,4423152.0,1175670.0
2025-06-18 14:31:31.297297,331.15,4424980.0,1176044.0
2025-06-18 14:31:32.010422,331.15,4424980.0,1176044.0
2025-06-18 14:31:32.189072,331.15,4409913.0,1175578.0
2025-06-18 14:31:32.404938,331.15,4409913.0,1175578.0
2025-06-18 14:31:33.002229,331.15,4409913.0,1175578.0
2025-06-18 14:31:33.296808,331.15,4424358.0,1174908.0
2025-06-18 14:31:33.571959,331.15,4424358.0,1174908.0
2025-06-18 14:31:34.001403,331.25,4424358.0,1174908.0
2025-06-18 14:31:34.299256,331.25,4423178.0,1174922.0
2025-06-18 14:31:34.742871,331.25,4423178.0,1174922.0
2025-06-18 14:31:35.004564,331.25,4423178.0,1174922.0
2025-06-18 14:31:35.296986,331.25,4423112.0,1175002.0
2025-06-18 14:31:36.011514,331.15,4423112.0,1175002.0
2025-06-18 14:31:36.257093,331.15,4423112.0,1175002.0
2025-06-18 14:31:36.388302,331.15,4423196.0,1174920.0
2025-06-18 14:31:37.001039,331.25,4423196.0,1174920.0
2025-06-18 14:31:37.389649,331.25,4421861.0,1174792.0
2025-06-18 14:31:38.388299,331.15,4422938.0,1173724.0
2025-06-18 14:31:39.004905,331.15,4422938.0,1173724.0
2025-06-18 14:31:39.389184,331.15,4422069.0,1173710.0
2025-06-18 14:31:40.006463,331.2,4422069.0,1173710.0
2025-06-18 14:31:40.389881,331.2,4423120.0,1174054.0
2025-06-18 14:31:41.390132,331.1,4422080.0,1175367.0
2025-06-18 14:31:42.007448,331.1,4422080.0,1175367.0
2025-06-18 14:31:42.389781,331.1,4421410.0,1175363.0
2025-06-18 14:31:43.018924,331.2,4421410.0,1175363.0
2025-06-18 14:31:43.295928,331.2,4422734.0,1175447.0
2025-06-18 14:31:44.392500,331.15,4426197.0,1175830.0
2025-06-18 14:31:45.005678,331.15,4426197.0,1175830.0
2025-06-18 14:31:45.494535,331.15,4426733.0,1175008.0
2025-06-18 14:31:46.007060,331.2,4426733.0,1175008.0
2025-06-18 14:31:46.592150,331.2,4427219.0,1174849.0
2025-06-18 14:31:47.003185,331.15,4427219.0,1174849.0
2025-06-18 14:31:47.691826,331.2,4428613.0,1176566.0
2025-06-18 14:31:48.006244,331.2,4428613.0,1176566.0
2025-06-18 14:31:48.796253,331.2,4427958.0,1175655.0
2025-06-18 14:31:49.005636,331.2,4427958.0,1175655.0
2025-06-18 14:31:49.803781,331.2,4427210.0,1173469.0
2025-06-18 14:31:50.059789,331.2,4427210.0,1173469.0
2025-06-18 14:31:50.817196,331.2,4428210.0,1175256.0
2025-06-18 14:31:51.024853,331.2,4428210.0,1175256.0
2025-06-18 14:31:52.014673,331.25,4438202.0,1167360.0
2025-06-18 14:31:52.028140,331.25,4438202.0,1167360.0
2025-06-18 14:31:53.017362,331.35,4438154.0,1168461.0
2025-06-18 14:31:53.023670,331.35,4438154.0,1168461.0
2025-06-18 14:31:54.020891,331.35,4442935.0,1164056.0
2025-06-18 14:31:55.056939,331.3,4442935.0,1164056.0
2025-06-18 14:31:55.144278,331.3,4442906.0,1164429.0
2025-06-18 14:31:56.009889,331.3,4442906.0,1164429.0
2025-06-18 14:31:56.199334,331.3,4440135.0,1164537.0
2025-06-18 14:31:57.006490,331.3,4440135.0,1164537.0
2025-06-18 14:31:57.199519,331.4,4440999.0,1165275.0
2025-06-18 14:31:58.008442,331.4,4440999.0,1165275.0
2025-06-18 14:31:58.200193,331.4,4443180.0,1165124.0
2025-06-18 14:31:59.004526,331.4,4443180.0,1165124.0
2025-06-18 14:31:59.200446,331.4,4444658.0,1158953.0
2025-06-18 14:32:00.015891,331.4,4444658.0,1158953.0
2025-06-18 14:32:00.204113,331.4,4444571.0,1158721.0
2025-06-18 14:32:01.001100,331.4,4444571.0,1158721.0
2025-06-18 14:32:01.806539,331.4,4446068.0,1159761.0
2025-06-18 14:32:02.017326,331.35,4446068.0,1159761.0
2025-06-18 14:32:02.808806,331.4,4441965.0,1160401.0
2025-06-18 14:32:03.026186,331.4,4441965.0,1160401.0
2025-06-18 14:32:03.803378,331.4,4442036.0,1158957.0
2025-06-18 14:32:04.014435,331.4,4442036.0,1158957.0
2025-06-18 14:32:04.704567,331.4,4442955.0,1158841.0
2025-06-18 14:32:05.006981,331.4,4442955.0,1158841.0
2025-06-18 14:32:05.705959,331.4,4444770.0,1149562.0
2025-06-18 14:32:06.013687,331.4,4444770.0,1149562.0
2025-06-18 14:32:06.807115,331.45,4449922.0,1151422.0
2025-06-18 14:32:07.016798,331.4,4449922.0,1151422.0
2025-06-18 14:32:07.905833,331.45,4452402.0,1146938.0
2025-06-18 14:32:08.015636,331.45,4452402.0,1146938.0
2025-06-18 14:32:08.911672,331.45,4454627.0,1149487.0
2025-06-18 14:32:09.013421,331.45,4454627.0,1149487.0
2025-06-18 14:32:09.934631,331.4,4453375.0,1150099.0
2025-06-18 14:32:10.010184,331.4,4453375.0,1150099.0
2025-06-18 14:32:10.812326,331.45,4450584.0,1150387.0
2025-06-18 14:32:11.012704,331.45,4450584.0,1150387.0
2025-06-18 14:32:11.821194,331.5,4453957.0,1142843.0
2025-06-18 14:32:12.019862,331.5,4453957.0,1142843.0
2025-06-18 14:32:13.023695,331.7,4453957.0,1142843.0
2025-06-18 14:32:13.324141,331.7,4453916.0,1145393.0
2025-06-18 14:32:14.219538,331.7,4453426.0,1144793.0
2025-06-18 14:32:15.028466,331.7,4453426.0,1144793.0
2025-06-18 14:32:15.341524,331.7,4455092.0,1143926.0
2025-06-18 14:32:16.027097,331.7,4455092.0,1143926.0
2025-06-18 14:32:16.235671,331.7,4451596.0,1140580.0
2025-06-18 14:32:17.063736,331.55,4451596.0,1140580.0
2025-06-18 14:32:17.338307,331.55,4454353.0,1143315.0
2025-06-18 14:32:18.031648,331.8,4454353.0,1143315.0
2025-06-18 14:32:18.354407,331.8,4449061.0,1126903.0
2025-06-18 14:32:19.021937,331.75,4449061.0,1126903.0
2025-06-18 14:32:19.337036,331.75,4446013.0,1126527.0
2025-06-18 14:32:20.008892,331.8,4446013.0,1126527.0
2025-06-18 14:32:20.421556,331.8,4447178.0,1125754.0
2025-06-18 14:32:21.011624,331.8,4447178.0,1125754.0
2025-06-18 14:32:21.421659,331.8,4445677.0,1127782.0
2025-06-18 14:32:22.046968,331.7,4445677.0,1127782.0
2025-06-18 14:32:22.523138,331.7,4443561.0,1127916.0
2025-06-18 14:32:23.016124,331.8,4443561.0,1127916.0
2025-06-18 14:32:23.623429,331.8,4443985.0,1128284.0
2025-06-18 14:32:24.008687,331.8,4443985.0,1128284.0
2025-06-18 14:32:24.625175,331.7,4444619.0,1128535.0
2025-06-18 14:32:25.016389,331.7,4444619.0,1128535.0
2025-06-18 14:32:25.632297,331.7,4444989.0,1128704.0
2025-06-18 14:32:26.022680,331.7,4444989.0,1128704.0
2025-06-18 14:32:26.723424,331.8,4445153.0,1123749.0
2025-06-18 14:32:27.010958,331.7,4445153.0,1123749.0
2025-06-18 14:32:27.628394,331.8,4443351.0,1123557.0
2025-06-18 14:32:28.012530,331.8,4443351.0,1123557.0
2025-06-18 14:32:28.634329,331.75,4442745.0,1123435.0
2025-06-18 14:32:29.021467,331.75,4442745.0,1123435.0
2025-06-18 14:32:29.729636,331.75,4443605.0,1124102.0
2025-06-18 14:32:30.015925,331.75,4443605.0,1124102.0
2025-06-18 14:32:30.733887,331.75,4443383.0,1124255.0
2025-06-18 14:32:31.731550,331.75,4441182.0,1124487.0
2025-06-18 14:32:32.023276,331.75,4441182.0,1124487.0
2025-06-18 14:32:33.015252,331.8,4441182.0,1124487.0
2025-06-18 14:32:33.032895,331.8,4442218.0,1125181.0
2025-06-18 14:32:34.016765,331.8,4442218.0,1125181.0
2025-06-18 14:32:34.353232,331.75,4441394.0,1124943.0
2025-06-18 14:32:35.017840,331.8,4441394.0,1124943.0
2025-06-18 14:32:35.432471,331.75,4442102.0,1124237.0
2025-06-18 14:32:36.019233,331.75,4442102.0,1124237.0
2025-06-18 14:32:36.345793,331.75,4442381.0,1124966.0
2025-06-18 14:32:37.012848,331.75,4442381.0,1124966.0
2025-06-18 14:32:37.346599,331.75,4445315.0,1125073.0
2025-06-18 14:32:38.009695,331.75,4445315.0,1125073.0
2025-06-18 14:32:38.237245,331.75,4445349.0,1125073.0
2025-06-18 14:32:39.011152,331.75,4445349.0,1125073.0
2025-06-18 14:32:39.343645,331.75,4444416.0,1125131.0
2025-06-18 14:32:40.063688,331.8,4444416.0,1125131.0
2025-06-18 14:32:40.391805,331.8,4445383.0,1125091.0
2025-06-18 14:32:41.358729,331.75,4444387.0,1124199.0
2025-06-18 14:32:42.056176,331.75,4444387.0,1124199.0
2025-06-18 14:32:42.454412,331.75,4430111.0,1121081.0
2025-06-18 14:32:43.453165,331.8,4444292.0,1120212.0
2025-06-18 14:32:44.023290,331.8,4444292.0,1120212.0
2025-06-18 14:32:44.556243,331.75,4443283.0,1120165.0
2025-06-18 14:32:45.028677,331.8,4443283.0,1120165.0
2025-06-18 14:32:45.536498,331.75,4368805.0,1121627.0
2025-06-18 14:32:46.016037,331.75,4368805.0,1121627.0
2025-06-18 14:32:46.539212,331.75,4368704.0,1121722.0
2025-06-18 14:32:47.016445,331.75,4368704.0,1121722.0
2025-06-18 14:32:47.538873,331.8,4368635.0,1122459.0
2025-06-18 14:32:48.015626,331.8,4368635.0,1122459.0
2025-06-18 14:32:48.441695,331.8,4365826.0,1125458.0
2025-06-18 14:32:49.443613,331.8,4365839.0,1125458.0
2025-06-18 14:32:50.015268,331.8,4365839.0,1125458.0
2025-06-18 14:32:50.541001,331.8,4369929.0,1126586.0
2025-06-18 14:32:51.014859,331.8,4369929.0,1126586.0
2025-06-18 14:32:51.540857,331.8,4376657.0,1127044.0
2025-06-18 14:32:52.015804,331.75,4376657.0,1127044.0
2025-06-18 14:32:52.651652,331.8,4376754.0,1127696.0
2025-06-18 14:32:53.017179,331.8,4376754.0,1127696.0
2025-06-18 14:32:53.650727,331.8,4376089.0,1127645.0
2025-06-18 14:32:54.007810,331.8,4376089.0,1127645.0
2025-06-18 14:32:54.745296,331.75,4372880.0,1128256.0
2025-06-18 14:32:55.017334,331.75,4372880.0,1128256.0
2025-06-18 14:32:55.845062,331.8,4371326.0,1127885.0
2025-06-18 14:32:56.017032,331.8,4371326.0,1127885.0
2025-06-18 14:32:56.950661,331.75,4374384.0,1127684.0
2025-06-18 14:32:57.008709,331.75,4374384.0,1127684.0
2025-06-18 14:32:58.047940,331.8,4374384.0,1127684.0
2025-06-18 14:32:58.051508,331.8,4374578.0,1129577.0
2025-06-18 14:32:59.015705,331.75,4374578.0,1129577.0
2025-06-18 14:32:59.045571,331.75,4374211.0,1128762.0
2025-06-18 14:33:00.015368,331.75,4374211.0,1128762.0
2025-06-18 14:33:00.153274,331.75,4373891.0,1130928.0
2025-06-18 14:33:01.555144,331.8,4375999.0,1131716.0
2025-06-18 14:33:02.003741,331.75,4375999.0,1131716.0
2025-06-18 14:33:02.653197,331.8,4375937.0,1131068.0
2025-06-18 14:33:03.009242,331.8,4375937.0,1131068.0
2025-06-18 14:33:03.751057,331.8,4375806.0,1133376.0
2025-06-18 14:33:04.004575,331.75,4375806.0,1133376.0
2025-06-18 14:33:04.864072,331.75,4474176.0,1131173.0
2025-06-18 14:33:05.015770,331.75,4474176.0,1131173.0
2025-06-18 14:33:05.976314,331.75,4472816.0,1132131.0
2025-06-18 14:33:06.020815,331.75,4472816.0,1132131.0
2025-06-18 14:33:07.016117,331.75,4472816.0,1132131.0
2025-06-18 14:33:07.067256,331.75,4472912.0,1132208.0
2025-06-18 14:33:08.073678,331.75,4469594.0,1132177.0
2025-06-18 14:33:09.662151,331.75,4468690.0,1130734.0
2025-06-18 14:33:10.005417,331.75,4468690.0,1130734.0
2025-06-18 14:33:10.557879,331.75,4469312.0,1130503.0
2025-06-18 14:33:11.671762,331.75,4469864.0,1131534.0
2025-06-18 14:33:12.005072,331.75,4469864.0,1131534.0
2025-06-18 14:33:12.685119,331.8,4467756.0,1129967.0
2025-06-18 14:33:13.014739,331.8,4467756.0,1129967.0
2025-06-18 14:33:13.861876,331.75,4470257.0,1129792.0
2025-06-18 14:33:14.005232,331.75,4470257.0,1129792.0
2025-06-18 14:33:14.762732,331.75,4471666.0,1129928.0
2025-06-18 14:33:15.004135,331.75,4471666.0,1129928.0
2025-06-18 14:33:15.863623,331.75,4457373.0,1138980.0
2025-06-18 14:33:16.013420,331.8,4457373.0,1138980.0
2025-06-18 14:33:16.966810,331.75,4456013.0,1142713.0
2025-06-18 14:33:17.010327,331.75,4456013.0,1142713.0
2025-06-18 14:33:18.004955,331.7,4456013.0,1142713.0
2025-06-18 14:33:18.063826,331.7,4456397.0,1143590.0
2025-06-18 14:33:19.006471,331.75,4456397.0,1143590.0
2025-06-18 14:33:19.062321,331.75,4454143.0,1146442.0
2025-06-18 14:33:20.015600,331.75,4454143.0,1146442.0
2025-06-18 14:33:20.063717,331.75,4454772.0,1145708.0
2025-06-18 14:33:21.064796,331.75,4454501.0,1145806.0
2025-06-18 14:33:22.014976,331.65,4454501.0,1145806.0
2025-06-18 14:33:22.064177,331.65,4452729.0,1145827.0
2025-06-18 14:33:23.007725,331.75,4452729.0,1145827.0
2025-06-18 14:33:23.063362,331.75,4448477.0,1145334.0
2025-06-18 14:33:24.011179,331.75,4448477.0,1145334.0
2025-06-18 14:33:24.064286,331.75,4448876.0,1145238.0
2025-06-18 14:33:25.008251,331.65,4448876.0,1145238.0
2025-06-18 14:33:25.067632,331.7,4446178.0,1152871.0
2025-06-18 14:33:26.067456,331.6,4446178.0,1152871.0
2025-06-18 14:33:26.081567,331.6,4445811.0,1153000.0
2025-06-18 14:33:27.008192,331.6,4445811.0,1153000.0
2025-06-18 14:33:27.067358,331.65,4445179.0,1155704.0
2025-06-18 14:33:28.009877,331.65,4445179.0,1155704.0
2025-06-18 14:33:28.067175,331.65,4449463.0,1155481.0
2025-06-18 14:33:29.012515,331.55,4449463.0,1155481.0
2025-06-18 14:33:29.065464,331.55,4448003.0,1154921.0
2025-06-18 14:33:30.092721,331.65,4448003.0,1154921.0
2025-06-18 14:33:30.110268,331.65,4447810.0,1154641.0
2025-06-18 14:33:31.085364,331.65,4447519.0,1154977.0
2025-06-18 14:33:32.057915,331.55,4447519.0,1154977.0
2025-06-18 14:33:32.087413,331.55,4448337.0,1152731.0
2025-06-18 14:33:33.020971,331.65,4448337.0,1152731.0
2025-06-18 14:33:33.194293,331.65,4449572.0,1151298.0
2025-06-18 14:33:34.022525,331.65,4449572.0,1151298.0
2025-06-18 14:33:34.085275,331.65,4449397.0,1149599.0
2025-06-18 14:33:35.009906,331.65,4449397.0,1149599.0
2025-06-18 14:33:35.184627,331.65,4456888.0,1146011.0
2025-06-18 14:33:36.007843,331.65,4456888.0,1146011.0
2025-06-18 14:33:36.280015,331.65,4455548.0,1150747.0
2025-06-18 14:33:37.005832,331.65,4455548.0,1150747.0
2025-06-18 14:33:37.277574,331.65,4454724.0,1150958.0
2025-06-18 14:33:38.008196,331.8,4454724.0,1150958.0
2025-06-18 14:33:38.379435,331.8,4453810.0,1151105.0
2025-06-18 14:33:39.378870,331.8,4453689.0,1151095.0
2025-06-18 14:33:40.008931,331.65,4453689.0,1151095.0
2025-06-18 14:33:40.479224,331.65,4453200.0,1151218.0
2025-06-18 14:33:41.380300,331.65,4453346.0,1150125.0
2025-06-18 14:33:42.007114,331.65,4453346.0,1150125.0
2025-06-18 14:33:42.488469,331.65,4453888.0,1148676.0
2025-06-18 14:33:43.008418,331.75,4453888.0,1148676.0
2025-06-18 14:33:43.480787,331.75,4453903.0,1148331.0
2025-06-18 14:33:44.008896,331.75,4453903.0,1148331.0
2025-06-18 14:33:44.494441,331.65,4453833.0,1150896.0
2025-06-18 14:33:45.039546,331.65,4453833.0,1150896.0
2025-06-18 14:33:45.482439,331.65,4453823.0,1151429.0
2025-06-18 14:33:46.011986,331.65,4453823.0,1151429.0
2025-06-18 14:33:46.382919,331.65,4447787.0,1151028.0
2025-06-18 14:33:47.009110,331.65,4447787.0,1151028.0
2025-06-18 14:33:47.481951,331.75,4448113.0,1150056.0
2025-06-18 14:33:48.007980,331.75,4448113.0,1150056.0
2025-06-18 14:33:48.582411,331.55,4442745.0,1156190.0
2025-06-18 14:33:49.005589,331.55,4442745.0,1156190.0
2025-06-18 14:33:49.584302,331.55,4418158.0,1156762.0
2025-06-18 14:33:50.007478,331.7,4418158.0,1156762.0
2025-06-18 14:33:50.583546,331.7,4395887.0,1156490.0
2025-06-18 14:33:51.491083,331.7,4395440.0,1156892.0
2025-06-18 14:33:52.008312,331.55,4395440.0,1156892.0
2025-06-18 14:33:52.492381,331.55,4400037.0,1156885.0
2025-06-18 14:33:53.009523,331.55,4400037.0,1156885.0
2025-06-18 14:33:53.586741,331.65,4399935.0,1156412.0
2025-06-18 14:33:54.008595,331.55,4399935.0,1156412.0
2025-06-18 14:33:54.731553,331.55,4405030.0,1156503.0
2025-06-18 14:33:55.023275,331.55,4405030.0,1156503.0
2025-06-18 14:33:55.698843,331.55,4404927.0,1159123.0
2025-06-18 14:33:56.039795,331.55,4404927.0,1159123.0
2025-06-18 14:33:56.824574,331.55,4405466.0,1160672.0
2025-06-18 14:33:57.027781,331.55,4405466.0,1160672.0
2025-06-18 14:33:57.828271,331.65,4410146.0,1158903.0
2025-06-18 14:33:58.029256,331.65,4410146.0,1158903.0
2025-06-18 14:33:58.932575,331.6,4409816.0,1158344.0
2025-06-18 14:33:59.167703,331.6,4409816.0,1158344.0
2025-06-18 14:34:00.107432,331.55,4408457.0,1161573.0
2025-06-18 14:34:00.110637,331.55,4408457.0,1161573.0
2025-06-18 14:34:01.600514,331.6,4409419.0,1160570.0
2025-06-18 14:34:02.009351,331.5,4409419.0,1160570.0
2025-06-18 14:34:02.591550,331.6,4409829.0,1158342.0
2025-06-18 14:34:03.005903,331.6,4409829.0,1158342.0
2025-06-18 14:34:03.593620,331.6,4416277.0,1157462.0
2025-06-18 14:34:04.006934,331.55,4416277.0,1157462.0
2025-06-18 14:34:04.591402,331.55,4416194.0,1157436.0
2025-06-18 14:34:05.005591,331.5,4416194.0,1157436.0
2025-06-18 14:34:05.695005,331.5,4414222.0,1154575.0
2025-06-18 14:34:06.004073,331.5,4414222.0,1154575.0
2025-06-18 14:34:06.694411,331.5,4414179.0,1153680.0
2025-06-18 14:34:07.007592,331.5,4414179.0,1153680.0
2025-06-18 14:34:07.809242,331.5,4413693.0,1153950.0
2025-06-18 14:34:08.810295,331.5,4413847.0,1154111.0
2025-06-18 14:34:09.023913,331.5,4413847.0,1154111.0
2025-06-18 14:34:09.808995,331.5,4413985.0,1156346.0
2025-06-18 14:34:10.009954,331.5,4413985.0,1156346.0
2025-06-18 14:34:10.809914,331.5,4413539.0,1156442.0
2025-06-18 14:34:11.007845,331.55,4413539.0,1156442.0
2025-06-18 14:34:11.809923,331.7,4419803.0,1152815.0
2025-06-18 14:34:12.015135,331.6,4419803.0,1152815.0
2025-06-18 14:34:12.811219,331.6,4418468.0,1152802.0
2025-06-18 14:34:13.808427,331.6,4419353.0,1151495.0
2025-06-18 14:34:14.811656,331.7,4418094.0,1148429.0
2025-06-18 14:34:15.013638,331.7,4418094.0,1148429.0
2025-06-18 14:34:15.813662,331.65,4415875.0,1149288.0
2025-06-18 14:34:16.008361,331.65,4415875.0,1149288.0
2025-06-18 14:34:16.905306,331.65,4417251.0,1149355.0
2025-06-18 14:34:17.011757,331.65,4417251.0,1149355.0
2025-06-18 14:34:17.905420,331.7,4416705.0,1149316.0
2025-06-18 14:34:18.012245,331.7,4416705.0,1149316.0
2025-06-18 14:34:19.006013,331.65,4416705.0,1149316.0
2025-06-18 14:34:19.028264,331.65,4415680.0,1149079.0
2025-06-18 14:34:19.994073,331.65,4415680.0,1149079.0
2025-06-18 14:34:20.080801,331.7,4415680.0,1149079.0
2025-06-18 14:34:20.159241,331.7,4413230.0,1150121.0
2025-06-18 14:34:21.126278,331.7,4413230.0,1150121.0
2025-06-18 14:34:21.127725,331.7,4418540.0,1150222.0
2025-06-18 14:34:22.033630,331.6,4418540.0,1150222.0
2025-06-18 14:34:22.158499,331.6,4418540.0,1150222.0
2025-06-18 14:34:22.222634,331.6,4419382.0,1151158.0
2025-06-18 14:34:23.198357,331.6,4419382.0,1151158.0
2025-06-18 14:34:23.239546,331.6,4419384.0,1151046.0
2025-06-18 14:34:24.182155,331.6,4419384.0,1151046.0
2025-06-18 14:34:24.327685,331.65,4418803.0,1150293.0
2025-06-18 14:34:25.013075,331.6,4418803.0,1150293.0
2025-06-18 14:34:25.099676,331.6,4418803.0,1150293.0
2025-06-18 14:34:25.321127,331.6,4419223.0,1151155.0
2025-06-18 14:34:26.026884,331.6,4419223.0,1151155.0
2025-06-18 14:34:26.319231,331.6,4418818.0,1151121.0
2025-06-18 14:34:26.333298,331.6,4418818.0,1151121.0
2025-06-18 14:34:27.018414,331.6,4418818.0,1151121.0
2025-06-18 14:34:27.348771,331.6,4418818.0,1151121.0
2025-06-18 14:34:27.411513,331.7,4418828.0,1151163.0
2025-06-18 14:34:27.856265,331.7,4418828.0,1151163.0
2025-06-18 14:34:28.060239,331.7,4418828.0,1151163.0
2025-06-18 14:34:28.254580,331.7,4418828.0,1151163.0
2025-06-18 14:34:28.511399,331.7,4418628.0,1150974.0
2025-06-18 14:34:29.012382,331.7,4418628.0,1150974.0
2025-06-18 14:34:29.153139,331.7,4418628.0,1150974.0
2025-06-18 14:34:29.513993,331.6,4419710.0,1151109.0
2025-06-18 14:34:30.018388,331.6,4419710.0,1151109.0
2025-06-18 14:34:30.438570,331.6,4419710.0,1151109.0
2025-06-18 14:34:30.512818,331.6,4421573.0,1150275.0
2025-06-18 14:34:31.351337,331.6,4421573.0,1150275.0
2025-06-18 14:34:31.612192,331.6,4420854.0,1151186.0
2025-06-18 14:34:32.021938,331.6,4420854.0,1151186.0
2025-06-18 14:34:32.613219,331.7,4418807.0,1154392.0
2025-06-18 14:34:32.772156,331.7,4418807.0,1154392.0
2025-06-18 14:34:33.014400,331.7,4418807.0,1154392.0
2025-06-18 14:34:33.714622,331.7,4419821.0,1145022.0
2025-06-18 14:34:34.013530,331.7,4419821.0,1145022.0
2025-06-18 14:34:34.073466,331.7,4419821.0,1145022.0
2025-06-18 14:34:34.819418,331.7,4420463.0,1157229.0
2025-06-18 14:34:35.019515,331.7,4420463.0,1157229.0
2025-06-18 14:34:35.251362,331.7,4420463.0,1157229.0
2025-06-18 14:34:35.916602,331.65,4421303.0,1148482.0
2025-06-18 14:34:36.014277,331.65,4421303.0,1148482.0
2025-06-18 14:34:36.827831,331.65,4421303.0,1148482.0
2025-06-18 14:34:36.914663,331.7,4421526.0,1149414.0
2025-06-18 14:34:37.011099,331.6,4421526.0,1149414.0
2025-06-18 14:34:37.916027,331.6,4418038.0,1150722.0
2025-06-18 14:34:38.015160,331.6,4418038.0,1150722.0
2025-06-18 14:34:38.817163,331.65,4416205.0,1149117.0
2025-06-18 14:34:39.009209,331.65,4416205.0,1149117.0
2025-06-18 14:34:39.824081,331.55,4418861.0,1149845.0
2025-06-18 14:34:40.068899,331.55,4418861.0,1149845.0
2025-06-18 14:34:40.819877,331.55,4423146.0,1151587.0
2025-06-18 14:34:41.006912,331.65,4423146.0,1151587.0
2025-06-18 14:34:41.824988,331.6,4420995.0,1151740.0
2025-06-18 14:34:42.015723,331.6,4420995.0,1151740.0
2025-06-18 14:34:42.820555,331.6,4420931.0,1151737.0
2025-06-18 14:34:43.820758,331.6,4420782.0,1152009.0
2025-06-18 14:34:44.013433,331.6,4420782.0,1152009.0
2025-06-18 14:34:44.857295,331.55,4417673.0,1151665.0
2025-06-18 14:34:45.072879,331.55,4417673.0,1151665.0
2025-06-18 14:34:45.842826,331.6,4419585.0,1152038.0
2025-06-18 14:34:46.024002,331.6,4419585.0,1152038.0
2025-06-18 14:34:46.844911,331.65,4419165.0,1152520.0
2025-06-18 14:34:47.027783,331.55,4419165.0,1152520.0
2025-06-18 14:34:48.029622,331.65,4419165.0,1152520.0
2025-06-18 14:34:48.356724,331.65,4419099.0,1152254.0
2025-06-18 14:34:49.055732,331.65,4419099.0,1152254.0
2025-06-18 14:34:49.365829,331.65,4418799.0,1152457.0
2025-06-18 14:34:50.333959,331.65,4418819.0,1150995.0
2025-06-18 14:34:51.007361,331.65,4418819.0,1150995.0
2025-06-18 14:34:51.326319,331.65,4418819.0,1151313.0
2025-06-18 14:34:52.010800,331.6,4418819.0,1151313.0
2025-06-18 14:34:52.328119,331.55,4419966.0,1151031.0
2025-06-18 14:34:53.011889,331.65,4419966.0,1151031.0
2025-06-18 14:34:53.327490,331.65,4419966.0,1154415.0
2025-06-18 14:34:54.329239,331.65,4419973.0,1155293.0
2025-06-18 14:34:55.011396,331.65,4419973.0,1155293.0
2025-06-18 14:34:55.329326,331.6,4420804.0,1155663.0
2025-06-18 14:34:56.012419,331.6,4420804.0,1155663.0
2025-06-18 14:34:56.331458,331.5,4419047.0,1155392.0
2025-06-18 14:34:57.014094,331.65,4419047.0,1155392.0
2025-06-18 14:34:57.331781,331.7,4422347.0,1155873.0
2025-06-18 14:34:58.014743,331.65,4422347.0,1155873.0
2025-06-18 14:34:58.335551,331.65,4425249.0,1157116.0
2025-06-18 14:34:59.009608,331.65,4425249.0,1157116.0
2025-06-18 14:34:59.435502,331.6,4425341.0,1156762.0
2025-06-18 14:35:00.018943,331.6,4425341.0,1156762.0
2025-06-18 14:35:00.434891,331.7,4426347.0,1156115.0
2025-06-18 14:35:01.937947,331.7,4427032.0,1156376.0
2025-06-18 14:35:02.018982,331.65,4427032.0,1156376.0
2025-06-18 14:35:03.016398,331.7,4427032.0,1156376.0
2025-06-18 14:35:03.039168,331.7,4426970.0,1156750.0
2025-06-18 14:35:04.014712,331.65,4426970.0,1156750.0
2025-06-18 14:35:04.201018,331.65,4427116.0,1157632.0
2025-06-18 14:35:05.017691,331.7,4427116.0,1157632.0
2025-06-18 14:35:05.538068,331.65,4426094.0,1157391.0
2025-06-18 14:35:06.020847,331.65,4426094.0,1157391.0
2025-06-18 14:35:06.540256,331.7,4426439.0,1157299.0
2025-06-18 14:35:07.014018,331.65,4426439.0,1157299.0
2025-06-18 14:35:07.645954,331.65,4427252.0,1157354.0
2025-06-18 14:35:08.647378,331.65,4430251.0,1158467.0
2025-06-18 14:35:09.020139,331.65,4430251.0,1158467.0
2025-06-18 14:35:09.659035,331.55,4426357.0,1158074.0
2025-06-18 14:35:10.086380,331.55,4426357.0,1158074.0
2025-06-18 14:35:10.765419,331.55,4428540.0,1157111.0
2025-06-18 14:35:11.853022,331.55,4427742.0,1159258.0
2025-06-18 14:35:12.037319,331.55,4427742.0,1159258.0
2025-06-18 14:35:12.952116,331.55,4427855.0,1159228.0
2025-06-18 14:35:13.101808,331.55,4427855.0,1159228.0
2025-06-18 14:35:13.964865,331.55,4427876.0,1159252.0
2025-06-18 14:35:15.048582,331.55,4427876.0,1159252.0
2025-06-18 14:35:15.543482,331.55,4427723.0,1160790.0
2025-06-18 14:35:16.078985,331.55,4427723.0,1160790.0
2025-06-18 14:35:16.443714,331.55,4427702.0,1161313.0
2025-06-18 14:35:17.015149,331.55,4427702.0,1161313.0
2025-06-18 14:35:17.543199,331.65,4427996.0,1162456.0
2025-06-18 14:35:18.015280,331.65,4427996.0,1162456.0
2025-06-18 14:35:18.544264,331.65,4426425.0,1163140.0
2025-06-18 14:35:19.644682,331.55,4428048.0,1162260.0
2025-06-18 14:35:20.018536,331.55,4428048.0,1162260.0
2025-06-18 14:35:20.744267,331.55,4427773.0,1162358.0
2025-06-18 14:35:21.015497,331.55,4427773.0,1162358.0
2025-06-18 14:35:21.744911,331.55,4404397.0,1163634.0
2025-06-18 14:35:22.017780,331.55,4404397.0,1163634.0
2025-06-18 14:35:22.744628,331.55,4425695.0,1163730.0
2025-06-18 14:35:23.753474,331.6,4425642.0,1164050.0
2025-06-18 14:35:24.029278,331.6,4425642.0,1164050.0
2025-06-18 14:35:24.649023,331.55,4389840.0,1164132.0
2025-06-18 14:35:25.023088,331.55,4389840.0,1164132.0
2025-06-18 14:35:25.647664,331.55,4389761.0,1163952.0
2025-06-18 14:35:26.028901,331.55,4389761.0,1163952.0
2025-06-18 14:35:26.746345,331.65,4388757.0,1163267.0
2025-06-18 14:35:27.017748,331.55,4388757.0,1163267.0
2025-06-18 14:35:27.654968,331.65,4388950.0,1163717.0
2025-06-18 14:35:28.018767,331.65,4388950.0,1163717.0
2025-06-18 14:35:28.749276,331.65,4388676.0,1163195.0
2025-06-18 14:35:29.864185,331.65,4388340.0,1164453.0
2025-06-18 14:35:30.019155,331.65,4388340.0,1164453.0
2025-06-18 14:35:30.952197,331.65,4388266.0,1164781.0
2025-06-18 14:35:32.019954,331.6,4388266.0,1164781.0
2025-06-18 14:35:32.051477,331.6,4388984.0,1163903.0
2025-06-18 14:35:33.015352,331.65,4388984.0,1163903.0
2025-06-18 14:35:33.053571,331.65,4388937.0,1163560.0
2025-06-18 14:35:34.025886,331.65,4388937.0,1163560.0
2025-06-18 14:35:34.162469,331.65,4389150.0,1164278.0
2025-06-18 14:35:35.124241,331.65,4389150.0,1164278.0
2025-06-18 14:35:35.289199,331.65,4391313.0,1158333.0
2025-06-18 14:35:36.038064,331.65,4391313.0,1158333.0
2025-06-18 14:35:36.265136,331.65,4391097.0,1159362.0
2025-06-18 14:35:37.046728,331.65,4391097.0,1159362.0
2025-06-18 14:35:37.373251,331.65,4391093.0,1159699.0
2025-06-18 14:35:38.471228,331.65,4390840.0,1161287.0
2025-06-18 14:35:39.054385,331.65,4390840.0,1161287.0
2025-06-18 14:35:39.571845,331.65,4391609.0,1161276.0
2025-06-18 14:35:40.083561,331.65,4391609.0,1161276.0
2025-06-18 14:35:40.656561,331.65,4391725.0,1160611.0
2025-06-18 14:35:41.769870,331.65,4391860.0,1161417.0
2025-06-18 14:35:42.022397,331.65,4391860.0,1161417.0
2025-06-18 14:35:42.658761,331.7,4392053.0,1161770.0
2025-06-18 14:35:43.018820,331.7,4392053.0,1161770.0
2025-06-18 14:35:43.858486,331.7,4392147.0,1157631.0
2025-06-18 14:35:44.016585,331.7,4392147.0,1157631.0
2025-06-18 14:35:44.961492,331.65,4393551.0,1159535.0
2025-06-18 14:35:45.021878,331.65,4393551.0,1159535.0
2025-06-18 14:35:45.959453,331.65,4393889.0,1159407.0
2025-06-18 14:35:46.024581,331.65,4393889.0,1159407.0
2025-06-18 14:35:46.960031,331.65,4392302.0,1159817.0
2025-06-18 14:35:47.033473,331.65,4392302.0,1159817.0
2025-06-18 14:35:47.862221,331.7,4392549.0,1159401.0
2025-06-18 14:35:48.020385,331.7,4392549.0,1159401.0
2025-06-18 14:35:48.964245,331.7,4393235.0,1159725.0
2025-06-18 14:35:50.022309,331.7,4393235.0,1159725.0
2025-06-18 14:35:50.067764,331.7,4394281.0,1159454.0
2025-06-18 14:35:51.026512,331.7,4394281.0,1159454.0
2025-06-18 14:35:51.163293,331.7,4394850.0,1157392.0
2025-06-18 14:35:52.026898,331.65,4394850.0,1157392.0
2025-06-18 14:35:52.266677,331.65,4396256.0,1155730.0
2025-06-18 14:35:53.034150,331.7,4396256.0,1155730.0
2025-06-18 14:35:53.165667,331.7,4395707.0,1154802.0
2025-06-18 14:35:54.032508,331.7,4395707.0,1154802.0
2025-06-18 14:35:54.166292,331.7,4395423.0,1154819.0
2025-06-18 14:35:55.030920,331.65,4395423.0,1154819.0
2025-06-18 14:35:55.266739,331.65,4395542.0,1154785.0
2025-06-18 14:35:56.027750,331.7,4395542.0,1154785.0
2025-06-18 14:35:56.172249,331.65,4394805.0,1154604.0
2025-06-18 14:35:57.017746,331.65,4394805.0,1154604.0
2025-06-18 14:35:57.268043,331.7,4394746.0,1154829.0
2025-06-18 14:35:58.023542,331.7,4394746.0,1154829.0
2025-06-18 14:35:58.267411,331.7,4394455.0,1154667.0
2025-06-18 14:35:59.032298,331.7,4394455.0,1154667.0
2025-06-18 14:35:59.269454,331.7,4394239.0,1154502.0
2025-06-18 14:36:00.086941,331.65,4394239.0,1154502.0
2025-06-18 14:36:00.387947,331.65,4393973.0,1154664.0
2025-06-18 14:36:03.079654,331.7,4393973.0,1154664.0
2025-06-18 14:36:04.048608,331.65,4393973.0,1154664.0
2025-06-18 14:36:06.027682,331.65,4393973.0,1154664.0
2025-06-18 14:36:06.375217,331.7,4398255.0,1154102.0
2025-06-18 14:36:08.026918,331.65,4398255.0,1154102.0
2025-06-18 14:36:10.030794,331.65,4398255.0,1154102.0
2025-06-18 14:36:12.026179,331.6,4398255.0,1154102.0
2025-06-18 14:36:12.076778,331.6,4404255.0,1154498.0
2025-06-18 14:36:14.026923,331.7,4404255.0,1154498.0
2025-06-18 14:36:17.019673,331.6,4404255.0,1154498.0
2025-06-18 14:36:17.379640,331.7,4404969.0,1155773.0
2025-06-18 14:36:18.034138,331.7,4404969.0,1155773.0
2025-06-18 14:36:20.027804,331.65,4404969.0,1155773.0
2025-06-18 14:36:22.028993,331.55,4404969.0,1155773.0
2025-06-18 14:36:22.579084,331.55,4403710.0,1160127.0
2025-06-18 14:36:24.038955,331.65,4403710.0,1160127.0
2025-06-18 14:36:27.034261,331.65,4403710.0,1160127.0
2025-06-18 14:36:27.499395,331.7,4464235.0,1152633.0
2025-06-18 14:36:28.036703,331.7,4464235.0,1152633.0
2025-06-18 14:36:30.035761,331.65,4464235.0,1152633.0
2025-06-18 14:36:32.028841,331.65,4464235.0,1152633.0
2025-06-18 14:36:32.492806,331.7,4427469.0,1152847.0
2025-06-18 14:36:34.032676,331.9,4427469.0,1152847.0
2025-06-18 14:36:36.030461,332.0,4427469.0,1152847.0
2025-06-18 14:36:37.689892,332.0,4440138.0,1127003.0
2025-06-18 14:36:38.055704,332.0,4440138.0,1127003.0
2025-06-18 14:36:40.030241,331.95,4440138.0,1127003.0
2025-06-18 14:36:42.033657,331.85,4440138.0,1127003.0
2025-06-18 14:36:42.689436,331.85,4438787.0,1124970.0
2025-06-18 14:36:46.028973,331.85,4438787.0,1124970.0
2025-06-18 14:36:47.996606,331.85,4444139.0,1129066.0
2025-06-18 14:36:48.031758,331.85,4444139.0,1129066.0
2025-06-18 14:36:50.047331,331.85,4444139.0,1129066.0
2025-06-18 14:36:52.061970,331.85,4444139.0,1129066.0
2025-06-18 14:36:53.522900,331.9,4443687.0,1130357.0
2025-06-18 14:36:54.051521,331.9,4443687.0,1130357.0
2025-06-18 14:36:56.032746,331.85,4443687.0,1130357.0
2025-06-18 14:36:58.027358,331.9,4443687.0,1130357.0
2025-06-18 14:36:58.401156,331.85,4443260.0,1130017.0
2025-06-18 14:37:00.028347,331.85,4443260.0,1130017.0
2025-06-18 14:37:01.600137,331.85,4473749.0,1129380.0
2025-06-18 14:37:02.049592,331.85,4473749.0,1129380.0
2025-06-18 14:37:02.602891,331.9,4461092.0,1129089.0
2025-06-18 14:37:03.023661,331.9,4461092.0,1129089.0
2025-06-18 14:37:03.723877,331.85,4454519.0,1128643.0
2025-06-18 14:37:04.025274,331.85,4454519.0,1128643.0
2025-06-18 14:37:04.814052,331.85,4454616.0,1129379.0
2025-06-18 14:37:05.905525,331.9,4458518.0,1128213.0
2025-06-18 14:37:06.025910,331.9,4458518.0,1128213.0
2025-06-18 14:37:07.004919,331.95,4462698.0,1122253.0
2025-06-18 14:37:07.020820,332.0,4462698.0,1122253.0
2025-06-18 14:37:08.005631,332.0,4459032.0,1122653.0
2025-06-18 14:37:09.008213,332.1,4461880.0,1119736.0
2025-06-18 14:37:09.018510,332.1,4461880.0,1119736.0
2025-06-18 14:37:10.006990,332.0,4456720.0,1127663.0
2025-06-18 14:37:10.023925,332.0,4456720.0,1127663.0
2025-06-18 14:37:11.007299,332.0,4460132.0,1124613.0
2025-06-18 14:37:11.910493,332.05,4459443.0,1124672.0
2025-06-18 14:37:12.021881,331.95,4459443.0,1124672.0
2025-06-18 14:37:13.009187,331.95,4449245.0,1127667.0
2025-06-18 14:37:13.018316,331.95,4449245.0,1127667.0
2025-06-18 14:37:14.009567,331.95,4467873.0,1127107.0
2025-06-18 14:37:15.085653,331.9,4467718.0,1126939.0
2025-06-18 14:37:15.092461,331.9,4467718.0,1126939.0
2025-06-18 14:37:16.036318,331.9,4467718.0,1126939.0
2025-06-18 14:37:16.127742,331.9,4468294.0,1127431.0
2025-06-18 14:37:17.024036,331.9,4468302.0,1126303.0
2025-06-18 14:37:17.041976,331.9,4468302.0,1126303.0
2025-06-18 14:37:18.031306,332.0,4468302.0,1126303.0
2025-06-18 14:37:18.121881,332.0,4468270.0,1125762.0
2025-06-18 14:37:19.039193,332.0,4468270.0,1125762.0
2025-06-18 14:37:19.130470,331.95,4469485.0,1124712.0
2025-06-18 14:37:20.016757,331.95,4469485.0,1124712.0
2025-06-18 14:37:20.115230,331.95,4471116.0,1124798.0
2025-06-18 14:37:20.553033,331.95,4471116.0,1124798.0
2025-06-18 14:37:21.051380,332.0,4471116.0,1124798.0
2025-06-18 14:37:21.116712,332.0,4475342.0,1124665.0
2025-06-18 14:37:21.713819,332.0,4475342.0,1124665.0
2025-06-18 14:37:22.013181,331.95,4475155.0,1124657.0
2025-06-18 14:37:22.020561,331.95,4475155.0,1124657.0
2025-06-18 14:37:22.729809,331.95,4475155.0,1124657.0
2025-06-18 14:37:23.013971,331.95,4475828.0,1124657.0
2025-06-18 14:37:23.766772,331.95,4475828.0,1124657.0
2025-06-18 14:37:23.915185,331.95,4478085.0,1124676.0
2025-06-18 14:37:24.743432,331.95,4478085.0,1124676.0
2025-06-18 14:37:24.914442,331.95,4482944.0,1124215.0
2025-06-18 14:37:25.038703,331.95,4482944.0,1124215.0
2025-06-18 14:37:25.668608,331.95,4482944.0,1124215.0
2025-06-18 14:37:26.020712,331.95,4483195.0,1124216.0
2025-06-18 14:37:26.027818,331.95,4483195.0,1124216.0
2025-06-18 14:37:26.921998,331.95,4483195.0,1124216.0
2025-06-18 14:37:27.021499,331.95,4483195.0,1124216.0
2025-06-18 14:37:27.117590,332.05,4480264.0,1120016.0
2025-06-18 14:37:27.522852,332.05,4480264.0,1120016.0
2025-06-18 14:37:28.023955,332.05,4480264.0,1120016.0
2025-06-18 14:37:28.115919,332.05,4482530.0,1120442.0
2025-06-18 14:37:28.447273,332.05,4482530.0,1120442.0
2025-06-18 14:37:29.018320,332.05,4482530.0,1120442.0
2025-06-18 14:37:29.117622,332.05,4483421.0,1119952.0
2025-06-18 14:37:29.733118,332.05,4483421.0,1119952.0
2025-06-18 14:37:30.020278,332.1,4483421.0,1119952.0
2025-06-18 14:37:30.120172,332.1,4483554.0,1123462.0
2025-06-18 14:37:31.030818,332.1,4483554.0,1123462.0
2025-06-18 14:37:31.114982,332.1,4483843.0,1123587.0
2025-06-18 14:37:31.929207,332.1,4483843.0,1123587.0
2025-06-18 14:37:32.030456,331.95,4483843.0,1123587.0
2025-06-18 14:37:32.035549,331.95,4483795.0,1122857.0
2025-06-18 14:37:33.044540,332.1,4483795.0,1122857.0
2025-06-18 14:37:33.049158,332.1,4484898.0,1122228.0
2025-06-18 14:37:33.362473,332.1,4484898.0,1122228.0
2025-06-18 14:37:34.021419,332.1,4484898.0,1122228.0
2025-06-18 14:37:34.032804,332.1,4485383.0,1121103.0
2025-06-18 14:37:34.533880,332.1,4485383.0,1121103.0
2025-06-18 14:37:35.022151,332.05,4485383.0,1121103.0
2025-06-18 14:37:35.032078,332.05,4485141.0,1121162.0
2025-06-18 14:37:35.905020,332.05,4485141.0,1121162.0
2025-06-18 14:37:36.019222,332.05,4485141.0,1121162.0
2025-06-18 14:37:36.123183,332.05,4484949.0,1120256.0
2025-06-18 14:37:37.019291,331.95,4484949.0,1120256.0
2025-06-18 14:37:37.132456,331.95,4485231.0,1120756.0
2025-06-18 14:37:37.525392,331.95,4485231.0,1120756.0
2025-06-18 14:37:38.520857,331.95,4484337.0,1122699.0
2025-06-18 14:37:39.048347,332.0,4484337.0,1122699.0
2025-06-18 14:37:39.543288,331.95,4487627.0,1121174.0
2025-06-18 14:37:40.064594,332.0,4487627.0,1121174.0
2025-06-18 14:37:41.046788,332.0,4487617.0,1122007.0
2025-06-18 14:37:42.043075,331.95,4487617.0,1122007.0
2025-06-18 14:37:42.056288,331.95,4487713.0,1122010.0
2025-06-18 14:37:43.037471,331.95,4487713.0,1122010.0
2025-06-18 14:37:43.045348,331.95,4488352.0,1122411.0
2025-06-18 14:37:44.141699,331.95,4488540.0,1122355.0
2025-06-18 14:37:45.026244,331.95,4488540.0,1122355.0
2025-06-18 14:37:45.128409,331.95,4935102.0,1121533.0
2025-06-18 14:37:46.024643,331.95,4935102.0,1121533.0
2025-06-18 14:37:46.129220,331.95,4934608.0,1122314.0
2025-06-18 14:37:47.020365,331.95,4934608.0,1122314.0
2025-06-18 14:37:47.126921,331.95,4934196.0,1122244.0
2025-06-18 14:37:48.097455,332.0,4934196.0,1122244.0
2025-06-18 14:37:48.138012,332.0,4934376.0,1123055.0
2025-06-18 14:37:49.021909,332.0,4934376.0,1123055.0
2025-06-18 14:37:49.226254,332.0,5434618.0,1124041.0
2025-06-18 14:37:50.022081,332.0,5434618.0,1124041.0
2025-06-18 14:37:50.333511,332.0,5433985.0,1124131.0
2025-06-18 14:37:51.425576,332.0,5432737.0,1124445.0
2025-06-18 14:37:52.022084,331.95,5432737.0,1124445.0
2025-06-18 14:37:52.428942,331.95,5311342.0,1125114.0
2025-06-18 14:37:53.026758,331.95,5311342.0,1125114.0
2025-06-18 14:37:53.429699,331.95,5276019.0,1124460.0
2025-06-18 14:37:54.024398,331.95,5276019.0,1124460.0
2025-06-18 14:37:54.929316,331.95,5323055.0,1124787.0
2025-06-18 14:37:55.029547,331.95,5323055.0,1124787.0
2025-06-18 14:37:55.929596,331.95,5295371.0,1124739.0
2025-06-18 14:37:56.032827,331.95,5295371.0,1124739.0
2025-06-18 14:37:56.928187,332.0,5294882.0,1124737.0
2025-06-18 14:37:57.029697,331.95,5294882.0,1124737.0
2025-06-18 14:37:57.839386,332.0,5309804.0,1124895.0
2025-06-18 14:37:58.029409,332.0,5309804.0,1124895.0
2025-06-18 14:37:58.940913,332.0,5310587.0,1124136.0
2025-06-18 14:37:59.028141,332.0,5310587.0,1124136.0
2025-06-18 14:37:59.934257,331.95,5310636.0,1124116.0
2025-06-18 14:38:00.025925,331.95,5310636.0,1124116.0
2025-06-18 14:38:01.733074,332.0,5309054.0,1127752.0
2025-06-18 14:38:02.021715,331.95,5309054.0,1127752.0
2025-06-18 14:38:02.644055,332.0,5305813.0,1120425.0
2025-06-18 14:38:03.024447,332.0,5305813.0,1120425.0
2025-06-18 14:38:03.642032,332.0,5321110.0,1120147.0
2025-06-18 14:38:04.024661,331.95,5321110.0,1120147.0
2025-06-18 14:38:04.640512,331.95,5320812.0,1120235.0
2025-06-18 14:38:05.753860,332.0,5330895.0,1119855.0
2025-06-18 14:38:06.035814,332.0,5330895.0,1119855.0
2025-06-18 14:38:06.865049,332.0,5330851.0,1120101.0
2025-06-18 14:38:07.042353,331.95,5330851.0,1120101.0
2025-06-18 14:38:07.952092,332.0,5330387.0,1118183.0
2025-06-18 14:38:08.068762,332.0,5330387.0,1118183.0
2025-06-18 14:38:08.851442,332.0,5345554.0,1118232.0
2025-06-18 14:38:09.020478,332.0,5345554.0,1118232.0
2025-06-18 14:38:09.953491,331.95,5345151.0,1118725.0
2025-06-18 14:38:10.042969,331.95,5345151.0,1118725.0
2025-06-18 14:38:11.045227,331.95,5345981.0,1118726.0
2025-06-18 14:38:12.073176,331.95,5345981.0,1118726.0
2025-06-18 14:38:12.084831,331.95,5360361.0,1118658.0
2025-06-18 14:38:13.023577,332.0,5360361.0,1118658.0
2025-06-18 14:38:13.039381,332.0,5379127.0,1118762.0
2025-06-18 14:38:13.938842,332.0,5379127.0,1118796.0
2025-06-18 14:38:14.025182,332.0,5379127.0,1118796.0
2025-06-18 14:38:15.024538,331.95,5379127.0,1118796.0
2025-06-18 14:38:15.244310,331.95,5393720.0,1118716.0
2025-06-18 14:38:16.025985,331.95,5393720.0,1118716.0
2025-06-18 14:38:16.348326,331.95,5394697.0,1118391.0
2025-06-18 14:38:17.027301,331.95,5394697.0,1118391.0
2025-06-18 14:38:17.436591,332.0,5408261.0,1119719.0
2025-06-18 14:38:18.025955,332.0,5408261.0,1119719.0
2025-06-18 14:38:18.537525,331.95,5381852.0,1120879.0
2025-06-18 14:38:19.024550,332.0,5381852.0,1120879.0
2025-06-18 14:38:19.436626,332.0,5405843.0,1117641.0
2025-06-18 14:38:20.046291,332.0,5405843.0,1117641.0
2025-06-18 14:38:20.440243,332.0,5405881.0,1118117.0
2025-06-18 14:38:21.024093,332.0,5405881.0,1118117.0
2025-06-18 14:38:21.542101,332.0,5401363.0,1120289.0
2025-06-18 14:38:22.024671,331.95,5401363.0,1120289.0
2025-06-18 14:38:22.646174,331.95,5421216.0,1117856.0
2025-06-18 14:38:23.742228,331.95,5424288.0,1118132.0
2025-06-18 14:38:24.746074,331.95,5415439.0,1119156.0
2025-06-18 14:38:25.026198,331.95,5415439.0,1119156.0
2025-06-18 14:38:25.856714,331.95,5424268.0,1120068.0
2025-06-18 14:38:26.026798,331.95,5424268.0,1120068.0
2025-06-18 14:38:27.005271,331.95,5423381.0,1120585.0
2025-06-18 14:38:27.020127,331.95,5423381.0,1120585.0
2025-06-18 14:38:28.022337,332.0,5423381.0,1120585.0
2025-06-18 14:38:28.044966,332.0,5424218.0,1120812.0
2025-06-18 14:38:29.043703,332.0,5424432.0,1120335.0
2025-06-18 14:38:30.001622,332.0,5424240.0,1120275.0
2025-06-18 14:38:30.078627,332.0,5424240.0,1120275.0
2025-06-18 14:38:31.063085,332.0,5421170.0,1119760.0
2025-06-18 14:38:32.041122,331.95,5421170.0,1119760.0
2025-06-18 14:38:32.062704,331.95,5421182.0,1119583.0
2025-06-18 14:38:33.034342,332.0,5421182.0,1119583.0
2025-06-18 14:38:33.163179,332.0,5420789.0,1119135.0
2025-06-18 14:38:34.039767,332.0,5420789.0,1119135.0
2025-06-18 14:38:34.167719,332.0,5420786.0,1118478.0
2025-06-18 14:38:35.149829,332.0,5090182.0,1119373.0
2025-06-18 14:38:36.028399,331.95,5090182.0,1119373.0
2025-06-18 14:38:36.250069,331.95,5075107.0,1121183.0
2025-06-18 14:38:37.054839,331.95,5075107.0,1121183.0
2025-06-18 14:38:37.250985,331.95,5075069.0,1121181.0
2025-06-18 14:38:38.032733,332.0,5075069.0,1121181.0
2025-06-18 14:38:38.251752,332.0,5074350.0,1119978.0
2025-06-18 14:38:39.054521,331.95,5074350.0,1119978.0
2025-06-18 14:38:39.353886,331.95,5074349.0,1125531.0
2025-06-18 14:38:40.027940,331.9,5074349.0,1125531.0
2025-06-18 14:38:40.361656,331.9,5074044.0,1125532.0
2025-06-18 14:38:41.042249,331.95,5074044.0,1125532.0
2025-06-18 14:38:41.551714,331.9,5073280.0,1123732.0
2025-06-18 14:38:42.022463,331.9,5073280.0,1123732.0
2025-06-18 14:38:42.652307,331.9,5066684.0,1125367.0
2025-06-18 14:38:43.659862,331.9,5078263.0,1125268.0
2025-06-18 14:38:44.757371,331.9,5078599.0,1124771.0
2025-06-18 14:38:45.028843,331.9,5078599.0,1124771.0
2025-06-18 14:38:45.758618,331.9,5062155.0,1125200.0
2025-06-18 14:38:46.028480,331.9,5062155.0,1125200.0
2025-06-18 14:38:46.655472,331.9,5077220.0,1125337.0
2025-06-18 14:38:47.020639,331.9,5077220.0,1125337.0
2025-06-18 14:38:47.759276,331.95,5070155.0,1125196.0
2025-06-18 14:38:48.028005,331.95,5070155.0,1125196.0
2025-06-18 14:38:48.856981,331.9,5070310.0,1126286.0
2025-06-18 14:38:49.060131,331.9,5070310.0,1126286.0
2025-06-18 14:38:49.861528,331.95,5071550.0,1123996.0
2025-06-18 14:38:50.032077,331.95,5071550.0,1123996.0
2025-06-18 14:38:50.965435,332.0,5001113.0,1124696.0
2025-06-18 14:38:51.026119,332.0,5001113.0,1124696.0
2025-06-18 14:38:52.025110,331.95,5001113.0,1124696.0
2025-06-18 14:38:52.464533,331.95,5005718.0,1124109.0
2025-06-18 14:38:53.027687,331.95,5005718.0,1124109.0
2025-06-18 14:38:53.564607,331.95,5004076.0,1122275.0
2025-06-18 14:38:54.027338,331.95,5004076.0,1122275.0
2025-06-18 14:38:54.663934,331.9,5016018.0,1122582.0
2025-06-18 14:38:55.026370,331.9,5016018.0,1122582.0
2025-06-18 14:38:55.679438,331.9,5016103.0,1124512.0
2025-06-18 14:38:56.044580,331.9,5016103.0,1124512.0
2025-06-18 14:38:56.590104,331.9,5018498.0,1125169.0
2025-06-18 14:38:57.077716,331.95,5018498.0,1125169.0
2025-06-18 14:38:57.687122,331.95,5018411.0,1124644.0
2025-06-18 14:38:58.038561,331.95,5018411.0,1124644.0
2025-06-18 14:38:58.779683,331.9,5018710.0,1124716.0
2025-06-18 14:38:59.041094,331.95,5018710.0,1124716.0
2025-06-18 14:38:59.678532,331.9,5018489.0,1124649.0
2025-06-18 14:39:00.025374,331.9,5018489.0,1124649.0
2025-06-18 14:39:00.768334,331.95,5018486.0,1124701.0
2025-06-18 14:39:01.866044,331.95,5018504.0,1124683.0
2025-06-18 14:39:02.027231,331.9,5018504.0,1124683.0
2025-06-18 14:39:02.869382,331.95,5018434.0,1124683.0
2025-06-18 14:39:03.028501,331.95,5018434.0,1124683.0
2025-06-18 14:39:03.968836,331.95,5017829.0,1125223.0
2025-06-18 14:39:04.871668,331.9,5016733.0,1121885.0
2025-06-18 14:39:05.033618,331.9,5016733.0,1121885.0
2025-06-18 14:39:05.969660,331.9,5015916.0,1122528.0
2025-06-18 14:39:06.034256,331.9,5015916.0,1122528.0
2025-06-18 14:39:07.024163,331.9,5015916.0,1122528.0
2025-06-18 14:39:07.069954,331.9,5016204.0,1124154.0
2025-06-18 14:39:08.070342,331.9,5017947.0,1124283.0
2025-06-18 14:39:09.034755,331.9,5017947.0,1124283.0
2025-06-18 14:39:09.182265,331.9,5015204.0,1124263.0
2025-06-18 14:39:10.032802,331.9,5015204.0,1124263.0
2025-06-18 14:39:10.274413,331.9,4999790.0,1125045.0
2025-06-18 14:39:11.374687,331.9,5014363.0,1124901.0
2025-06-18 14:39:12.027409,331.9,5014363.0,1124901.0
2025-06-18 14:39:12.474302,331.9,5000199.0,1473467.0
2025-06-18 14:39:13.060195,331.85,5000199.0,1473467.0
2025-06-18 14:39:13.475685,331.9,5009775.0,1133434.0
2025-06-18 14:39:14.028793,331.9,5009775.0,1133434.0
2025-06-18 14:39:14.475115,331.95,5008700.0,1135129.0
2025-06-18 14:39:15.033386,331.95,5008700.0,1135129.0
2025-06-18 14:39:15.477681,331.95,5008715.0,1135250.0
2025-06-18 14:39:16.036441,331.95,5008715.0,1135250.0
2025-06-18 14:39:16.476438,332.0,4994807.0,1135300.0
2025-06-18 14:39:17.052382,331.95,4994807.0,1135300.0
2025-06-18 14:39:17.378095,331.95,5008112.0,1121893.0
2025-06-18 14:39:18.477791,331.9,4989446.0,1121326.0
2025-06-18 14:39:19.028352,331.9,4989446.0,1121326.0
2025-06-18 14:39:19.496545,331.9,5008202.0,1121380.0
2025-06-18 14:39:20.496962,331.9,5006775.0,1128782.0
2025-06-18 14:39:21.068013,331.9,5006775.0,1128782.0
2025-06-18 14:39:21.495653,331.95,5023045.0,1129143.0
2025-06-18 14:39:22.054552,331.9,5023045.0,1129143.0
2025-06-18 14:39:22.496147,331.9,5017647.0,1129138.0
2025-06-18 14:39:23.504291,331.8,5014261.0,1131072.0
2025-06-18 14:39:24.050814,331.95,5014261.0,1131072.0
2025-06-18 14:39:24.482831,331.8,5015633.0,1130417.0
2025-06-18 14:39:25.034150,331.8,5015633.0,1130417.0
2025-06-18 14:39:25.482142,331.95,5011868.0,1128525.0
2025-06-18 14:39:26.041618,331.85,5011868.0,1128525.0
2025-06-18 14:39:26.582912,331.95,5035414.0,1130694.0
2025-06-18 14:39:27.026719,331.95,5035414.0,1130694.0
2025-06-18 14:39:27.584294,331.95,5035128.0,1130328.0
2025-06-18 14:39:28.033871,331.95,5035128.0,1130328.0
2025-06-18 14:39:28.584796,331.85,5034989.0,1130303.0
2025-06-18 14:39:29.041713,331.85,5034989.0,1130303.0
2025-06-18 14:39:29.583745,331.85,5035715.0,1130650.0
2025-06-18 14:39:30.037829,331.85,5035715.0,1130650.0
2025-06-18 14:39:30.491860,331.85,5050557.0,1130643.0
2025-06-18 14:39:31.066482,331.95,5050557.0,1130643.0
2025-06-18 14:39:31.687468,331.95,5050554.0,1130814.0
2025-06-18 14:39:32.027489,331.85,5050554.0,1130814.0
2025-06-18 14:39:32.687448,331.85,5062186.0,1130815.0
2025-06-18 14:39:33.031362,331.85,5062186.0,1130815.0
2025-06-18 14:39:33.691839,331.95,5062215.0,1130809.0
2025-06-18 14:39:34.037418,331.85,5062215.0,1130809.0
2025-06-18 14:39:34.795064,331.95,5062476.0,1129821.0
2025-06-18 14:39:35.035088,331.95,5062476.0,1129821.0
2025-06-18 14:39:35.893404,331.85,5063406.0,1129865.0
2025-06-18 14:39:36.036894,331.85,5063406.0,1129865.0
2025-06-18 14:39:36.893013,331.85,5078412.0,1129865.0
2025-06-18 14:39:37.037805,331.85,5078412.0,1129865.0
2025-06-18 14:39:37.892862,331.85,5082815.0,1130745.0
2025-06-18 14:39:38.893599,331.9,5082472.0,1130508.0
2025-06-18 14:39:39.036170,331.9,5082472.0,1130508.0
2025-06-18 14:39:39.896115,331.85,5100799.0,1130289.0
2025-06-18 14:39:40.037665,331.85,5100799.0,1130289.0
2025-06-18 14:39:40.898765,331.9,5100799.0,1130287.0
2025-06-18 14:39:41.037183,331.9,5100799.0,1130287.0
2025-06-18 14:39:41.798212,331.85,5101034.0,1130300.0
2025-06-18 14:39:42.033341,331.85,5101034.0,1130300.0
2025-06-18 14:39:42.895560,331.85,5116797.0,1130297.0
2025-06-18 14:39:43.896897,331.85,5116923.0,1128578.0
2025-06-18 14:39:44.844656,331.85,5116672.0,1128407.0
2025-06-18 14:39:45.063927,331.85,5116672.0,1128407.0
2025-06-18 14:39:45.820018,331.85,5116732.0,1128601.0
2025-06-18 14:39:46.047216,331.85,5116732.0,1128601.0
2025-06-18 14:39:46.916175,331.85,5116736.0,1128605.0
2025-06-18 14:39:47.044917,331.85,5116736.0,1128605.0
2025-06-18 14:39:47.819909,331.9,5116938.0,1128534.0
2025-06-18 14:39:48.047443,331.9,5116938.0,1128534.0
2025-06-18 14:39:48.819260,331.85,5116550.0,1128444.0
2025-06-18 14:39:49.058942,331.9,5116550.0,1128444.0
2025-06-18 14:39:49.720432,331.9,5116346.0,1128527.0
2025-06-18 14:39:50.034701,331.9,5116346.0,1128527.0
2025-06-18 14:39:50.805526,331.9,5116566.0,1128532.0
2025-06-18 14:39:51.908934,331.9,5112632.0,1129616.0
2025-06-18 14:39:52.035582,331.85,5112632.0,1129616.0
2025-06-18 14:39:53.007721,331.85,5112382.0,1129910.0
2025-06-18 14:39:53.035385,331.85,5112382.0,1129910.0
2025-06-18 14:39:54.108493,331.85,5113229.0,1129978.0
2025-06-18 14:39:55.042023,331.85,5113229.0,1129978.0
2025-06-18 14:39:55.109576,331.85,5112918.0,1130268.0
2025-06-18 14:39:56.037100,331.9,5112918.0,1130268.0
2025-06-18 14:39:56.211492,331.9,5111964.0,1130094.0
2025-06-18 14:39:57.030800,331.9,5111964.0,1130094.0
2025-06-18 14:39:57.304241,331.9,5111370.0,1131627.0
2025-06-18 14:39:58.035792,331.9,5111370.0,1131627.0
2025-06-18 14:39:58.405515,331.85,5111183.0,1130655.0
2025-06-18 14:39:59.035944,331.8,5111183.0,1130655.0
2025-06-18 14:39:59.508542,331.75,5106037.0,1139684.0
2025-06-18 14:40:00.038035,331.75,5106037.0,1139684.0
2025-06-18 14:40:00.412273,331.85,5107064.0,1138073.0
2025-06-18 14:40:01.713286,331.85,5107332.0,1138074.0
2025-06-18 14:40:02.036002,331.75,5107332.0,1138074.0
2025-06-18 14:40:02.710771,331.75,5107298.0,1138345.0
2025-06-18 14:40:03.714602,331.75,5104187.0,1138436.0
2025-06-18 14:40:04.038440,331.75,5104187.0,1138436.0
2025-06-18 14:40:04.714754,331.75,5104185.0,1138164.0
2025-06-18 14:40:05.818986,331.85,5103969.0,1138163.0
2025-06-18 14:40:06.033749,331.85,5103969.0,1138163.0
2025-06-18 14:40:06.819147,331.8,5103982.0,1138147.0
2025-06-18 14:40:07.026326,331.8,5103982.0,1138147.0
2025-06-18 14:40:07.715211,331.8,5092765.0,1138551.0
2025-06-18 14:40:08.032331,331.8,5092765.0,1138551.0
2025-06-18 14:40:08.824273,331.8,5106811.0,1138551.0
2025-06-18 14:40:09.962432,331.8,5105025.0,1139256.0
2025-06-18 14:40:10.043666,331.8,5105025.0,1139256.0
2025-06-18 14:40:11.034817,331.8,5105358.0,1138985.0
2025-06-18 14:40:12.033656,331.75,5104621.0,1139388.0
2025-06-18 14:40:12.044208,331.75,5104621.0,1139388.0
2025-06-18 14:40:12.967479,331.75,5104391.0,1139274.0
2025-06-18 14:40:13.843559,331.75,5107591.0,1138934.0
2025-06-18 14:40:14.843809,331.75,5107146.0,1138727.0
2025-06-18 14:40:15.047827,331.75,5107146.0,1138727.0
2025-06-18 14:40:15.829208,331.8,5100891.0,1142508.0
2025-06-18 14:40:16.030911,331.8,5100891.0,1142508.0
2025-06-18 14:40:16.923685,331.8,5099861.0,1140780.0
2025-06-18 14:40:17.026789,331.75,5099861.0,1140780.0
2025-06-18 14:40:17.926376,331.8,5099892.0,1140773.0
2025-06-18 14:40:18.031728,331.8,5099892.0,1140773.0
2025-06-18 14:40:18.922299,331.75,5098713.0,1141659.0
2025-06-18 14:40:19.039098,331.75,5098713.0,1141659.0
2025-06-18 14:40:19.921949,331.8,5099289.0,1141588.0
2025-06-18 14:40:20.030185,331.8,5099289.0,1141588.0
2025-06-18 14:40:20.922792,331.75,5098020.0,1144667.0
2025-06-18 14:40:21.013136,331.75,5098020.0,1144667.0
2025-06-18 14:40:21.037460,331.75,5098020.0,1144667.0
2025-06-18 14:40:22.022823,331.7,5098290.0,1144093.0
2025-06-18 14:40:22.028621,331.7,5098290.0,1144093.0
2025-06-18 14:40:22.181949,331.7,5098290.0,1144093.0
2025-06-18 14:40:23.034482,331.75,5098290.0,1144093.0
2025-06-18 14:40:23.126521,331.75,5097667.0,1144686.0
2025-06-18 14:40:23.198073,331.75,5097667.0,1144686.0
2025-06-18 14:40:24.031640,331.75,5097667.0,1144686.0
2025-06-18 14:40:24.034379,331.75,5097948.0,1144661.0
2025-06-18 14:40:24.382328,331.75,5097948.0,1144661.0
2025-06-18 14:40:24.926674,331.65,5099280.0,1145307.0
2025-06-18 14:40:25.033572,331.65,5099280.0,1145307.0
2025-06-18 14:40:25.218731,331.65,5099280.0,1145307.0
2025-06-18 14:40:26.028393,331.65,5098691.0,1151819.0
2025-06-18 14:40:26.040086,331.65,5098691.0,1151819.0
2025-06-18 14:40:26.156547,331.65,5098691.0,1151819.0
2025-06-18 14:40:27.035644,331.75,5098691.0,1151819.0
2025-06-18 14:40:27.129556,331.75,5099304.0,1152091.0
2025-06-18 14:40:27.431995,331.75,5099304.0,1152091.0
2025-06-18 14:40:28.019013,331.75,5099304.0,1152091.0
2025-06-18 14:40:28.062589,331.75,5099304.0,1152091.0
2025-06-18 14:40:28.230628,331.75,5099222.0,1150157.0
2025-06-18 14:40:28.518417,331.75,5099222.0,1150157.0
2025-06-18 14:40:29.135586,331.75,5097855.0,1150221.0
2025-06-18 14:40:29.378219,331.75,5097855.0,1150221.0
2025-06-18 14:40:30.031844,331.6,5097855.0,1150221.0
2025-06-18 14:40:30.230139,331.6,5097622.0,1150187.0
2025-06-18 14:40:30.244084,331.6,5097622.0,1150187.0
2025-06-18 14:40:31.028211,331.75,5097622.0,1150187.0
2025-06-18 14:40:31.339295,331.75,5094561.0,1150331.0
2025-06-18 14:40:31.516902,331.75,5094561.0,1150331.0
2025-06-18 14:40:32.042703,331.7,5094561.0,1150331.0
2025-06-18 14:40:32.423078,331.7,5094561.0,1150331.0
2025-06-18 14:40:32.460316,331.75,5095430.0,1149192.0
2025-06-18 14:40:33.033005,331.75,5095430.0,1149192.0
2025-06-18 14:40:33.429157,331.75,5094250.0,1148731.0
2025-06-18 14:40:33.905369,331.75,5094250.0,1148731.0
2025-06-18 14:40:34.038684,331.75,5094250.0,1148731.0
2025-06-18 14:40:34.342509,331.75,5094480.0,1148985.0
2025-06-18 14:40:35.083652,331.75,5094480.0,1148985.0
2025-06-18 14:40:35.097606,331.75,5094480.0,1148985.0
2025-06-18 14:40:35.443564,331.75,5095460.0,1158293.0
2025-06-18 14:40:36.045919,331.7,5095460.0,1158293.0
2025-06-18 14:40:36.232402,331.7,5095460.0,1158293.0
2025-06-18 14:40:36.491217,331.7,5089248.0,1157633.0
2025-06-18 14:40:37.042655,331.7,5089248.0,1157633.0
2025-06-18 14:40:37.445384,331.7,5090035.0,1157591.0
2025-06-18 14:40:37.847330,331.7,5090035.0,1157591.0
2025-06-18 14:40:38.446080,331.7,5090720.0,1158750.0
2025-06-18 14:40:39.045375,331.75,5090720.0,1158750.0
2025-06-18 14:40:39.541659,331.75,5090337.0,1157640.0
2025-06-18 14:40:40.050740,331.75,5090337.0,1157640.0
2025-06-18 14:40:40.534069,331.75,5090347.0,1157094.0
2025-06-18 14:40:41.636711,331.65,5094396.0,1159247.0
2025-06-18 14:40:42.039629,331.65,5094396.0,1159247.0
2025-06-18 14:40:42.735070,331.75,5114179.0,1149810.0
2025-06-18 14:40:43.031385,331.75,5114179.0,1149810.0
2025-06-18 14:40:43.838215,331.75,5114179.0,1151609.0
2025-06-18 14:40:44.030435,331.75,5114179.0,1151609.0
2025-06-18 14:40:44.844652,331.75,5112762.0,1150331.0
2025-06-18 14:40:45.031087,331.75,5112762.0,1150331.0
2025-06-18 14:40:45.935809,331.75,5112108.0,1150401.0
2025-06-18 14:40:46.035734,331.75,5112108.0,1150401.0
2025-06-18 14:40:47.030794,331.75,5112108.0,1150401.0
2025-06-18 14:40:47.038236,331.75,5110680.0,1152302.0
2025-06-18 14:40:48.031745,331.8,5110680.0,1152302.0
2025-06-18 14:40:48.040050,331.8,5111294.0,1147018.0
2025-06-18 14:40:49.031231,331.8,5111294.0,1147018.0
2025-06-18 14:40:49.139215,331.8,5106088.0,1151562.0
2025-06-18 14:40:50.032054,331.75,5106088.0,1151562.0
2025-06-18 14:40:50.182326,331.75,5106068.0,1152202.0
2025-06-18 14:40:51.029120,331.75,5106068.0,1152202.0
2025-06-18 14:40:51.142929,331.75,5104219.0,1153064.0
2025-06-18 14:40:52.037686,331.65,5104219.0,1153064.0
2025-06-18 14:40:52.140955,331.6,5103936.0,1153678.0
2025-06-18 14:40:53.035889,331.6,5103936.0,1153678.0
2025-06-18 14:40:53.236634,331.6,5106000.0,1153678.0
2025-06-18 14:40:54.354821,331.6,5107861.0,1152503.0
2025-06-18 14:40:55.039609,331.6,5107861.0,1152503.0
2025-06-18 14:40:55.348736,331.6,5114743.0,1152568.0
2025-06-18 14:40:56.034720,331.75,5114743.0,1152568.0
2025-06-18 14:40:56.437501,331.8,5116024.0,1153095.0
2025-06-18 14:40:57.035695,331.65,5116024.0,1153095.0
2025-06-18 14:40:57.437136,331.75,5115506.0,1152892.0
2025-06-18 14:40:58.036064,331.75,5115506.0,1152892.0
2025-06-18 14:40:58.538087,331.75,5116523.0,1152943.0
2025-06-18 14:40:59.579868,331.65,5116417.0,1152884.0
2025-06-18 14:41:00.046852,331.65,5116417.0,1152884.0
2025-06-18 14:41:00.456637,331.65,5116620.0,1153889.0
2025-06-18 14:41:02.061003,331.65,5116620.0,1153889.0
2025-06-18 14:41:02.664875,331.7,5116546.0,1152961.0
2025-06-18 14:41:04.060643,331.7,5116546.0,1152961.0
2025-06-18 14:41:07.038369,331.7,5116546.0,1152961.0
2025-06-18 14:41:08.354298,331.7,5125671.0,1151454.0
2025-06-18 14:41:11.038573,331.8,5125671.0,1151454.0
2025-06-18 14:41:12.035276,331.8,5125671.0,1151454.0
2025-06-18 14:41:13.858063,331.8,5102433.0,1149353.0
2025-06-18 14:41:16.043439,331.7,5102433.0,1149353.0
2025-06-18 14:41:18.037245,331.85,5102433.0,1149353.0
2025-06-18 14:41:18.952029,331.85,5130603.0,1149862.0
2025-06-18 14:41:20.041407,331.85,5130603.0,1149862.0
2025-06-18 14:41:22.039781,331.7,5130603.0,1149862.0
2025-06-18 14:41:24.047439,331.8,5130603.0,1149862.0
2025-06-18 14:41:24.458660,331.7,5132092.0,1147787.0
2025-06-18 14:41:26.063684,331.7,5132092.0,1147787.0
2025-06-18 14:41:28.060925,331.9,5132092.0,1147787.0
2025-06-18 14:41:29.695674,331.85,5150039.0,1117362.0
2025-06-18 14:41:30.059804,331.95,5150039.0,1117362.0
2025-06-18 14:41:32.044527,331.95,5150039.0,1117362.0
2025-06-18 14:41:34.042162,332.15,5150039.0,1117362.0
2025-06-18 14:41:34.966446,332.05,5165734.0,1103120.0
2025-06-18 14:41:37.037015,332.05,5165734.0,1103120.0
2025-06-18 14:41:40.047515,332.1,5165734.0,1103120.0
2025-06-18 14:41:40.166437,332.1,5154104.0,1105589.0
2025-06-18 14:41:42.041403,332.05,5154104.0,1105589.0
2025-06-18 14:41:44.045576,332.15,5154104.0,1105589.0
2025-06-18 14:41:45.471884,332.1,5161080.0,1103641.0
2025-06-18 14:41:46.047980,332.15,5161080.0,1103641.0
2025-06-18 14:41:48.045150,332.05,5161080.0,1103641.0
2025-06-18 14:41:50.101570,332.15,5161080.0,1103641.0
2025-06-18 14:41:50.589962,332.15,5158916.0,1105538.0
2025-06-18 14:41:52.063971,332.1,5158916.0,1105538.0
2025-06-18 14:41:54.062829,332.15,5158916.0,1105538.0
2025-06-18 14:41:55.379026,332.15,5159252.0,1106223.0
2025-06-18 14:41:56.052057,332.05,5159252.0,1106223.0
2025-06-18 14:41:58.048389,332.05,5159252.0,1106223.0
2025-06-18 14:42:00.049937,332.05,5159252.0,1106223.0
2025-06-18 14:42:00.684762,332.1,5160780.0,1106087.0
2025-06-18 14:42:02.037441,332.1,5160780.0,1106087.0
2025-06-18 14:42:02.082917,332.1,5160593.0,1106093.0
2025-06-18 14:42:02.985544,332.1,5161319.0,1106690.0
2025-06-18 14:42:03.040367,332.1,5161319.0,1106690.0
2025-06-18 14:42:03.985002,332.1,5164548.0,1108324.0
2025-06-18 14:42:05.038551,332.1,5164548.0,1108324.0
2025-06-18 14:42:05.083880,332.1,5153007.0,1105062.0
2025-06-18 14:42:06.044377,332.15,5153007.0,1105062.0
2025-06-18 14:42:06.587693,332.15,5165668.0,1105550.0
2025-06-18 14:42:07.082718,332.05,5165668.0,1105550.0
2025-06-18 14:42:07.695342,332.05,5140848.0,1106433.0
2025-06-18 14:42:08.692805,332.05,5164942.0,1107684.0
2025-06-18 14:42:09.593653,332.0,5166395.0,1107771.0
2025-06-18 14:42:10.046780,332.0,5166395.0,1107771.0
2025-06-18 14:42:10.588793,332.0,5166597.0,1107295.0
2025-06-18 14:42:11.691312,332.0,5165862.0,1107146.0
2025-06-18 14:42:12.042395,332.05,5165862.0,1107146.0
2025-06-18 14:42:12.789165,332.05,5165855.0,1106727.0
2025-06-18 14:42:13.890960,332.15,5165888.0,1106259.0
2025-06-18 14:42:14.042410,332.15,5165888.0,1106259.0
2025-06-18 14:42:14.790470,332.0,5165379.0,1106521.0
2025-06-18 14:42:15.097351,332.0,5165379.0,1106521.0
2025-06-18 14:42:15.809104,332.0,5165340.0,1107140.0
2025-06-18 14:42:16.053223,332.0,5165340.0,1107140.0
2025-06-18 14:42:16.811599,332.0,5165661.0,1107800.0
2025-06-18 14:42:17.053210,332.0,5165661.0,1107800.0
2025-06-18 14:42:17.908613,332.1,5165792.0,1107676.0
2025-06-18 14:42:18.056724,332.1,5165792.0,1107676.0
2025-06-18 14:42:18.909872,332.0,5167205.0,1108290.0
2025-06-18 14:42:19.051252,332.0,5167205.0,1108290.0
2025-06-18 14:42:20.006995,332.05,5167460.0,1109073.0
2025-06-18 14:42:20.072285,332.05,5167460.0,1109073.0
2025-06-18 14:42:20.995329,332.05,5167694.0,1108734.0
2025-06-18 14:42:21.040545,332.05,5167694.0,1108734.0
2025-06-18 14:42:22.041022,332.0,5167694.0,1108734.0
2025-06-18 14:42:22.096217,332.0,5167366.0,1108808.0
2025-06-18 14:42:23.196670,332.1,5167996.0,1108168.0
2025-06-18 14:42:24.047225,332.1,5167996.0,1108168.0
2025-06-18 14:42:24.195815,332.1,5165149.0,1106178.0
2025-06-18 14:42:25.042678,331.95,5165149.0,1106178.0
2025-06-18 14:42:25.196803,331.95,5165576.0,1106729.0
2025-06-18 14:42:26.043217,331.95,5165576.0,1106729.0
2025-06-18 14:42:26.197966,331.95,5165220.0,1108775.0
2025-06-18 14:42:27.042464,332.1,5165220.0,1108775.0
2025-06-18 14:42:27.198440,332.1,5165154.0,1108675.0
2025-06-18 14:42:28.043799,332.1,5165154.0,1108675.0
2025-06-18 14:42:28.199823,332.1,5168962.0,1106967.0
2025-06-18 14:42:29.099760,332.1,5168962.0,1106504.0
2025-06-18 14:42:30.042787,331.95,5168962.0,1106504.0
2025-06-18 14:42:30.101576,331.95,5168580.0,1108369.0
2025-06-18 14:42:31.042354,331.95,5168580.0,1108369.0
2025-06-18 14:42:31.203715,331.95,5168393.0,1108335.0
2025-06-18 14:42:32.039975,331.95,5168393.0,1108335.0
2025-06-18 14:42:32.401465,332.1,5168182.0,1107770.0
2025-06-18 14:42:33.053404,332.1,5168182.0,1107770.0
2025-06-18 14:42:33.501665,332.1,5168725.0,1107344.0
2025-06-18 14:42:34.045397,332.1,5168725.0,1107344.0
2025-06-18 14:42:34.504685,332.1,5168527.0,1107430.0
2025-06-18 14:42:35.504684,332.1,5168531.0,1107491.0
2025-06-18 14:42:36.045370,332.1,5168531.0,1107491.0
2025-06-18 14:42:36.505712,332.1,5167775.0,1107010.0
2025-06-18 14:42:37.044458,331.95,5167775.0,1107010.0
2025-06-18 14:42:37.506643,331.95,5167841.0,1107482.0
2025-06-18 14:42:38.042257,331.95,5167841.0,1107482.0
2025-06-18 14:42:38.506720,331.95,5167987.0,1107591.0
2025-06-18 14:42:39.041236,331.95,5167987.0,1107591.0
2025-06-18 14:42:39.508473,331.95,5167383.0,1108326.0
2025-06-18 14:42:40.103316,331.95,5167383.0,1108326.0
2025-06-18 14:42:40.560098,331.95,5168384.0,1108394.0
2025-06-18 14:42:41.539832,331.95,5167924.0,1108325.0
2025-06-18 14:42:42.058303,331.95,5167924.0,1108325.0
2025-06-18 14:42:42.528227,331.95,5168747.0,1107775.0
2025-06-18 14:42:43.531372,331.95,5167417.0,1108053.0
2025-06-18 14:42:44.109518,331.95,5167417.0,1108053.0
2025-06-18 14:42:44.431751,332.0,5170635.0,1104933.0
2025-06-18 14:42:45.090584,332.0,5170635.0,1104933.0
2025-06-18 14:42:45.428403,331.95,5173452.0,1105479.0
2025-06-18 14:42:46.042747,331.95,5173452.0,1105479.0
2025-06-18 14:42:46.415204,331.95,5173074.0,1106123.0
2025-06-18 14:42:47.041349,331.95,5173074.0,1106123.0
2025-06-18 14:42:47.417868,332.0,5173556.0,1105707.0
2025-06-18 14:42:48.041018,332.0,5173556.0,1105707.0
2025-06-18 14:42:48.418905,331.95,5173345.0,1105041.0
2025-06-18 14:42:49.045853,331.95,5173345.0,1105041.0
2025-06-18 14:42:49.320997,331.95,5172890.0,1106852.0
2025-06-18 14:42:50.321817,331.95,5173090.0,1107326.0
2025-06-18 14:42:51.321239,331.95,5163121.0,1107161.0
2025-06-18 14:42:52.041431,331.95,5163121.0,1107161.0
2025-06-18 14:42:54.152758,331.95,5163075.0,1107155.0
2025-06-18 14:42:54.230430,331.95,5163075.0,1107155.0
2025-06-18 14:42:54.264105,331.95,5161939.0,1106107.0
2025-06-18 14:42:54.309600,331.95,5161989.0,1105195.0
2025-06-18 14:42:55.043389,331.95,5161989.0,1105195.0
2025-06-18 14:42:55.224207,331.95,5163559.0,1105574.0
2025-06-18 14:42:56.045651,332.0,5163559.0,1105574.0
2025-06-18 14:42:56.224053,331.95,5166505.0,1105626.0
2025-06-18 14:42:57.041805,332.0,5166505.0,1105626.0
2025-06-18 14:42:57.226192,332.0,5166725.0,1105611.0
2025-06-18 14:42:58.041362,332.0,5166725.0,1105611.0
2025-06-18 14:42:58.227598,332.0,5166927.0,1105611.0
2025-06-18 14:42:59.042362,331.95,5166927.0,1105611.0
2025-06-18 14:42:59.227013,331.95,5173675.0,1105679.0
2025-06-18 14:43:00.043000,331.95,5173675.0,1105679.0
2025-06-18 14:43:00.130261,331.95,5173211.0,1105791.0
2025-06-18 14:43:01.932752,331.9,5166964.0,1106021.0
2025-06-18 14:43:02.047522,331.9,5166964.0,1106021.0
2025-06-18 14:43:03.032121,332.0,5163875.0,1106706.0
2025-06-18 14:43:03.048597,332.0,5163875.0,1106706.0
2025-06-18 14:43:04.135586,332.0,5164658.0,1106705.0
2025-06-18 14:43:05.171934,332.0,5165881.0,1105193.0
2025-06-18 14:43:06.070701,331.95,5165881.0,1105193.0
2025-06-18 14:43:06.152396,331.95,5159863.0,1105220.0
2025-06-18 14:43:07.062272,331.95,5159863.0,1105220.0
2025-06-18 14:43:07.152339,331.95,5162674.0,1107440.0
2025-06-18 14:43:08.061824,332.0,5162674.0,1107440.0
2025-06-18 14:43:08.154006,332.0,5170702.0,1105809.0
2025-06-18 14:43:09.153314,332.0,5171795.0,1107751.0
2025-06-18 14:43:10.064251,332.0,5171795.0,1107751.0
2025-06-18 14:43:10.154825,332.0,5170836.0,1107248.0
2025-06-18 14:43:11.141968,331.95,5169707.0,1106739.0
2025-06-18 14:43:12.050149,331.95,5169707.0,1106739.0
2025-06-18 14:43:12.236230,331.95,5171006.0,1106704.0
2025-06-18 14:43:13.237499,331.95,5170988.0,1106621.0
2025-06-18 14:43:14.052923,331.95,5170988.0,1106621.0
2025-06-18 14:43:14.239595,331.95,5170824.0,1106529.0
2025-06-18 14:43:15.046103,331.95,5170824.0,1106529.0
2025-06-18 14:43:15.243496,331.95,5170382.0,1106781.0
2025-06-18 14:43:16.053580,331.95,5170382.0,1106781.0
2025-06-18 14:43:16.848766,331.95,5171030.0,1106899.0
2025-06-18 14:43:17.047848,331.95,5171030.0,1106899.0
2025-06-18 14:43:17.940575,332.0,5170954.0,1106903.0
2025-06-18 14:43:18.087722,332.0,5170954.0,1106903.0
2025-06-18 14:43:18.945709,331.95,5170498.0,1106858.0
2025-06-18 14:43:19.048635,331.95,5170498.0,1106858.0
2025-06-18 14:43:20.051209,331.95,5170498.0,1106858.0
2025-06-18 14:43:20.146900,331.95,5170170.0,1106954.0
2025-06-18 14:43:21.064449,331.95,5171019.0,1106641.0
2025-06-18 14:43:21.408198,331.95,5171019.0,1106641.0
2025-06-18 14:43:22.045517,331.95,5171019.0,1106641.0
2025-06-18 14:43:22.146867,331.95,5170835.0,1106970.0
2025-06-18 14:43:22.558667,331.95,5170835.0,1106970.0
2025-06-18 14:43:23.374091,332.0,5170835.0,1106970.0
2025-06-18 14:43:23.569758,332.0,5170835.0,1106970.0
2025-06-18 14:43:23.856421,331.95,5169459.0,1108330.0
2025-06-18 14:43:24.052385,331.95,5169459.0,1108330.0
2025-06-18 14:43:24.597486,331.95,5169459.0,1108330.0
2025-06-18 14:43:24.858684,331.95,5169452.0,1107990.0
2025-06-18 14:43:25.059850,331.95,5169452.0,1107990.0
2025-06-18 14:43:25.579198,331.95,5169452.0,1107990.0
2025-06-18 14:43:25.948033,331.95,5169624.0,1107964.0
2025-06-18 14:43:26.053492,331.95,5169624.0,1107964.0
2025-06-18 14:43:26.502938,331.95,5169624.0,1107964.0
2025-06-18 14:43:26.948285,331.95,5169120.0,1108262.0
2025-06-18 14:43:27.045607,332.0,5169120.0,1108262.0
2025-06-18 14:43:27.741895,332.0,5169120.0,1108262.0
2025-06-18 14:43:27.949745,331.95,5168743.0,1108787.0
2025-06-18 14:43:28.058051,331.95,5168743.0,1108787.0
2025-06-18 14:43:28.336643,331.95,5168743.0,1108787.0
2025-06-18 14:43:28.949754,332.0,5168744.0,1108772.0
2025-06-18 14:43:29.049873,332.0,5168744.0,1108772.0
2025-06-18 14:43:29.260308,332.0,5168744.0,1108772.0
2025-06-18 14:43:30.066768,331.95,5168744.0,1108772.0
2025-06-18 14:43:30.072953,331.95,5164809.0,1107642.0
2025-06-18 14:43:30.566291,331.95,5164809.0,1107642.0
2025-06-18 14:43:31.064363,331.95,5164809.0,1107642.0
2025-06-18 14:43:31.072034,331.95,5165332.0,1107577.0
2025-06-18 14:43:31.828712,331.95,5165332.0,1107577.0
2025-06-18 14:43:31.967428,332.0,5165318.0,1107649.0
2025-06-18 14:43:32.061364,331.95,5165318.0,1107649.0
2025-06-18 14:43:32.753303,331.95,5165318.0,1107649.0
2025-06-18 14:43:32.971417,331.95,5164654.0,1107485.0
2025-06-18 14:43:33.068345,331.95,5164654.0,1107485.0
2025-06-18 14:43:33.953872,332.0,5164627.0,1108128.0
2025-06-18 14:43:34.051994,332.0,5164627.0,1108128.0
2025-06-18 14:43:34.145240,332.0,5164627.0,1108128.0
2025-06-18 14:43:34.951811,331.95,5162816.0,1106859.0
2025-06-18 14:43:35.051778,331.95,5162816.0,1106859.0
2025-06-18 14:43:35.290978,331.95,5162816.0,1106859.0
2025-06-18 14:43:36.076341,331.9,5162816.0,1106859.0
2025-06-18 14:43:36.082760,331.9,5165526.0,1106800.0
2025-06-18 14:43:36.462709,331.9,5165526.0,1106800.0
2025-06-18 14:43:37.047559,331.9,5165526.0,1106800.0
2025-06-18 14:43:37.053166,331.9,5165419.0,1107408.0
2025-06-18 14:43:37.971082,331.9,5165419.0,1107408.0
2025-06-18 14:43:38.060372,331.95,5165419.0,1107408.0
2025-06-18 14:43:38.151276,331.95,5167251.0,1108173.0
2025-06-18 14:43:39.050790,331.9,5167251.0,1108173.0
2025-06-18 14:43:39.153912,331.9,5166899.0,1108404.0
2025-06-18 14:43:40.054709,331.9,5166899.0,1108404.0
2025-06-18 14:43:40.169254,331.9,5168436.0,1108030.0
2025-06-18 14:43:41.051132,331.95,5168436.0,1108030.0
2025-06-18 14:43:41.154673,331.9,5169231.0,1108112.0
2025-06-18 14:43:42.056012,331.9,5169231.0,1108112.0
2025-06-18 14:43:42.061727,331.9,5169008.0,1107747.0
2025-06-18 14:43:43.048454,331.95,5169008.0,1107747.0
2025-06-18 14:43:43.056289,331.95,5169721.0,1107439.0
2025-06-18 14:43:44.058466,331.95,5169721.0,1107439.0
2025-06-18 14:43:44.065651,331.95,5168700.0,1107814.0
2025-06-18 14:43:45.054504,331.95,5168700.0,1107814.0
2025-06-18 14:43:45.060991,331.95,5168558.0,1108187.0
2025-06-18 14:43:46.054344,331.95,5168558.0,1108187.0
2025-06-18 14:43:46.063257,331.95,5168250.0,1107952.0
2025-06-18 14:43:47.055281,331.95,5168250.0,1107952.0
2025-06-18 14:43:47.067404,331.95,5168256.0,1107994.0
2025-06-18 14:43:48.077909,331.95,5168256.0,1107994.0
2025-06-18 14:43:48.088290,331.95,5168214.0,1107409.0
2025-06-18 14:43:49.050731,331.95,5168214.0,1107409.0
2025-06-18 14:43:49.058459,331.95,5173777.0,1107291.0
2025-06-18 14:43:50.049102,332.0,5173777.0,1107291.0
2025-06-18 14:43:50.058762,332.0,5174489.0,1107432.0
2025-06-18 14:43:51.048009,331.95,5174489.0,1107432.0
2025-06-18 14:43:51.060012,331.95,5174297.0,1107432.0
2025-06-18 14:43:52.055761,331.95,5174297.0,1107432.0
2025-06-18 14:43:52.062600,331.9,5173945.0,1107516.0
2025-06-18 14:43:52.961461,331.9,5170219.0,1108346.0
2025-06-18 14:43:53.050494,331.9,5170219.0,1108346.0
2025-06-18 14:43:53.966098,331.95,5168093.0,1107558.0
2025-06-18 14:43:54.050242,331.95,5168093.0,1107558.0
2025-06-18 14:43:54.964603,331.9,5172244.0,1108409.0
2025-06-18 14:43:55.051511,331.9,5172244.0,1108409.0
2025-06-18 14:43:55.965177,331.9,5171634.0,1108101.0
2025-06-18 14:43:56.052763,331.9,5171634.0,1108101.0
2025-06-18 14:43:56.966132,331.9,5170899.0,1108166.0
2025-06-18 14:43:57.048169,332.0,5170899.0,1108166.0
2025-06-18 14:43:57.911316,331.9,5170712.0,1108860.0
2025-06-18 14:43:58.052740,331.9,5170712.0,1108860.0
2025-06-18 14:43:58.889392,331.9,5169387.0,1107215.0
2025-06-18 14:43:59.968286,331.9,5172364.0,1108898.0
2025-06-18 14:44:00.052127,331.9,5172364.0,1108898.0
2025-06-18 14:44:03.075173,331.95,5172364.0,1108898.0
2025-06-18 14:44:04.052460,331.9,5172364.0,1108898.0
2025-06-18 14:44:05.573052,331.9,5171008.0,1109468.0
2025-06-18 14:44:06.052876,331.9,5171008.0,1109468.0
2025-06-18 14:44:08.058145,331.9,5171008.0,1109468.0
2025-06-18 14:44:10.057331,331.9,5171008.0,1109468.0
2025-06-18 14:44:11.084249,331.9,5171326.0,1108096.0
2025-06-18 14:44:12.060883,331.9,5171326.0,1108096.0
2025-06-18 14:44:16.057808,331.9,5171326.0,1108096.0
2025-06-18 14:44:16.179842,331.9,5171845.0,1107784.0
2025-06-18 14:44:18.057895,331.95,5171845.0,1107784.0
2025-06-18 14:44:20.078168,331.95,5171845.0,1107784.0
2025-06-18 14:44:21.488574,331.9,5171071.0,1108159.0
2025-06-18 14:44:22.058422,331.9,5171071.0,1108159.0
2025-06-18 14:44:24.057242,331.9,5171071.0,1108159.0
2025-06-18 14:44:26.059435,331.9,5171071.0,1108159.0
2025-06-18 14:44:26.790899,331.9,5170988.0,1108306.0
2025-06-18 14:44:28.082959,331.9,5170988.0,1108306.0
2025-06-18 14:44:30.056399,331.9,5170988.0,1108306.0
2025-06-18 14:44:32.061384,331.9,5170988.0,1108306.0
2025-06-18 14:44:32.395542,331.95,5167490.0,1108050.0
2025-06-18 14:44:34.106868,331.95,5167490.0,1108050.0
2025-06-18 14:44:36.056119,331.9,5167490.0,1108050.0
2025-06-18 14:44:37.798583,331.9,5173563.0,1107288.0
2025-06-18 14:44:38.054564,331.95,5173563.0,1107288.0
2025-06-18 14:44:40.055991,331.9,5173563.0,1107288.0
2025-06-18 14:44:42.059674,331.9,5173563.0,1107288.0
2025-06-18 14:44:43.002878,331.9,5168925.0,1107244.0
2025-06-18 14:44:44.058359,331.9,5168925.0,1107244.0
2025-06-18 14:44:46.075580,331.9,5168925.0,1107244.0
2025-06-18 14:44:48.056800,331.9,5168925.0,1107244.0
2025-06-18 14:44:48.108932,331.9,5170670.0,1113279.0
2025-06-18 14:44:50.058517,331.9,5170670.0,1113279.0
2025-06-18 14:44:52.063938,331.9,5170670.0,1113279.0
2025-06-18 14:44:53.215006,331.9,5175244.0,1113739.0
2025-06-18 14:44:54.058792,331.9,5175244.0,1113739.0
2025-06-18 14:44:56.062800,331.9,5175244.0,1113739.0
2025-06-18 14:44:58.065907,331.95,5175244.0,1113739.0
2025-06-18 14:44:58.421230,331.9,5170999.0,1112430.0
2025-06-18 14:45:00.055323,331.9,5170999.0,1112430.0
2025-06-18 14:45:02.060578,332.1,5170999.0,1112430.0
2025-06-18 14:45:03.943395,332.15,5181378.0,1097594.0
2025-06-18 14:45:04.064270,332.15,5181378.0,1097594.0
2025-06-18 14:45:06.057256,332.1,5181378.0,1097594.0
2025-06-18 14:45:09.056923,332.1,5181378.0,1097594.0
2025-06-18 14:45:09.930566,332.1,5181253.0,1096672.0
2025-06-18 14:45:12.058875,332.1,5181253.0,1096672.0
2025-06-18 14:45:15.091033,332.1,5181253.0,1096672.0
2025-06-18 14:45:15.434505,332.1,5181010.0,1097219.0
2025-06-18 14:45:16.064006,332.1,5181010.0,1097219.0
2025-06-18 14:45:18.060188,332.1,5181010.0,1097219.0
2025-06-18 14:45:20.059740,332.1,5181010.0,1097219.0
2025-06-18 14:45:20.837830,332.1,5179336.0,1098659.0
2025-06-18 14:45:22.060800,332.1,5179336.0,1098659.0
2025-06-18 14:45:24.073743,332.1,5179336.0,1098659.0
2025-06-18 14:45:26.040284,332.1,5182104.0,1098564.0
2025-06-18 14:45:26.077630,332.1,5182104.0,1098564.0
2025-06-18 14:45:29.071465,332.1,5182104.0,1098564.0
2025-06-18 14:45:30.057678,332.15,5182104.0,1098564.0
2025-06-18 14:45:31.147168,332.15,5183466.0,1097076.0
2025-06-18 14:45:32.062040,332.1,5183466.0,1097076.0
2025-06-18 14:45:34.063454,332.15,5183466.0,1097076.0
2025-06-18 14:45:36.063046,332.1,5183466.0,1097076.0
2025-06-18 14:45:36.251886,332.1,5183035.0,1097363.0
2025-06-18 14:45:38.063395,332.1,5183035.0,1097363.0
2025-06-18 14:45:40.064023,332.1,5183035.0,1097363.0
2025-06-18 14:45:41.350751,332.05,5179970.0,1098457.0
2025-06-18 14:45:42.064240,332.1,5179970.0,1098457.0
2025-06-18 14:45:44.058443,332.1,5179970.0,1098457.0
2025-06-18 14:45:46.065388,332.05,5179970.0,1098457.0
2025-06-18 14:45:46.255294,332.05,5184484.0,1098321.0
2025-06-18 14:45:49.109239,332.05,5184484.0,1098321.0
2025-06-18 14:45:51.359176,332.15,5186792.0,1098114.0
2025-06-18 14:45:52.069343,332.1,5186792.0,1098114.0
2025-06-18 14:45:56.067240,332.1,5186792.0,1098114.0
2025-06-18 14:45:56.266943,332.05,5185536.0,1100374.0
2025-06-18 14:45:58.064555,332.15,5185536.0,1100374.0
2025-06-18 14:46:00.067256,332.15,5185536.0,1100374.0
2025-06-18 14:46:01.165435,332.15,5187934.0,1097210.0
2025-06-18 14:46:02.087274,332.15,5187934.0,1097210.0
2025-06-18 14:46:02.263682,332.15,5170219.0,1095554.0
2025-06-18 14:46:03.057140,332.15,5170219.0,1095554.0
2025-06-18 14:46:03.265699,332.15,5186302.0,1096222.0
2025-06-18 14:46:04.672156,332.15,5186610.0,1096064.0
2025-06-18 14:46:05.570137,332.15,5186884.0,1095637.0
2025-06-18 14:46:06.059659,332.15,5186884.0,1095637.0
2025-06-18 14:46:06.671817,332.15,5186821.0,1095723.0
2025-06-18 14:46:07.062976,332.15,5186821.0,1095723.0
2025-06-18 14:46:07.773987,332.15,5187058.0,1096270.0
2025-06-18 14:46:08.903928,332.15,5186943.0,1096181.0
2025-06-18 14:46:09.920354,332.15,5186004.0,1096279.0
2025-06-18 14:46:10.058346,332.15,5186004.0,1096279.0
2025-06-18 14:46:10.974556,332.15,5185745.0,1095470.0
2025-06-18 14:46:12.062027,332.15,5185745.0,1095470.0
2025-06-18 14:46:12.079072,332.15,5186195.0,1095196.0
2025-06-18 14:46:13.058723,332.2,5186195.0,1095196.0
2025-06-18 14:46:13.077701,332.2,5185276.0,1095584.0
2025-06-18 14:46:14.156594,332.15,5185276.0,1095584.0
2025-06-18 14:46:14.162283,332.15,5185047.0,1095601.0
2025-06-18 14:46:15.058446,332.15,5185047.0,1095601.0
2025-06-18 14:46:15.075750,332.15,5185164.0,1098059.0
2025-06-18 14:46:16.057947,332.15,5185164.0,1098059.0
2025-06-18 14:46:16.081495,332.15,5185375.0,1098088.0
2025-06-18 14:46:17.058507,332.15,5185375.0,1098088.0
2025-06-18 14:46:17.085510,332.15,5185783.0,1096990.0
2025-06-18 14:46:18.174668,332.2,5185783.0,1096990.0
2025-06-18 14:46:18.179823,332.2,5188809.0,1097129.0
2025-06-18 14:46:19.057293,332.15,5188809.0,1097129.0
2025-06-18 14:46:19.081727,332.15,5187820.0,1094590.0
2025-06-18 14:46:19.980598,332.15,5187882.0,1095222.0
2025-06-18 14:46:21.085443,332.15,5187883.0,1095222.0
2025-06-18 14:46:22.062173,332.2,5187883.0,1095222.0
2025-06-18 14:46:22.150720,332.2,5187883.0,1095222.0
2025-06-18 14:46:22.180813,332.2,5187682.0,1093164.0
2025-06-18 14:46:23.281112,332.2,5187246.0,1093164.0
2025-06-18 14:46:23.311623,332.2,5187246.0,1093164.0
2025-06-18 14:46:24.282156,332.2,5192184.0,1093088.0
2025-06-18 14:46:24.330496,332.2,5192184.0,1093088.0
2025-06-18 14:46:25.059121,332.15,5192184.0,1093088.0
2025-06-18 14:46:25.283549,332.15,5190255.0,1094763.0
2025-06-18 14:46:25.377708,332.15,5190255.0,1094763.0
2025-06-18 14:46:26.063058,332.15,5190255.0,1094763.0
2025-06-18 14:46:26.282459,332.1,5191044.0,1095325.0
2025-06-18 14:46:26.348652,332.1,5191044.0,1095325.0
2025-06-18 14:46:27.065047,332.25,5191044.0,1095325.0
2025-06-18 14:46:27.274075,332.25,5191044.0,1095325.0
2025-06-18 14:46:27.310107,332.25,5190962.0,1095434.0
2025-06-18 14:46:28.065519,332.25,5190962.0,1095434.0
2025-06-18 14:46:28.188418,332.25,5193305.0,1095333.0
2025-06-18 14:46:28.519671,332.25,5193305.0,1095333.0
2025-06-18 14:46:29.137266,332.25,5193305.0,1095333.0
2025-06-18 14:46:29.288240,332.25,5255268.0,1095067.0
2025-06-18 14:46:29.541910,332.25,5255268.0,1095067.0
2025-06-18 14:46:30.056028,332.25,5255268.0,1095067.0
2025-06-18 14:46:30.102718,332.1,5255268.0,1095067.0
2025-06-18 14:46:30.397287,332.1,5255052.0,1094644.0
2025-06-18 14:46:30.443348,332.1,5255052.0,1094644.0
2025-06-18 14:46:31.173485,332.1,5255052.0,1094644.0
2025-06-18 14:46:31.340970,332.1,5255052.0,1094644.0
2025-06-18 14:46:31.425827,332.1,5254825.0,1094915.0
2025-06-18 14:46:32.059440,332.1,5254825.0,1094915.0
2025-06-18 14:46:32.491191,332.25,5254921.0,1094720.0
2025-06-18 14:46:32.659146,332.25,5254921.0,1094720.0
2025-06-18 14:46:33.058740,332.25,5254921.0,1094720.0
2025-06-18 14:46:33.527128,332.25,5254921.0,1094720.0
2025-06-18 14:46:33.590729,332.25,5256409.0,1090862.0
2025-06-18 14:46:34.058842,332.25,5256409.0,1090862.0
2025-06-18 14:46:34.688794,332.15,5256680.0,1094400.0
2025-06-18 14:46:34.942099,332.15,5256680.0,1094400.0
2025-06-18 14:46:35.057010,332.15,5256680.0,1094400.0
2025-06-18 14:46:35.596548,332.15,5257762.0,1094056.0
2025-06-18 14:46:36.063526,332.15,5257762.0,1094056.0
2025-06-18 14:46:36.119919,332.15,5257762.0,1094056.0
2025-06-18 14:46:36.688540,332.25,5257762.0,1094138.0
2025-06-18 14:46:37.060804,332.25,5257762.0,1094138.0
2025-06-18 14:46:37.285469,332.25,5257762.0,1094138.0
2025-06-18 14:46:37.690718,332.4,5260636.0,1084087.0
2025-06-18 14:46:38.124527,332.4,5260636.0,1084087.0
2025-06-18 14:46:38.692095,332.45,5262189.0,1084524.0
2025-06-18 14:46:38.797477,332.45,5262189.0,1084524.0
2025-06-18 14:46:39.100304,332.45,5262189.0,1084524.0
2025-06-18 14:46:39.691063,332.4,5262776.0,1081506.0
2025-06-18 14:46:40.059423,332.4,5262776.0,1081506.0
2025-06-18 14:46:41.094958,332.3,5263778.0,1082593.0
2025-06-18 14:46:42.063518,332.3,5263778.0,1082593.0
2025-06-18 14:46:42.091255,332.3,5265060.0,1082714.0
2025-06-18 14:46:43.060403,332.45,5265060.0,1082714.0
2025-06-18 14:46:43.091950,332.45,5265927.0,1083244.0
2025-06-18 14:46:44.059643,332.45,5265927.0,1083244.0
2025-06-18 14:46:44.094052,332.45,5265556.0,1081795.0
2025-06-18 14:46:45.059956,332.3,5265556.0,1081795.0
2025-06-18 14:46:45.093112,332.3,5255245.0,1084347.0
2025-06-18 14:46:45.996993,332.3,5256429.0,1083456.0
2025-06-18 14:46:46.084128,332.3,5256429.0,1083456.0
2025-06-18 14:46:46.994894,332.35,5256397.0,1081596.0
2025-06-18 14:46:47.056628,332.35,5256397.0,1081596.0
2025-06-18 14:46:47.997152,332.5,5257402.0,1082905.0
2025-06-18 14:46:48.056791,332.5,5257402.0,1082905.0
2025-06-18 14:46:48.998395,332.35,5256879.0,1082495.0
2025-06-18 14:46:49.062218,332.35,5256879.0,1082495.0
2025-06-18 14:46:50.058242,332.35,5256879.0,1082495.0
2025-06-18 14:46:50.097401,332.35,5256508.0,1083489.0
2025-06-18 14:46:51.197965,332.35,5256314.0,1082522.0
2025-06-18 14:46:52.064854,332.35,5256314.0,1082522.0
2025-06-18 14:46:52.198864,332.35,5256855.0,1081697.0
2025-06-18 14:46:53.059033,332.45,5256855.0,1081697.0
2025-06-18 14:46:53.199136,332.45,5257236.0,1082039.0
2025-06-18 14:46:54.059453,332.45,5257236.0,1082039.0
2025-06-18 14:46:54.200917,332.45,5257504.0,1082017.0
2025-06-18 14:46:55.059413,332.35,5257504.0,1082017.0
2025-06-18 14:46:55.302071,332.35,5257367.0,1082137.0
2025-06-18 14:46:56.059221,332.35,5257367.0,1082137.0
2025-06-18 14:46:56.402696,332.35,5256766.0,1082955.0
2025-06-18 14:46:57.061208,332.45,5256766.0,1082955.0
2025-06-18 14:46:57.406200,332.35,5256647.0,1081253.0
2025-06-18 14:46:58.059475,332.35,5256647.0,1081253.0
2025-06-18 14:46:58.505555,332.35,5255678.0,1081190.0
2025-06-18 14:46:59.608251,332.35,5255605.0,1081170.0
2025-06-18 14:47:00.057442,332.35,5255605.0,1081170.0
2025-06-18 14:47:00.717386,332.35,5256110.0,1081105.0
2025-06-18 14:47:01.706249,332.4,5252657.0,1095531.0
2025-06-18 14:47:02.061737,332.3,5252657.0,1095531.0
2025-06-18 14:47:02.807537,332.4,5251716.0,1094401.0
2025-06-18 14:47:03.062821,332.4,5251716.0,1094401.0
2025-06-18 14:47:03.809012,332.4,5251604.0,1094425.0
2025-06-18 14:47:04.909921,332.3,5247172.0,1099504.0
2025-06-18 14:47:05.059669,332.3,5247172.0,1099504.0
2025-06-18 14:47:06.012368,332.25,5247045.0,1100192.0
2025-06-18 14:47:06.058454,332.25,5247045.0,1100192.0
2025-06-18 14:47:07.060261,332.25,5247045.0,1100192.0
2025-06-18 14:47:07.109612,332.25,5246976.0,1100192.0
2025-06-18 14:47:08.061687,332.35,5246976.0,1100192.0
2025-06-18 14:47:08.111484,332.35,5244959.0,1100747.0
2025-06-18 14:47:09.060376,332.35,5244959.0,1100747.0
2025-06-18 14:47:09.112229,332.35,5246258.0,1098430.0
2025-06-18 14:47:10.067422,332.25,5246258.0,1098430.0
2025-06-18 14:47:10.113319,332.25,5245240.0,1097772.0
2025-06-18 14:47:11.115493,332.25,5246067.0,1098493.0
2025-06-18 14:47:12.065448,332.25,5246067.0,1098493.0
2025-06-18 14:47:12.115326,332.25,5246134.0,1098489.0
2025-06-18 14:47:13.116525,332.25,5245243.0,1098364.0
2025-06-18 14:47:14.116730,332.25,5245253.0,1098364.0
2025-06-18 14:47:15.066858,332.35,5245253.0,1098364.0
2025-06-18 14:47:15.118545,332.35,5245954.0,1098324.0
2025-06-18 14:47:16.064296,332.25,5245954.0,1098324.0
2025-06-18 14:47:16.120062,332.25,5245927.0,1098856.0
2025-06-18 14:47:17.062170,332.25,5245927.0,1098856.0
2025-06-18 14:47:17.118374,332.25,5244901.0,1099619.0
2025-06-18 14:47:18.074903,332.35,5244901.0,1099619.0
2025-06-18 14:47:18.118340,332.35,5193470.0,1099055.0
2025-06-18 14:47:19.064518,332.25,5193470.0,1099055.0
2025-06-18 14:47:19.121440,332.25,5193543.0,1100513.0
2025-06-18 14:47:20.062421,332.25,5193543.0,1100513.0
2025-06-18 14:47:20.121072,332.25,5192986.0,1100981.0
2025-06-18 14:47:21.065131,332.25,5192986.0,1100981.0
2025-06-18 14:47:21.121173,332.25,5189934.0,1105826.0
2025-06-18 14:47:22.062658,332.2,5189934.0,1105826.0
2025-06-18 14:47:22.122773,332.2,5189963.0,1105409.0
2025-06-18 14:47:23.126697,332.2,5190301.0,1105409.0
2025-06-18 14:47:24.125261,332.2,5191447.0,1105409.0
2025-06-18 14:47:25.061944,332.25,5191447.0,1105409.0
2025-06-18 14:47:25.724810,332.25,5187108.0,1105151.0
2025-06-18 14:47:26.064743,332.25,5187108.0,1105151.0
2025-06-18 14:47:26.633190,332.2,5186315.0,1105712.0
2025-06-18 14:47:27.062924,332.25,5186315.0,1105712.0
2025-06-18 14:47:27.642449,332.25,5186017.0,1103568.0
2025-06-18 14:47:28.066288,332.25,5186017.0,1103568.0
2025-06-18 14:47:28.645896,332.15,5181702.0,1105947.0
2025-06-18 14:47:29.067008,332.15,5181702.0,1105947.0
2025-06-18 14:47:29.644752,332.15,5184410.0,1105683.0
2025-06-18 14:47:30.066744,332.15,5184410.0,1105683.0
2025-06-18 14:47:30.646576,332.15,5185071.0,1105652.0
2025-06-18 14:47:31.645765,332.15,5186515.0,1105923.0
2025-06-18 14:47:32.066293,332.15,5186515.0,1105923.0
2025-06-18 14:47:32.646172,332.2,5186880.0,1105916.0
2025-06-18 14:47:33.065034,332.2,5186880.0,1105916.0
2025-06-18 14:47:33.644816,332.2,5186097.0,1104709.0
2025-06-18 14:47:34.065572,332.2,5186097.0,1104709.0
2025-06-18 14:47:34.648617,332.2,5187049.0,1106184.0
2025-06-18 14:47:35.648907,332.15,5187688.0,1105641.0
2025-06-18 14:47:36.083896,332.15,5187688.0,1105641.0
2025-06-18 14:47:36.651177,332.15,5187433.0,1105641.0
2025-06-18 14:47:37.066979,332.15,5187433.0,1105641.0
2025-06-18 14:47:37.746154,332.15,5184708.0,1103478.0
2025-06-18 14:47:38.066916,332.15,5184708.0,1103478.0
2025-06-18 14:47:38.847570,332.15,5183763.0,1108201.0
2025-06-18 14:47:39.067013,332.15,5183763.0,1108201.0
2025-06-18 14:47:39.748399,332.1,5184886.0,1110256.0
2025-06-18 14:47:40.067251,332.1,5184886.0,1110256.0
2025-06-18 14:47:40.748801,332.2,5186182.0,1108408.0
2025-06-18 14:47:41.066734,332.2,5186182.0,1108408.0
2025-06-18 14:47:41.750583,332.2,5186356.0,1108915.0
2025-06-18 14:47:42.068032,332.1,5186356.0,1108915.0
2025-06-18 14:47:42.752406,332.1,5186212.0,1109183.0
2025-06-18 14:47:43.749452,332.1,5188167.0,1108912.0
2025-06-18 14:47:44.652719,332.1,5188307.0,1107942.0
2025-06-18 14:47:45.066091,332.1,5188307.0,1107942.0
2025-06-18 14:47:45.849626,332.1,5188669.0,1107766.0
2025-06-18 14:47:46.063653,332.1,5188669.0,1107766.0
2025-06-18 14:47:46.854902,332.1,5187155.0,1108631.0
2025-06-18 14:47:47.062894,332.1,5187155.0,1108631.0
2025-06-18 14:47:48.053479,332.2,5188167.0,1108024.0
2025-06-18 14:47:48.064769,332.2,5188167.0,1108024.0
2025-06-18 14:47:48.962709,332.2,5188167.0,1108024.0
2025-06-18 14:47:49.856424,332.2,5188519.0,1108024.0
2025-06-18 14:47:50.955893,332.2,5188990.0,1107367.0
2025-06-18 14:47:51.065814,332.2,5188990.0,1107367.0
2025-06-18 14:47:52.060903,332.1,5189950.0,1107787.0
2025-06-18 14:47:52.068741,332.1,5189950.0,1107787.0
2025-06-18 14:47:53.056727,332.1,5190236.0,1107742.0
2025-06-18 14:47:53.083092,332.1,5190236.0,1107742.0
2025-06-18 14:47:54.157772,332.1,5192135.0,1107175.0
2025-06-18 14:47:55.067361,332.1,5192135.0,1107175.0
2025-06-18 14:47:55.258620,332.1,5248362.0,1107157.0
2025-06-18 14:47:56.069888,332.15,5248362.0,1107157.0
2025-06-18 14:47:56.160323,332.15,5247833.0,1106856.0
2025-06-18 14:47:57.067330,332.2,5247833.0,1106856.0
2025-06-18 14:47:57.260347,332.2,5247998.0,1106792.0
2025-06-18 14:47:58.069696,332.15,5247998.0,1106792.0
2025-06-18 14:47:58.361342,332.15,5247745.0,1107156.0
2025-06-18 14:47:59.066088,332.15,5247745.0,1107156.0
2025-06-18 14:47:59.463999,332.15,5248134.0,1107016.0
2025-06-18 14:48:00.070593,332.15,5248134.0,1107016.0
2025-06-18 14:48:00.561536,332.15,5248261.0,1107137.0
2025-06-18 14:48:03.069897,332.2,5248261.0,1107137.0
2025-06-18 14:48:03.965701,332.2,5248741.0,1106588.0
2025-06-18 14:48:05.067975,332.2,5248741.0,1106588.0
2025-06-18 14:48:07.068499,332.15,5248741.0,1106588.0
2025-06-18 14:48:09.566727,332.15,5250813.0,1104196.0
2025-06-18 14:48:11.074815,332.2,5250813.0,1104196.0
2025-06-18 14:48:13.069201,332.15,5250813.0,1104196.0
2025-06-18 14:48:14.079044,332.15,5250813.0,1104196.0
2025-06-18 14:48:15.077380,332.15,5251849.0,1105262.0
2025-06-18 14:48:17.073346,332.15,5251849.0,1105262.0
2025-06-18 14:48:19.067496,332.15,5251849.0,1105262.0
2025-06-18 14:48:20.573538,332.15,5252917.0,1107401.0
2025-06-18 14:48:22.084038,332.15,5252917.0,1107401.0
2025-06-18 14:48:26.078323,332.15,5252917.0,1107401.0
2025-06-18 14:48:26.177999,332.15,5253134.0,1106431.0
2025-06-18 14:48:29.071758,332.25,5253134.0,1106431.0
2025-06-18 14:48:31.983647,332.25,5254932.0,1090203.0
2025-06-18 14:48:32.084762,332.2,5254932.0,1090203.0
2025-06-18 14:48:36.084805,332.25,5254932.0,1090203.0
2025-06-18 14:48:37.685147,332.45,5264004.0,1086586.0
2025-06-18 14:48:41.080907,332.4,5264004.0,1086586.0
2025-06-18 14:48:43.399626,332.4,5262994.0,1080878.0
2025-06-18 14:48:44.076766,332.4,5262994.0,1080878.0
2025-06-18 14:48:47.079746,332.4,5262994.0,1080878.0
2025-06-18 14:48:49.298067,332.4,5267549.0,1080779.0
2025-06-18 14:48:50.082962,332.4,5267549.0,1080779.0
2025-06-18 14:48:53.079310,332.45,5267549.0,1080779.0
2025-06-18 14:48:54.914860,332.45,5263844.0,1080736.0
2025-06-18 14:48:56.078770,332.4,5263844.0,1080736.0
2025-06-18 14:48:59.078943,332.4,5263844.0,1080736.0
2025-06-18 14:49:00.438947,332.4,5261132.0,1083784.0
2025-06-18 14:49:01.921822,332.45,5261840.0,1082667.0
2025-06-18 14:49:02.078244,332.4,5261840.0,1082667.0
2025-06-18 14:49:03.075385,332.45,5261840.0,1082667.0
2025-06-18 14:49:03.414915,332.4,5262148.0,1082334.0
2025-06-18 14:49:04.088248,332.4,5262148.0,1082334.0
2025-06-18 14:49:04.507867,332.45,5261878.0,1082561.0
2025-06-18 14:49:05.073216,332.45,5261878.0,1082561.0
2025-06-18 14:49:05.605948,332.4,5245565.0,1082245.0
2025-06-18 14:49:06.076800,332.4,5245565.0,1082245.0
2025-06-18 14:49:06.708106,332.4,5261694.0,1082270.0
2025-06-18 14:49:07.077530,332.4,5261694.0,1082270.0
2025-06-18 14:49:07.809697,332.4,5260411.0,1082270.0
2025-06-18 14:49:08.075287,332.45,5260411.0,1082270.0
2025-06-18 14:49:08.809333,332.45,5260678.0,1082268.0
2025-06-18 14:49:09.081852,332.4,5260678.0,1082268.0
2025-06-18 14:49:09.710892,332.4,5260122.0,1082288.0
2025-06-18 14:49:10.080141,332.45,5260122.0,1082288.0
2025-06-18 14:49:10.710834,332.45,5260135.0,1081665.0
2025-06-18 14:49:11.710378,332.45,5259956.0,1081933.0
2025-06-18 14:49:12.079703,332.4,5259956.0,1081933.0
2025-06-18 14:49:12.715055,332.4,5260119.0,1081349.0
2025-06-18 14:49:13.811154,332.4,5259957.0,1081324.0
2025-06-18 14:49:14.078403,332.4,5259957.0,1081324.0
2025-06-18 14:49:14.920879,332.4,5259751.0,1082650.0
2025-06-18 14:49:15.072830,332.4,5259751.0,1082650.0
2025-06-18 14:49:16.014500,332.4,5260157.0,1082898.0
2025-06-18 14:49:16.076334,332.4,5260157.0,1082898.0
2025-06-18 14:49:17.077867,332.4,5260157.0,1082898.0
2025-06-18 14:49:17.115218,332.4,5262313.0,1082448.0
2025-06-18 14:49:18.078243,332.45,5262313.0,1082448.0
2025-06-18 14:49:18.218162,332.45,5262282.0,1082443.0
2025-06-18 14:49:19.078471,332.4,5262282.0,1082443.0
2025-06-18 14:49:19.317807,332.4,5261548.0,1082601.0
2025-06-18 14:49:20.076725,332.4,5261548.0,1082601.0
2025-06-18 14:49:20.424550,332.4,5262012.0,1082601.0
2025-06-18 14:49:21.078575,332.45,5262012.0,1082601.0
2025-06-18 14:49:21.423658,332.45,5261873.0,1082038.0
2025-06-18 14:49:22.078527,332.4,5261873.0,1082038.0
2025-06-18 14:49:22.516153,332.4,5261873.0,1082038.0
2025-06-18 14:49:22.528378,332.4,5261850.0,1082150.0
2025-06-18 14:49:23.081270,332.45,5261850.0,1082150.0
2025-06-18 14:49:23.624389,332.45,5261850.0,1082201.0
2025-06-18 14:49:23.983585,332.45,5261850.0,1082201.0
2025-06-18 14:49:24.621383,332.4,5260988.0,1082279.0
2025-06-18 14:49:25.008630,332.4,5260988.0,1082279.0
2025-06-18 14:49:25.078163,332.4,5260988.0,1082279.0
2025-06-18 14:49:25.721047,332.4,5262572.0,1082192.0
2025-06-18 14:49:26.050043,332.4,5262572.0,1082192.0
2025-06-18 14:49:26.084152,332.4,5262572.0,1082192.0
2025-06-18 14:49:26.721862,332.4,5262091.0,1081838.0
2025-06-18 14:49:27.032860,332.4,5262091.0,1081838.0
2025-06-18 14:49:27.079939,332.45,5262091.0,1081838.0
2025-06-18 14:49:27.720857,332.45,5261724.0,1082096.0
2025-06-18 14:49:27.959552,332.45,5261724.0,1082096.0
2025-06-18 14:49:28.824801,332.45,5261708.0,1081755.0
2025-06-18 14:49:29.215666,332.45,5261708.0,1081755.0
2025-06-18 14:49:29.925861,332.4,5261589.0,1082605.0
2025-06-18 14:49:30.078423,332.4,5261589.0,1082605.0
2025-06-18 14:49:30.243553,332.4,5261589.0,1082605.0
2025-06-18 14:49:31.025280,332.4,5261453.0,1082750.0
2025-06-18 14:49:31.139713,332.4,5261453.0,1082750.0
2025-06-18 14:49:32.025312,332.4,5261796.0,1082060.0
2025-06-18 14:49:32.033975,332.4,5261796.0,1082060.0
2025-06-18 14:49:32.078111,332.4,5261796.0,1082060.0
2025-06-18 14:49:33.075862,332.45,5261796.0,1082060.0
2025-06-18 14:49:33.128198,332.45,5261795.0,1081951.0
2025-06-18 14:49:33.326288,332.45,5261795.0,1081951.0
2025-06-18 14:49:34.083742,332.45,5261795.0,1081951.0
2025-06-18 14:49:34.217462,332.45,5261795.0,1081951.0
2025-06-18 14:49:34.230787,332.45,5261415.0,1081552.0
2025-06-18 14:49:35.327303,332.45,5261494.0,1081775.0
2025-06-18 14:49:35.631812,332.45,5261494.0,1081775.0
2025-06-18 14:49:36.080727,332.4,5261494.0,1081775.0
2025-06-18 14:49:36.428336,332.4,5260497.0,1081791.0
2025-06-18 14:49:36.791076,332.4,5260497.0,1081791.0
2025-06-18 14:49:37.097075,332.4,5260497.0,1081791.0
2025-06-18 14:49:37.326672,332.4,5261101.0,1081665.0
2025-06-18 14:49:37.965940,332.4,5261101.0,1081665.0
2025-06-18 14:49:38.327982,332.4,5276692.0,1082227.0
2025-06-18 14:49:39.078605,332.4,5276692.0,1082227.0
2025-06-18 14:49:39.328500,332.4,5277239.0,1082687.0
2025-06-18 14:49:39.518593,332.4,5277239.0,1082687.0
2025-06-18 14:49:40.083169,332.45,5277239.0,1082687.0
2025-06-18 14:49:40.331865,332.4,5276578.0,1082686.0
2025-06-18 14:49:41.080316,332.4,5276578.0,1082686.0
2025-06-18 14:49:41.430712,332.35,5275283.0,1082666.0
2025-06-18 14:49:42.078590,332.4,5275283.0,1082666.0
2025-06-18 14:49:42.432029,332.45,5275235.0,1083265.0
2025-06-18 14:49:43.081209,332.45,5275235.0,1083265.0
2025-06-18 14:49:43.536338,332.45,5275198.0,1084055.0
2025-06-18 14:49:44.638058,332.35,5274604.0,1084597.0
2025-06-18 14:49:45.077567,332.35,5274604.0,1084597.0
2025-06-18 14:49:45.733455,332.35,5274678.0,1084717.0
2025-06-18 14:49:46.080746,332.35,5274678.0,1084717.0
2025-06-18 14:49:46.837878,332.35,5274673.0,1084706.0
2025-06-18 14:49:47.096180,332.35,5274673.0,1084706.0
2025-06-18 14:49:47.938290,332.45,5274571.0,1084702.0
2025-06-18 14:49:48.080365,332.35,5274571.0,1084702.0
2025-06-18 14:49:49.037890,332.35,5274473.0,1085145.0
2025-06-18 14:49:50.144692,332.35,5274820.0,1083318.0
2025-06-18 14:49:51.238065,332.35,5274901.0,1083318.0
2025-06-18 14:49:52.080365,332.35,5274901.0,1083318.0
2025-06-18 14:49:52.338239,332.35,5274704.0,1083432.0
2025-06-18 14:49:53.443455,332.35,5274996.0,1083465.0
2025-06-18 14:49:54.075699,332.35,5274996.0,1083465.0
2025-06-18 14:49:54.544225,332.35,5274452.0,1083485.0
2025-06-18 14:49:55.076121,332.35,5274452.0,1083485.0
2025-06-18 14:49:55.652589,332.35,5274753.0,1083575.0
2025-06-18 14:49:56.083716,332.35,5274753.0,1083575.0
2025-06-18 14:49:57.077776,332.45,5274753.0,1083575.0
2025-06-18 14:49:57.253098,332.45,5273917.0,1083266.0
2025-06-18 14:49:58.344531,332.45,5275303.0,1083747.0
2025-06-18 14:49:59.080633,332.4,5275303.0,1083747.0
2025-06-18 14:49:59.345995,332.4,5280527.0,1083161.0
2025-06-18 14:50:00.079545,332.45,5280527.0,1083161.0
2025-06-18 14:50:00.348110,332.45,5280461.0,1083153.0
2025-06-18 14:50:01.749468,332.45,5280391.0,1083151.0
2025-06-18 14:50:02.083138,332.4,5280391.0,1083151.0
2025-06-18 14:50:05.085265,332.4,5280391.0,1083151.0
2025-06-18 14:50:07.556869,332.4,5282291.0,1081768.0
2025-06-18 14:50:08.080916,332.45,5282291.0,1081768.0
2025-06-18 14:50:11.081775,332.4,5282291.0,1081768.0
2025-06-18 14:50:13.455772,332.4,5277220.0,1080154.0
2025-06-18 14:50:14.083213,332.4,5277220.0,1080154.0
2025-06-18 14:50:17.097940,332.4,5277220.0,1080154.0
2025-06-18 14:50:19.060501,332.4,5276573.0,1079940.0
2025-06-18 14:50:20.082709,332.4,5276573.0,1079940.0
2025-06-18 14:50:23.087156,332.45,5276573.0,1079940.0
2025-06-18 14:50:24.466304,332.4,5277103.0,1078995.0
2025-06-18 14:50:26.086747,332.4,5277103.0,1078995.0
2025-06-18 14:50:29.086252,332.4,5277103.0,1078995.0
2025-06-18 14:50:30.167565,332.4,5276304.0,1078768.0
2025-06-18 14:50:32.089146,332.4,5276304.0,1078768.0
2025-06-18 14:50:35.186307,332.45,5276304.0,1078768.0
2025-06-18 14:50:35.674989,332.4,5276126.0,1079229.0
2025-06-18 14:50:38.082966,332.6,5276126.0,1079229.0
2025-06-18 14:50:41.084314,332.6,5276126.0,1079229.0
2025-06-18 14:50:41.278783,332.4,5276903.0,1078291.0
2025-06-18 14:50:44.083984,332.6,5276903.0,1078291.0
2025-06-18 14:50:46.807262,332.4,5277514.0,1078571.0
2025-06-18 14:50:47.089935,332.4,5277514.0,1078571.0
2025-06-18 14:50:50.085404,332.4,5277514.0,1078571.0
2025-06-18 14:50:51.785009,332.6,5279355.0,1076734.0
2025-06-18 14:50:53.085680,332.4,5279355.0,1076734.0
2025-06-18 14:50:56.087064,332.4,5279355.0,1076734.0
2025-06-18 14:50:56.989876,332.4,5279105.0,1077660.0
2025-06-18 14:50:57.091830,332.6,5279105.0,1077660.0
2025-06-18 14:51:00.083037,332.4,5279105.0,1077660.0
2025-06-18 14:51:02.083852,332.4,5279105.0,1077660.0
2025-06-18 14:51:02.292630,332.4,5278148.0,1078051.0
2025-06-18 14:51:05.092768,332.4,5278148.0,1078051.0
2025-06-18 14:51:08.089286,332.4,5278148.0,1078051.0
2025-06-18 14:51:08.100191,332.4,5277123.0,1079927.0
2025-06-18 14:51:11.090824,332.4,5277123.0,1079927.0
2025-06-18 14:51:13.705403,332.7,5274676.0,1050618.0
2025-06-18 14:51:14.089230,332.75,5274676.0,1050618.0
2025-06-18 14:51:17.087097,332.75,5274676.0,1050618.0
2025-06-18 14:51:19.415670,332.75,5273637.0,1055033.0
2025-06-18 14:51:20.088745,332.75,5273637.0,1055033.0
2025-06-18 14:51:23.091739,332.6,5273637.0,1055033.0
2025-06-18 14:51:25.011529,332.7,5273741.0,1059073.0
2025-06-18 14:51:26.093322,332.65,5273741.0,1059073.0
2025-06-18 14:51:29.094471,332.65,5273741.0,1059073.0
2025-06-18 14:51:30.321974,332.65,5270269.0,1057998.0
2025-06-18 14:51:32.090531,332.65,5270269.0,1057998.0
2025-06-18 14:51:35.084899,332.7,5270269.0,1057998.0
2025-06-18 14:51:35.621024,332.6,5258294.0,1059401.0
2025-06-18 14:51:38.086771,332.6,5258294.0,1059401.0
2025-06-18 14:51:41.025859,332.6,5257836.0,1060807.0
2025-06-18 14:51:41.088105,332.6,5257836.0,1060807.0
2025-06-18 14:51:44.091253,332.6,5257836.0,1060807.0
2025-06-18 14:51:45.093122,332.65,5257836.0,1060807.0
2025-06-18 14:51:46.630956,332.6,5261900.0,1071941.0
2025-06-18 14:51:47.095378,332.65,5261900.0,1071941.0
2025-06-18 14:51:49.094197,332.6,5261900.0,1071941.0
2025-06-18 14:51:51.835458,332.65,5262729.0,1071917.0
2025-06-18 14:51:52.091025,332.6,5262729.0,1071917.0
2025-06-18 14:51:55.093156,332.65,5262729.0,1071917.0
2025-06-18 14:51:57.136682,332.65,5261154.0,1070567.0
2025-06-18 14:51:58.088226,332.65,5261154.0,1070567.0
2025-06-18 14:52:01.092543,332.6,5261154.0,1070567.0
2025-06-18 14:52:01.638947,332.6,5261791.0,1071806.0
2025-06-18 14:52:02.090559,332.6,5261791.0,1071806.0
2025-06-18 14:52:02.639598,332.65,5265111.0,1070357.0
2025-06-18 14:52:03.087606,332.65,5265111.0,1070357.0
2025-06-18 14:52:03.642880,332.65,5265257.0,1070258.0
2025-06-18 14:52:04.087315,332.65,5265257.0,1070258.0
2025-06-18 14:52:04.539581,332.6,5266431.0,1070258.0
2025-06-18 14:52:05.083609,332.6,5266431.0,1070258.0
2025-06-18 14:52:05.736766,332.6,5265975.0,1070486.0
2025-06-18 14:52:06.088387,332.6,5265975.0,1070486.0
2025-06-18 14:52:06.648864,332.6,5266956.0,1070115.0
2025-06-18 14:52:07.115906,332.6,5266956.0,1070115.0
2025-06-18 14:52:07.646584,332.65,5266874.0,1070111.0
2025-06-18 14:52:08.089051,332.65,5266874.0,1070111.0
2025-06-18 14:52:08.739735,332.65,5266719.0,1070111.0
2025-06-18 14:52:09.739838,332.6,5265673.0,1070251.0
2025-06-18 14:52:10.092001,332.6,5265673.0,1070251.0
2025-06-18 14:52:10.649182,332.65,5265208.0,1070798.0
2025-06-18 14:52:11.086634,332.65,5265208.0,1070798.0
2025-06-18 14:52:11.740649,332.65,5264807.0,1073492.0
2025-06-18 14:52:12.088475,332.65,5264807.0,1073492.0
2025-06-18 14:52:12.740456,332.55,5259688.0,1075373.0
2025-06-18 14:52:13.087715,332.6,5259688.0,1075373.0
2025-06-18 14:52:13.754710,332.55,5261904.0,1073288.0
2025-06-18 14:52:14.087621,332.6,5261904.0,1073288.0
2025-06-18 14:52:14.850973,332.6,5268399.0,1073426.0
2025-06-18 14:52:15.090889,332.6,5268399.0,1073426.0
2025-06-18 14:52:15.843118,332.55,5267113.0,1073584.0
2025-06-18 14:52:16.093673,332.55,5267113.0,1073584.0
2025-06-18 14:52:16.849841,332.55,5267460.0,1075247.0
2025-06-18 14:52:17.092432,332.55,5267460.0,1075247.0
2025-06-18 14:52:17.849999,332.55,5266932.0,1075341.0
2025-06-18 14:52:18.085278,332.55,5266932.0,1075341.0
2025-06-18 14:52:18.855164,332.55,5266464.0,1075124.0
2025-06-18 14:52:19.090357,332.55,5266464.0,1075124.0
2025-06-18 14:52:19.858374,332.55,5266105.0,1077142.0
2025-06-18 14:52:20.089045,332.55,5266105.0,1077142.0
2025-06-18 14:52:20.855599,332.45,5253457.0,1083593.0
2025-06-18 14:52:21.090635,332.45,5253457.0,1083593.0
2025-06-18 14:52:21.747897,332.45,5259184.0,1082936.0
2025-06-18 14:52:22.089695,332.5,5259184.0,1082936.0
2025-06-18 14:52:22.753692,332.45,5259084.0,1082856.0
2025-06-18 14:52:23.042025,332.45,5259084.0,1082856.0
2025-06-18 14:52:23.087183,332.45,5259084.0,1082856.0
2025-06-18 14:52:23.750864,332.5,5257834.0,1083016.0
2025-06-18 14:52:24.088600,332.45,5257834.0,1083016.0
2025-06-18 14:52:24.196507,332.45,5257834.0,1083016.0
2025-06-18 14:52:24.748545,332.5,5257610.0,1083469.0
2025-06-18 14:52:25.087380,332.5,5257610.0,1083469.0
2025-06-18 14:52:25.466715,332.5,5257610.0,1083469.0
2025-06-18 14:52:25.753041,332.45,5257926.0,1085914.0
2025-06-18 14:52:26.089666,332.45,5257926.0,1085914.0
2025-06-18 14:52:26.506518,332.45,5257926.0,1085914.0
2025-06-18 14:52:26.751689,332.45,5260266.0,1086385.0
2025-06-18 14:52:27.088154,332.5,5260266.0,1086385.0
2025-06-18 14:52:27.492539,332.5,5260266.0,1086385.0
2025-06-18 14:52:27.753005,332.45,5259688.0,1086641.0
2025-06-18 14:52:28.090947,332.45,5259688.0,1086641.0
2025-06-18 14:52:28.439678,332.45,5259688.0,1086641.0
2025-06-18 14:52:28.750015,332.45,5259713.0,1086371.0
2025-06-18 14:52:29.094598,332.45,5259713.0,1086371.0
2025-06-18 14:52:29.689705,332.45,5259713.0,1086371.0
2025-06-18 14:52:29.750357,332.5,5258751.0,1086347.0
2025-06-18 14:52:30.092561,332.5,5258751.0,1086347.0
2025-06-18 14:52:30.291224,332.5,5258751.0,1086347.0
2025-06-18 14:52:30.751668,332.45,5257259.0,1086198.0
2025-06-18 14:52:31.092641,332.45,5257259.0,1086198.0
2025-06-18 14:52:31.223312,332.45,5257259.0,1086198.0
2025-06-18 14:52:31.753724,332.45,5257072.0,1086198.0
2025-06-18 14:52:32.092321,332.45,5257072.0,1086198.0
2025-06-18 14:52:32.510545,332.45,5257072.0,1086198.0
2025-06-18 14:52:32.752408,332.5,5256939.0,1085622.0
2025-06-18 14:52:33.095368,332.5,5256939.0,1085622.0
2025-06-18 14:52:33.760827,332.5,5257134.0,1085048.0
2025-06-18 14:52:33.791407,332.5,5257134.0,1085048.0
2025-06-18 14:52:34.092075,332.5,5257134.0,1085048.0
2025-06-18 14:52:34.696230,332.5,5257134.0,1085048.0
2025-06-18 14:52:34.755751,332.5,5257163.0,1087468.0
2025-06-18 14:52:35.764441,332.45,5257095.0,1087499.0
2025-06-18 14:52:36.092832,332.45,5257095.0,1087499.0
2025-06-18 14:52:36.123207,332.45,5257095.0,1087499.0
2025-06-18 14:52:36.757438,332.45,5260449.0,1085347.0
2025-06-18 14:52:37.090585,332.45,5260449.0,1085347.0
2025-06-18 14:52:37.281875,332.45,5260449.0,1085347.0
2025-06-18 14:52:37.757521,332.45,5261576.0,1084128.0
2025-06-18 14:52:38.461836,332.45,5261576.0,1084128.0
2025-06-18 14:52:38.757607,332.45,5258406.0,1084489.0
2025-06-18 14:52:39.093018,332.45,5258406.0,1084489.0
2025-06-18 14:52:39.758426,332.45,5260191.0,1084683.0
2025-06-18 14:52:39.994031,332.45,5260191.0,1084683.0
2025-06-18 14:52:40.092275,332.45,5260191.0,1084683.0
2025-06-18 14:52:40.758384,332.45,5260107.0,1085026.0
2025-06-18 14:52:41.089030,332.45,5260107.0,1085026.0
2025-06-18 14:52:41.761430,332.45,5260394.0,1085026.0
2025-06-18 14:52:42.092717,332.45,5260394.0,1085026.0
2025-06-18 14:52:42.759820,332.45,5260337.0,1084556.0
2025-06-18 14:52:43.758323,332.5,5260451.0,1084475.0
2025-06-18 14:52:44.089034,332.5,5260451.0,1084475.0
2025-06-18 14:52:44.758709,332.45,5259689.0,1084355.0
2025-06-18 14:52:45.093562,332.45,5259689.0,1084355.0
2025-06-18 14:52:45.764668,332.45,5259742.0,1084474.0
2025-06-18 14:52:46.089231,332.45,5259742.0,1084474.0
2025-06-18 14:52:46.758330,332.5,5260134.0,1084929.0
2025-06-18 14:52:47.091342,332.45,5260134.0,1084929.0
2025-06-18 14:52:47.760323,332.45,5259969.0,1084549.0
2025-06-18 14:52:48.091506,332.45,5259969.0,1084549.0
2025-06-18 14:52:48.659841,332.45,5258873.0,1084978.0
2025-06-18 14:52:49.089665,332.45,5258873.0,1084978.0
2025-06-18 14:52:49.658795,332.45,5260100.0,1083723.0
2025-06-18 14:52:50.090908,332.45,5260100.0,1083723.0
2025-06-18 14:52:50.665002,332.4,5262133.0,1084416.0
2025-06-18 14:52:51.092533,332.4,5262133.0,1084416.0
2025-06-18 14:52:51.660549,332.4,5261931.0,1084687.0
2025-06-18 14:52:52.099729,332.4,5261931.0,1084687.0
2025-06-18 14:52:52.662362,332.4,5261447.0,1085205.0
2025-06-18 14:52:53.662694,332.4,5260815.0,1085946.0
2025-06-18 14:52:54.660492,332.4,5262364.0,1085557.0
2025-06-18 14:52:55.093541,332.4,5262364.0,1085557.0
2025-06-18 14:52:55.666963,332.4,5262583.0,1086507.0
2025-06-18 14:52:56.096235,332.4,5262583.0,1086507.0
2025-06-18 14:52:56.665958,332.45,5261669.0,1084658.0
2025-06-18 14:52:57.100404,332.5,5261669.0,1084658.0
2025-06-18 14:52:57.665261,332.5,5262647.0,1085683.0
2025-06-18 14:52:58.090377,332.4,5262647.0,1085683.0
2025-06-18 14:52:58.676313,332.4,5273621.0,1085051.0
2025-06-18 14:52:59.092200,332.45,5273621.0,1085051.0
2025-06-18 14:52:59.565707,332.4,5273709.0,1085015.0
2025-06-18 14:53:00.096268,332.4,5273709.0,1085015.0
2025-06-18 14:53:00.665368,332.4,5273717.0,1086000.0
2025-06-18 14:53:02.270525,332.4,5273649.0,1086476.0
2025-06-18 14:53:04.103621,332.4,5273649.0,1086476.0
2025-06-18 14:53:07.104623,332.4,5273649.0,1086476.0
2025-06-18 14:53:07.875742,332.4,5274930.0,1085931.0
2025-06-18 14:53:10.110182,332.45,5274930.0,1085931.0
2025-06-18 14:53:13.101098,332.4,5274930.0,1085931.0
2025-06-18 14:53:13.278475,332.4,5273197.0,1089741.0
2025-06-18 14:53:16.117972,332.4,5273197.0,1089741.0
2025-06-18 14:53:18.584185,332.4,5272942.0,1090816.0
2025-06-18 14:53:19.097661,332.4,5272942.0,1090816.0
2025-06-18 14:53:22.102369,332.4,5272942.0,1090816.0
2025-06-18 14:53:23.587053,332.5,5271433.0,1090695.0
2025-06-18 14:53:25.104258,332.35,5271433.0,1090695.0
2025-06-18 14:53:28.886354,332.35,5269527.0,1094693.0
2025-06-18 14:53:29.099351,332.35,5269527.0,1094693.0
2025-06-18 14:53:32.105537,332.4,5269527.0,1094693.0
2025-06-18 14:53:34.291044,332.5,5278136.0,1090642.0
2025-06-18 14:53:35.100678,332.5,5278136.0,1090642.0
2025-06-18 14:53:38.107679,332.45,5278136.0,1090642.0
2025-06-18 14:53:39.793513,332.55,5275926.0,1087079.0
2025-06-18 14:53:41.103957,332.45,5275926.0,1087079.0
2025-06-18 14:53:44.103902,332.55,5275926.0,1087079.0
2025-06-18 14:53:45.295488,332.45,5279277.0,1086877.0
2025-06-18 14:53:47.099101,332.45,5279277.0,1086877.0
2025-06-18 14:53:50.103711,332.45,5279277.0,1086877.0
2025-06-18 14:53:50.603442,332.55,5284279.0,1085558.0
2025-06-18 14:53:53.100343,332.55,5284279.0,1085558.0
2025-06-18 14:53:55.906334,332.5,5287327.0,1082902.0
2025-06-18 14:53:56.122026,332.5,5287327.0,1082902.0
2025-06-18 14:53:59.103803,332.5,5287327.0,1082902.0
2025-06-18 14:54:01.008082,332.55,5290079.0,1083187.0
2025-06-18 14:54:02.101416,332.5,5290079.0,1083187.0
2025-06-18 14:54:02.208001,332.5,5287575.0,1084063.0
2025-06-18 14:54:03.103249,332.5,5287575.0,1084063.0
2025-06-18 14:54:03.308707,332.5,5297523.0,1083161.0
2025-06-18 14:54:04.100415,332.5,5297523.0,1083161.0
2025-06-18 14:54:04.307624,332.5,5297082.0,1082500.0
2025-06-18 14:54:05.101591,332.5,5297082.0,1082500.0
2025-06-18 14:54:05.207609,332.5,5302515.0,1082500.0
2025-06-18 14:54:06.099557,332.5,5302515.0,1082500.0
2025-06-18 14:54:06.207979,332.5,5301493.0,1082302.0
2025-06-18 14:54:07.102398,332.45,5301493.0,1082302.0
2025-06-18 14:54:07.209714,332.45,5300950.0,1084957.0
2025-06-18 14:54:08.100875,332.45,5300950.0,1084957.0
2025-06-18 14:54:08.210299,332.45,5301293.0,1084866.0
2025-06-18 14:54:09.209944,332.45,5298145.0,1085562.0
2025-06-18 14:54:10.103253,332.45,5298145.0,1085562.0
2025-06-18 14:54:10.211316,332.45,5298492.0,1085347.0
2025-06-18 14:54:11.102667,332.45,5298492.0,1085347.0
2025-06-18 14:54:11.212204,332.45,5296411.0,1085112.0
2025-06-18 14:54:12.105052,332.45,5296411.0,1085112.0
2025-06-18 14:54:12.310085,332.45,5296384.0,1085108.0
2025-06-18 14:54:13.109349,332.5,5296384.0,1085108.0
2025-06-18 14:54:13.216084,332.5,5297100.0,1083426.0
2025-06-18 14:54:14.314355,332.45,5296330.0,1083406.0
2025-06-18 14:54:15.098119,332.45,5296330.0,1083406.0
2025-06-18 14:54:15.314119,332.45,5296474.0,1083526.0
2025-06-18 14:54:16.110840,332.45,5296474.0,1083526.0
2025-06-18 14:54:16.418795,332.5,5298198.0,1083104.0
2025-06-18 14:54:17.101022,332.45,5298198.0,1083104.0
2025-06-18 14:54:17.422596,332.5,5298693.0,1083142.0
2025-06-18 14:54:18.101147,332.5,5298693.0,1083142.0
2025-06-18 14:54:18.516423,332.55,5304479.0,1077512.0
2025-06-18 14:54:19.100087,332.55,5304479.0,1077512.0
2025-06-18 14:54:19.618600,332.55,5331482.0,1078145.0
2025-06-18 14:54:20.517868,332.55,5331482.0,1078101.0
2025-06-18 14:54:21.104824,332.55,5331482.0,1078101.0
2025-06-18 14:54:21.619289,332.55,5333313.0,1081320.0
2025-06-18 14:54:22.123289,332.55,5333313.0,1081320.0
2025-06-18 14:54:22.718120,332.55,5330577.0,1082137.0
2025-06-18 14:54:23.819025,332.6,5331278.0,1082030.0
2025-06-18 14:54:24.099665,332.6,5331278.0,1082030.0
2025-06-18 14:54:24.925170,332.55,5336096.0,1081658.0
2025-06-18 14:54:25.101229,332.55,5336096.0,1081658.0
2025-06-18 14:54:26.021333,332.55,5333315.0,1079818.0
2025-06-18 14:54:26.205966,332.5,5333315.0,1079818.0
2025-06-18 14:54:27.020702,332.5,5332963.0,1080135.0
2025-06-18 14:54:27.100251,332.55,5332963.0,1080135.0
2025-06-18 14:54:28.127230,332.55,5334156.0,1080798.0
2025-06-18 14:54:29.098721,332.55,5334156.0,1080798.0
2025-06-18 14:54:29.221166,332.55,5332619.0,1079517.0
2025-06-18 14:54:30.102347,332.5,5332619.0,1079517.0
2025-06-18 14:54:30.221276,332.5,5331792.0,1080781.0
2025-06-18 14:54:31.102425,332.55,5331792.0,1080781.0
2025-06-18 14:54:31.132279,332.55,5331595.0,1080891.0
2025-06-18 14:54:32.101518,332.5,5331595.0,1080891.0
2025-06-18 14:54:32.338355,332.5,5319239.0,1080674.0
2025-06-18 14:54:33.098730,332.55,5319239.0,1080674.0
2025-06-18 14:54:33.427013,332.55,5322149.0,1077655.0
2025-06-18 14:54:34.103148,332.5,5322149.0,1077655.0
2025-06-18 14:54:34.523723,332.5,5321822.0,1077643.0
2025-06-18 14:54:35.096468,332.6,5321822.0,1077643.0
2025-06-18 14:54:35.430574,332.6,5322178.0,1077621.0
2025-06-18 14:54:36.100819,332.5,5322178.0,1077621.0
2025-06-18 14:54:36.527768,332.5,5322274.0,1077831.0
2025-06-18 14:54:37.096978,332.5,5322274.0,1077831.0
2025-06-18 14:54:37.529565,332.6,5318492.0,1077629.0
2025-06-18 14:54:38.101582,332.6,5318492.0,1077629.0
2025-06-18 14:54:38.530643,332.55,5316918.0,1077352.0
2025-06-18 14:54:39.098065,332.55,5316918.0,1077352.0
2025-06-18 14:54:39.530404,332.55,5317874.0,1078769.0
2025-06-18 14:54:40.184697,332.55,5317874.0,1078769.0
2025-06-18 14:54:40.531472,332.55,5317276.0,1080441.0
2025-06-18 14:54:41.107913,332.55,5317276.0,1080441.0
2025-06-18 14:54:41.532801,332.65,5312667.0,1081315.0
2025-06-18 14:54:42.100860,332.55,5312667.0,1081315.0
2025-06-18 14:54:42.535751,332.65,5312518.0,1079975.0
2025-06-18 14:54:43.101154,332.65,5312518.0,1079975.0
2025-06-18 14:54:43.532857,332.65,5314203.0,1080540.0
2025-06-18 14:54:44.100257,332.65,5314203.0,1080540.0
2025-06-18 14:54:44.533860,332.5,5314444.0,1082193.0
2025-06-18 14:54:45.101335,332.5,5314444.0,1082193.0
2025-06-18 14:54:45.535916,332.5,5314747.0,1082313.0
2025-06-18 14:54:46.099876,332.5,5314747.0,1082313.0
2025-06-18 14:54:46.536016,332.65,5314145.0,1081747.0
2025-06-18 14:54:47.103243,332.5,5314145.0,1081747.0
2025-06-18 14:54:47.642848,332.65,5314075.0,1081743.0
2025-06-18 14:54:48.110474,332.65,5314075.0,1081743.0
2025-06-18 14:54:48.641874,332.5,5313445.0,1081716.0
2025-06-18 14:54:49.109067,332.5,5313445.0,1081716.0
2025-06-18 14:54:49.648677,332.5,5312823.0,1082103.0
2025-06-18 14:54:50.738719,332.5,5142621.0,1082693.0
2025-06-18 14:54:51.740689,332.5,5143526.0,1082693.0
2025-06-18 14:54:52.099642,332.5,5143526.0,1082693.0
2025-06-18 14:54:52.741640,332.5,5142674.0,1082845.0
2025-06-18 14:54:53.841847,332.5,5142683.0,1082845.0
2025-06-18 14:54:54.843042,332.5,5142529.0,1083424.0
2025-06-18 14:54:55.102365,332.5,5142529.0,1083424.0
2025-06-18 14:54:55.844340,332.5,5142434.0,1082991.0
2025-06-18 14:54:56.112642,332.5,5142434.0,1082991.0
2025-06-18 14:54:56.743537,332.5,5143543.0,1082991.0
2025-06-18 14:54:57.102823,332.6,5143543.0,1082991.0
2025-06-18 14:54:57.745342,332.6,5143376.0,1082387.0
2025-06-18 14:54:58.749466,332.6,5142369.0,1084318.0
2025-06-18 14:54:59.749575,332.5,5142161.0,1084201.0
2025-06-18 14:55:00.104868,332.5,5142161.0,1084201.0
2025-06-18 14:55:00.844669,332.55,5141888.0,1084015.0
2025-06-18 14:55:01.112642,332.55,5141888.0,1084015.0
2025-06-18 14:55:01.967214,332.55,5140800.0,1084022.0
2025-06-18 14:55:02.098985,332.5,5140800.0,1084022.0
2025-06-18 14:55:03.044394,332.55,5140983.0,1084464.0
2025-06-18 14:55:03.096998,332.55,5140983.0,1084464.0
2025-06-18 14:55:04.044267,332.55,5141597.0,1084464.0
2025-06-18 14:55:05.047469,332.55,5142382.0,1083909.0
2025-06-18 14:55:05.100945,332.55,5142382.0,1083909.0
2025-06-18 14:55:06.047121,332.5,5141732.0,1084136.0
2025-06-18 14:55:06.105982,332.5,5141732.0,1084136.0
2025-06-18 14:55:07.047984,332.5,5142938.0,1084114.0
2025-06-18 14:55:07.099560,332.5,5142938.0,1084114.0
2025-06-18 14:55:08.052676,332.5,5143298.0,1081436.0
2025-06-18 14:55:09.049290,332.5,5143204.0,1082728.0
2025-06-18 14:55:09.101620,332.5,5143204.0,1082728.0
2025-06-18 14:55:10.047432,332.5,5143142.0,1082748.0
2025-06-18 14:55:10.104563,332.5,5143142.0,1082748.0
2025-06-18 14:55:11.049910,332.6,5143627.0,1083247.0
2025-06-18 14:55:11.100453,332.5,5143627.0,1083247.0
2025-06-18 14:55:12.104221,332.5,5143627.0,1083247.0
2025-06-18 14:55:12.150292,332.5,5142774.0,1082737.0
2025-06-18 14:55:13.053684,332.5,5142937.0,1082347.0
2025-06-18 14:55:14.051634,332.6,5142720.0,1082076.0
2025-06-18 14:55:14.101562,332.6,5142720.0,1082076.0
2025-06-18 14:55:15.052736,332.5,5142837.0,1082307.0
2025-06-18 14:55:15.101558,332.5,5142837.0,1082307.0
2025-06-18 14:55:16.053267,332.5,5142870.0,1082376.0
2025-06-18 14:55:16.101436,332.5,5142870.0,1082376.0
2025-06-18 14:55:17.101199,332.5,5142870.0,1082376.0
2025-06-18 14:55:17.153491,332.5,5142612.0,1082477.0
2025-06-18 14:55:18.119979,332.5,5142612.0,1082477.0
2025-06-18 14:55:18.154386,332.5,5142186.0,1084089.0
2025-06-18 14:55:19.054918,332.5,5141716.0,1083608.0
2025-06-18 14:55:20.100624,332.5,5141716.0,1083608.0
2025-06-18 14:55:20.155786,332.5,5140681.0,1084200.0
2025-06-18 14:55:21.157034,332.5,5141502.0,1084296.0
2025-06-18 14:55:22.101647,332.5,5141502.0,1084296.0
2025-06-18 14:55:22.159532,332.5,5141723.0,1084289.0
2025-06-18 14:55:23.157352,332.5,5126607.0,1084968.0
2025-06-18 14:55:23.513362,332.5,5126607.0,1084968.0
2025-06-18 14:55:24.103896,332.5,5126607.0,1084968.0
2025-06-18 14:55:24.158260,332.5,5142861.0,1085860.0
2025-06-18 14:55:24.657881,332.5,5142861.0,1085860.0
2025-06-18 14:55:25.144728,332.55,5142861.0,1085860.0
2025-06-18 14:55:25.159091,332.55,5142248.0,1084978.0
2025-06-18 14:55:25.673841,332.55,5142248.0,1084978.0
2025-06-18 14:55:26.102687,332.5,5142248.0,1084978.0
2025-06-18 14:55:26.159642,332.5,5141544.0,1084589.0
2025-06-18 14:55:26.874383,332.5,5141544.0,1084589.0
2025-06-18 14:55:27.101961,332.55,5141544.0,1084589.0
2025-06-18 14:55:27.160281,332.55,5141014.0,1083504.0
2025-06-18 14:55:27.866105,332.55,5141014.0,1083504.0
2025-06-18 14:55:28.098974,332.55,5141014.0,1083504.0
2025-06-18 14:55:28.158520,332.55,5141569.0,1083013.0
2025-06-18 14:55:28.808174,332.55,5141569.0,1083013.0
2025-06-18 14:55:29.105578,332.5,5141569.0,1083013.0
2025-06-18 14:55:29.160926,332.5,5141866.0,1083027.0
2025-06-18 14:55:30.060300,332.5,5141866.0,1083027.0
2025-06-18 14:55:30.106126,332.5,5141866.0,1083027.0
2025-06-18 14:55:30.162604,332.5,5141728.0,1084048.0
2025-06-18 14:55:30.649640,332.5,5141728.0,1084048.0
2025-06-18 14:55:31.067678,332.5,5141728.0,1084048.0
2025-06-18 14:55:31.103517,332.55,5141728.0,1084048.0
2025-06-18 14:55:31.164010,332.55,5142466.0,1084147.0
2025-06-18 14:55:31.580075,332.55,5142466.0,1084147.0
2025-06-18 14:55:32.108038,332.5,5142466.0,1084147.0
2025-06-18 14:55:32.163543,332.5,5144430.0,1084028.0
2025-06-18 14:55:32.884152,332.5,5144430.0,1084028.0
2025-06-18 14:55:33.102491,332.55,5144430.0,1084028.0
2025-06-18 14:55:33.163218,332.55,5143900.0,1084190.0
2025-06-18 14:55:34.110622,332.55,5143900.0,1084190.0
2025-06-18 14:55:34.153053,332.55,5143900.0,1084190.0
2025-06-18 14:55:34.171085,332.55,5152111.0,1081816.0
2025-06-18 14:55:35.043919,332.55,5152111.0,1081816.0
2025-06-18 14:55:35.066298,332.55,5152502.0,1091075.0
2025-06-18 14:55:35.102089,332.55,5152502.0,1091075.0
2025-06-18 14:55:36.067675,332.55,5151812.0,1091273.0
2025-06-18 14:55:36.102778,332.55,5151812.0,1091273.0
2025-06-18 14:55:36.471875,332.55,5151812.0,1091273.0
2025-06-18 14:55:37.070578,332.55,5151754.0,1087210.0
2025-06-18 14:55:37.157240,332.55,5151754.0,1087210.0
2025-06-18 14:55:37.648680,332.55,5151754.0,1087210.0
2025-06-18 14:55:38.068317,332.6,5152129.0,1090585.0
2025-06-18 14:55:38.107030,332.6,5152129.0,1090585.0
2025-06-18 14:55:38.822945,332.6,5152129.0,1090585.0
2025-06-18 14:55:39.070041,332.55,5152434.0,1090454.0
2025-06-18 14:55:39.106848,332.55,5152434.0,1090454.0
2025-06-18 14:55:40.071328,332.6,5154273.0,1089451.0
2025-06-18 14:55:40.105420,332.6,5154273.0,1089451.0
2025-06-18 14:55:40.355414,332.6,5154273.0,1089451.0
2025-06-18 14:55:41.069208,332.6,5154308.0,1090660.0
2025-06-18 14:55:41.105664,332.55,5154308.0,1090660.0
2025-06-18 14:55:42.072273,332.55,5153640.0,1089801.0
2025-06-18 14:55:42.158507,332.55,5153640.0,1089801.0
2025-06-18 14:55:43.070751,332.55,5153607.0,1089896.0
2025-06-18 14:55:44.170257,332.55,5153639.0,1090266.0
2025-06-18 14:55:45.107060,332.55,5153639.0,1090266.0
2025-06-18 14:55:45.171079,332.55,5153545.0,1090246.0
2025-06-18 14:55:46.105621,332.55,5153545.0,1090246.0
2025-06-18 14:55:46.170660,332.55,5153651.0,1090366.0
2025-06-18 14:55:47.103438,332.55,5153651.0,1090366.0
2025-06-18 14:55:47.172453,332.55,5153187.0,1090367.0
2025-06-18 14:55:48.105516,332.55,5153187.0,1090367.0
2025-06-18 14:55:48.173291,332.55,5153393.0,1090362.0
2025-06-18 14:55:49.173561,332.55,5153436.0,1090632.0
2025-06-18 14:55:52.542367,332.6,5153436.0,1090632.0
2025-06-18 14:55:52.621698,332.6,5153354.0,1090362.0
2025-06-18 14:55:52.663639,332.6,5153168.0,1090604.0
2025-06-18 14:55:52.665501,332.6,5153168.0,1090604.0
2025-06-18 14:55:52.787705,332.55,5153168.0,1090604.0
2025-06-18 14:55:52.791990,332.55,5152446.0,1090531.0
2025-06-18 14:55:53.115095,332.6,5152446.0,1090531.0
2025-06-18 14:55:53.278318,332.6,5152522.0,1090530.0
2025-06-18 14:55:54.180822,332.6,5147522.0,1090530.0
2025-06-18 14:55:55.104728,332.6,5147522.0,1090530.0
2025-06-18 14:55:55.181369,332.6,5147486.0,1090538.0
2025-06-18 14:55:56.103458,332.55,5147486.0,1090538.0
2025-06-18 14:55:56.183468,332.55,5146616.0,1089951.0
2025-06-18 14:55:57.103689,332.6,5146616.0,1089951.0
2025-06-18 14:55:57.184056,332.6,5146520.0,1089936.0
2025-06-18 14:55:58.106849,332.55,5146520.0,1089936.0
2025-06-18 14:55:58.283828,332.55,5146680.0,1089928.0
2025-06-18 14:55:59.105235,332.55,5146680.0,1089928.0
2025-06-18 14:55:59.185726,332.55,5146974.0,1089409.0
2025-06-18 14:56:00.108441,332.55,5146974.0,1089409.0
2025-06-18 14:56:00.288302,332.55,5146502.0,1089389.0
2025-06-18 14:56:01.788627,332.55,5146805.0,1089510.0
2025-06-18 14:56:02.113227,332.55,5146805.0,1089510.0
2025-06-18 14:56:02.788299,332.6,5146565.0,1088920.0
2025-06-18 14:56:03.107566,332.6,5146565.0,1088920.0
2025-06-18 14:56:03.787445,332.6,5146223.0,1089927.0
2025-06-18 14:56:04.120715,332.6,5146223.0,1089927.0
2025-06-18 14:56:04.790539,332.6,5146274.0,1089878.0
2025-06-18 14:56:05.107643,332.6,5146274.0,1089878.0
2025-06-18 14:56:05.792484,332.55,5146396.0,1089831.0
2025-06-18 14:56:06.115517,332.55,5146396.0,1089831.0
2025-06-18 14:56:06.791345,332.55,5144455.0,1089831.0
2025-06-18 14:56:07.112573,332.55,5144455.0,1089831.0
2025-06-18 14:56:07.691837,332.55,5143994.0,1089867.0
2025-06-18 14:56:08.127757,332.55,5143994.0,1089867.0
2025-06-18 14:56:08.692327,332.55,5143734.0,1089868.0
2025-06-18 14:56:09.691744,332.55,5148240.0,1087671.0
2025-06-18 14:56:10.167190,332.55,5148240.0,1087671.0
2025-06-18 14:56:10.792652,332.55,5148476.0,1087644.0
2025-06-18 14:56:11.111714,332.55,5148476.0,1087644.0
2025-06-18 14:56:11.893365,332.6,5145812.0,1090668.0
2025-06-18 14:56:12.119568,332.55,5145812.0,1090668.0
2025-06-18 14:56:13.002664,332.6,5146540.0,1087625.0
2025-06-18 14:56:13.109757,332.6,5146540.0,1087625.0
2025-06-18 14:56:14.095167,332.6,5146585.0,1087625.0
2025-06-18 14:56:15.121412,332.6,5146585.0,1087625.0
2025-06-18 14:56:15.197155,332.6,5147711.0,1086887.0
2025-06-18 14:56:16.113778,332.55,5147711.0,1086887.0
2025-06-18 14:56:16.297228,332.55,5151707.0,1085191.0
2025-06-18 14:56:17.111209,332.55,5151707.0,1085191.0
2025-06-18 14:56:17.298764,332.55,5152302.0,1084746.0
2025-06-18 14:56:18.111777,332.6,5152302.0,1084746.0
2025-06-18 14:56:18.199566,332.6,5152809.0,1084819.0
2025-06-18 14:56:19.100352,332.55,5151626.0,1083732.0
2025-06-18 14:56:19.109286,332.55,5151626.0,1083732.0
2025-06-18 14:56:20.100492,332.55,5151368.0,1084002.0
2025-06-18 14:56:21.102529,332.55,5149906.0,1083912.0
2025-06-18 14:56:22.117748,332.6,5149906.0,1083912.0
2025-06-18 14:56:22.206237,332.6,5152224.0,1086086.0
2025-06-18 14:56:23.305080,332.6,5152397.0,1086772.0
2025-06-18 14:56:24.114341,332.6,5152397.0,1086772.0
2025-06-18 14:56:24.207721,332.6,5152206.0,1086888.0
2025-06-18 14:56:25.156272,332.6,5152206.0,1086888.0
2025-06-18 14:56:25.211642,332.6,5152218.0,1086633.0
2025-06-18 14:56:26.116310,332.55,5152218.0,1086633.0
2025-06-18 14:56:26.210710,332.55,5151773.0,1086466.0
2025-06-18 14:56:27.114537,332.6,5151773.0,1086466.0
2025-06-18 14:56:27.207505,332.6,5151152.0,1086453.0
2025-06-18 14:56:28.114004,332.55,5151152.0,1086453.0
2025-06-18 14:56:28.209847,332.55,5151502.0,1086453.0
2025-06-18 14:56:29.114604,332.55,5151502.0,1086453.0
2025-06-18 14:56:29.209821,332.55,5151657.0,1086453.0
2025-06-18 14:56:30.116003,332.55,5151657.0,1086453.0
2025-06-18 14:56:30.210220,332.55,5151616.0,1086912.0
2025-06-18 14:56:31.210601,332.55,5151791.0,1087032.0
2025-06-18 14:56:32.118274,332.55,5151791.0,1087032.0
2025-06-18 14:56:32.209902,332.55,5151397.0,1087028.0
2025-06-18 14:56:33.113841,332.6,5151397.0,1087028.0
2025-06-18 14:56:33.212787,332.6,5152001.0,1087832.0
2025-06-18 14:56:34.114725,332.6,5152001.0,1087832.0
2025-06-18 14:56:34.212159,332.6,5151323.0,1087739.0
2025-06-18 14:56:35.211170,332.6,5151673.0,1086368.0
2025-06-18 14:56:36.117192,332.55,5151673.0,1086368.0
2025-06-18 14:56:36.213934,332.55,5151416.0,1086368.0
2025-06-18 14:56:37.116548,332.55,5151416.0,1086368.0
2025-06-18 14:56:37.213799,332.55,5151481.0,1086366.0
2025-06-18 14:56:38.312331,332.55,5151571.0,1087258.0
2025-06-18 14:56:39.115118,332.45,5151571.0,1087258.0
2025-06-18 14:56:39.313988,332.45,5137437.0,1094605.0
2025-06-18 14:56:40.115970,332.45,5137437.0,1094605.0
2025-06-18 14:56:40.315298,332.45,5137980.0,1093763.0
2025-06-18 14:56:41.117399,332.45,5137980.0,1093763.0
2025-06-18 14:56:41.315733,332.5,5137589.0,1092763.0
2025-06-18 14:56:42.114412,332.45,5137589.0,1092763.0
2025-06-18 14:56:42.316265,332.45,5137408.0,1094441.0
2025-06-18 14:56:43.115572,332.45,5137408.0,1094441.0
2025-06-18 14:56:43.426021,332.45,5137564.0,1094192.0
2025-06-18 14:56:44.420642,332.45,5137848.0,1093731.0
2025-06-18 14:56:45.116552,332.6,5137848.0,1093731.0
2025-06-18 14:56:45.420279,332.5,5141510.0,1081928.0
2025-06-18 14:56:46.118637,332.5,5141510.0,1081928.0
2025-06-18 14:56:46.423886,332.5,5142804.0,1083034.0
2025-06-18 14:56:47.120253,332.5,5142804.0,1083034.0
2025-06-18 14:56:47.549590,332.6,5145598.0,1082779.0
2025-06-18 14:56:48.126885,332.6,5145598.0,1082779.0
2025-06-18 14:56:49.123483,332.5,5145598.0,1082779.0
2025-06-18 14:56:49.124758,332.5,5144112.0,1084031.0
2025-06-18 14:56:50.126068,332.5,5145493.0,1084031.0
2025-06-18 14:56:51.122657,332.5,5145493.0,1084031.0
2025-06-18 14:56:51.220195,332.5,5145148.0,1084222.0
2025-06-18 14:56:52.118739,332.5,5145148.0,1084222.0
2025-06-18 14:56:52.222848,332.5,5143982.0,1084484.0
2025-06-18 14:56:53.223386,332.5,5144149.0,1084711.0
2025-06-18 14:56:54.116852,332.6,5144149.0,1084711.0
2025-06-18 14:56:54.224897,332.6,5143985.0,1084669.0
2025-06-18 14:56:55.120753,332.5,5143985.0,1084669.0
2025-06-18 14:56:55.130274,332.5,5144227.0,1084814.0
2025-06-18 14:56:56.119887,332.5,5144227.0,1084814.0
2025-06-18 14:56:56.130313,332.5,5143915.0,1084962.0
2025-06-18 14:56:57.114481,332.6,5143915.0,1084962.0
2025-06-18 14:56:57.224562,332.6,5143964.0,1085350.0
2025-06-18 14:56:58.131302,332.6,5144924.0,1085059.0
2025-06-18 14:56:59.116575,332.5,5144924.0,1085059.0
2025-06-18 14:56:59.226533,332.5,5143563.0,1083894.0
2025-06-18 14:57:00.121156,332.55,5143563.0,1083894.0
2025-06-18 14:57:00.233034,332.55,5148649.0,1084474.0
2025-06-18 14:57:03.118652,332.6,5148649.0,1084474.0
2025-06-18 14:57:03.230461,332.6,5148589.0,1084204.0
2025-06-18 14:57:06.121363,332.55,5148589.0,1084204.0
2025-06-18 14:57:08.834786,332.6,5148584.0,1084289.0
2025-06-18 14:57:09.118206,332.6,5148584.0,1084289.0
2025-06-18 14:57:12.125280,332.55,5148584.0,1084289.0
2025-06-18 14:57:14.543461,332.55,5146676.0,1083932.0
2025-06-18 14:57:15.120120,332.55,5146676.0,1083932.0
2025-06-18 14:57:18.123653,332.6,5146676.0,1083932.0
2025-06-18 14:57:19.340078,332.6,5146603.0,1083874.0
2025-06-18 14:57:21.121146,332.6,5146603.0,1083874.0
2025-06-18 14:57:24.121923,332.6,5146603.0,1083874.0
2025-06-18 14:57:24.351107,332.6,5147001.0,1084448.0
2025-06-18 14:57:27.153419,332.6,5147001.0,1084448.0
2025-06-18 14:57:29.465745,332.55,5147099.0,1083192.0
2025-06-18 14:57:30.124052,332.55,5147099.0,1083192.0
2025-06-18 14:57:33.127842,332.6,5147099.0,1083192.0
2025-06-18 14:57:34.589126,332.55,5146884.0,1083675.0
2025-06-18 14:57:36.123575,332.55,5146884.0,1083675.0
2025-06-18 14:57:39.121721,332.55,5146884.0,1083675.0
2025-06-18 14:57:39.480742,332.55,5145719.0,1097689.0
2025-06-18 14:57:42.133221,332.55,5145719.0,1097689.0
2025-06-18 14:57:44.477863,332.55,5146709.0,1098630.0
2025-06-18 14:57:45.124048,332.6,5146709.0,1098630.0
2025-06-18 14:57:48.130374,332.6,5146709.0,1098630.0
2025-06-18 14:57:49.482048,332.55,5149115.0,1099427.0
2025-06-18 14:57:51.123484,332.6,5149115.0,1099427.0
2025-06-18 14:57:54.125570,332.6,5149115.0,1099427.0
2025-06-18 14:57:55.084500,332.55,5154794.0,1099213.0
2025-06-18 14:57:58.127169,332.6,5154794.0,1099213.0
2025-06-18 14:58:00.886204,332.6,5155283.0,1099094.0
2025-06-18 14:58:01.118418,332.6,5155283.0,1099094.0
2025-06-18 14:58:04.125020,332.55,5155283.0,1099094.0
2025-06-18 14:58:06.787191,332.55,5154570.0,1098825.0
2025-06-18 14:58:07.126910,332.55,5154570.0,1098825.0
2025-06-18 14:58:10.156588,332.55,5154570.0,1098825.0
2025-06-18 14:58:12.290753,332.55,5153232.0,1098734.0
2025-06-18 14:58:13.125133,332.55,5153232.0,1098734.0
2025-06-18 14:58:16.124908,332.55,5153232.0,1098734.0
2025-06-18 14:58:17.611340,332.55,5151639.0,1098585.0
2025-06-18 14:58:19.120623,332.55,5151639.0,1098585.0
2025-06-18 14:58:22.129421,332.55,5151639.0,1098585.0
2025-06-18 14:58:23.197647,332.6,5152728.0,1090693.0
2025-06-18 14:58:24.007351,332.6,5152728.0,1090693.0
2025-06-18 14:58:25.119906,332.7,5152728.0,1090693.0
2025-06-18 14:58:25.173776,332.7,5152728.0,1090693.0
2025-06-18 14:58:26.183010,332.7,5152728.0,1090693.0
2025-06-18 14:58:27.210033,332.7,5152728.0,1090693.0
2025-06-18 14:58:28.123015,332.65,5152728.0,1090693.0
2025-06-18 14:58:28.380278,332.65,5152728.0,1090693.0
2025-06-18 14:58:29.001716,332.65,5155505.0,1087617.0
2025-06-18 14:58:29.306952,332.65,5155505.0,1087617.0
2025-06-18 14:58:30.584480,332.65,5155505.0,1087617.0
2025-06-18 14:58:31.126835,332.55,5155505.0,1087617.0
2025-06-18 14:58:31.182414,332.55,5155505.0,1087617.0
2025-06-18 14:58:32.151472,332.55,5155505.0,1087617.0
2025-06-18 14:58:33.407857,332.55,5155505.0,1087617.0
2025-06-18 14:58:34.122573,332.65,5155505.0,1087617.0
2025-06-18 14:58:34.406072,332.65,5151979.0,1088361.0
2025-06-18 14:58:34.693359,332.65,5151979.0,1088361.0
2025-06-18 14:58:35.597742,332.65,5151979.0,1088361.0
2025-06-18 14:58:37.016544,332.65,5151979.0,1088361.0
2025-06-18 14:58:37.142152,332.55,5151979.0,1088361.0
2025-06-18 14:58:38.195286,332.55,5151979.0,1088361.0
2025-06-18 14:58:39.386695,332.55,5151979.0,1088361.0
2025-06-18 14:58:39.606713,332.55,5151302.0,1087312.0
2025-06-18 14:58:40.126876,332.6,5151302.0,1087312.0
2025-06-18 14:58:40.920507,332.6,5151302.0,1087312.0
2025-06-18 14:58:43.124381,332.55,5151302.0,1087312.0
2025-06-18 14:58:44.509441,332.55,5151281.0,1086397.0
2025-06-18 14:58:46.126710,332.6,5151281.0,1086397.0
2025-06-18 14:58:49.127191,332.55,5151281.0,1086397.0
2025-06-18 14:58:50.131020,332.55,5149427.0,1087146.0
2025-06-18 14:58:52.213314,332.55,5149427.0,1087146.0
2025-06-18 14:58:55.155807,332.55,5149161.0,1086774.0
2025-06-18 14:58:55.156897,332.55,5149161.0,1086774.0
2025-06-18 14:58:58.123848,332.6,5149161.0,1086774.0
2025-06-18 14:59:00.421433,332.55,5148217.0,1085779.0
2025-06-18 14:59:01.127046,332.55,5148217.0,1085779.0
2025-06-18 14:59:04.147740,332.75,5148217.0,1085779.0
2025-06-18 14:59:06.324435,332.6,5152726.0,1085986.0
2025-06-18 14:59:07.179877,332.6,5152726.0,1085986.0
2025-06-18 14:59:10.190179,332.6,5152726.0,1085986.0
2025-06-18 14:59:12.224688,332.6,5150667.0,1087180.0
2025-06-18 14:59:13.140990,332.6,5150667.0,1087180.0
2025-06-18 14:59:16.159861,332.6,5150667.0,1087180.0
2025-06-18 14:59:17.531022,332.7,5150826.0,1086073.0
2025-06-18 14:59:19.131226,332.6,5150826.0,1086073.0
2025-06-18 14:59:22.129413,332.6,5150826.0,1086073.0
2025-06-18 14:59:23.143546,332.6,5149044.0,1086088.0
2025-06-18 14:59:25.128842,332.6,5149044.0,1086088.0
2025-06-18 14:59:28.127553,332.65,5149044.0,1086088.0
2025-06-18 14:59:28.643381,332.6,5149874.0,1085833.0
2025-06-18 14:59:31.134008,332.6,5149874.0,1085833.0
2025-06-18 14:59:33.946848,332.65,5150915.0,1086839.0
2025-06-18 14:59:34.129042,332.65,5150915.0,1086839.0
2025-06-18 14:59:37.130201,332.6,5150915.0,1086839.0
2025-06-18 14:59:39.245109,332.6,5149853.0,1087271.0
2025-06-18 14:59:40.137504,332.6,5149853.0,1087271.0
2025-06-18 14:59:43.130896,332.6,5149853.0,1087271.0
2025-06-18 14:59:44.950268,332.65,5149191.0,1088597.0
2025-06-18 14:59:46.131750,332.6,5149191.0,1088597.0
2025-06-18 14:59:49.147035,332.6,5149191.0,1088597.0
2025-06-18 14:59:50.349967,332.6,5148691.0,1088301.0
2025-06-18 14:59:52.136016,332.6,5148691.0,1088301.0
2025-06-18 14:59:55.140569,332.6,5148691.0,1088301.0
2025-06-18 14:59:55.857626,332.6,5148901.0,1088335.0
2025-06-18 14:59:58.135214,332.65,5148901.0,1088335.0
2025-06-18 15:00:00.970905,332.65,5152480.0,1088283.0
2025-06-18 15:00:02.137202,332.65,5152480.0,1088283.0
2025-06-18 15:00:06.867845,332.6,5161110.0,1085125.0
2025-06-18 15:00:08.132610,332.65,5161110.0,1085125.0
2025-06-18 15:00:13.128646,332.8,5161110.0,1085125.0
2025-06-18 15:00:13.372970,332.8,5154005.0,1067271.0
2025-06-18 15:00:18.131941,332.8,5154005.0,1067271.0
2025-06-18 15:00:20.005011,332.85,5150735.0,1066336.0
2025-06-18 15:00:23.130962,332.85,5150735.0,1066336.0
2025-06-18 15:00:26.583678,332.85,5084872.0,1065534.0
2025-06-18 15:00:28.166879,332.9,5084872.0,1065534.0
2025-06-18 15:00:33.002686,332.9,5085127.0,1061989.0
2025-06-18 15:00:33.134287,332.9,5085127.0,1061989.0
2025-06-18 15:00:37.138385,332.9,5085127.0,1061989.0
2025-06-18 15:00:39.397861,332.9,5042392.0,1069776.0
2025-06-18 15:00:42.135067,332.9,5042392.0,1069776.0
2025-06-18 15:00:45.300125,332.9,5049680.0,1070097.0
2025-06-18 15:00:47.139311,332.85,5049680.0,1070097.0
2025-06-18 15:00:51.008394,332.9,5048925.0,1071327.0
2025-06-18 15:00:52.143814,332.85,5048925.0,1071327.0
2025-06-18 15:00:56.136472,332.85,5048925.0,1071327.0
2025-06-18 15:00:56.708211,332.85,5041260.0,1072705.0
2025-06-18 15:00:59.138356,332.9,5041260.0,1072705.0
2025-06-18 15:01:02.308031,332.9,5039902.0,1073053.0
2025-06-18 15:01:04.134205,332.9,5039902.0,1073053.0
2025-06-18 15:01:08.613606,332.85,5042686.0,1073207.0
2025-06-18 15:01:09.140292,332.9,5042686.0,1073207.0
2025-06-18 15:01:14.146969,332.9,5042686.0,1073207.0
2025-06-18 15:01:14.916115,332.85,5039743.0,1072186.0
2025-06-18 15:01:19.167075,332.85,5039743.0,1072186.0
2025-06-18 15:01:21.125267,332.9,5036903.0,1049350.0
2025-06-18 15:01:24.141688,332.85,5036903.0,1049350.0
2025-06-18 15:01:24.586094,332.85,5036903.0,1049350.0
2025-06-18 15:01:25.826377,332.85,5036903.0,1049350.0
2025-06-18 15:01:26.928563,332.85,5033481.0,1056423.0
2025-06-18 15:01:27.205791,332.85,5033481.0,1056423.0
2025-06-18 15:01:28.247605,332.85,5033481.0,1056423.0
2025-06-18 15:01:29.141646,332.85,5033481.0,1056423.0
2025-06-18 15:01:29.236604,332.85,5033481.0,1056423.0
2025-06-18 15:01:30.354189,332.85,5033481.0,1056423.0
2025-06-18 15:01:31.628164,332.85,5033481.0,1056423.0
2025-06-18 15:01:32.215015,332.85,5033481.0,1056423.0
2025-06-18 15:01:32.637624,332.8,5030704.0,1059231.0
2025-06-18 15:01:33.154770,332.8,5030704.0,1059231.0
2025-06-18 15:01:34.137976,332.85,5030704.0,1059231.0
2025-06-18 15:01:34.452559,332.85,5030704.0,1059231.0
2025-06-18 15:01:35.743431,332.85,5030704.0,1059231.0
2025-06-18 15:01:36.624173,332.85,5030704.0,1059231.0
2025-06-18 15:01:38.042095,332.85,5030704.0,1059231.0
2025-06-18 15:01:38.335250,332.7,5001956.0,1068122.0
2025-06-18 15:01:39.143248,332.65,5001956.0,1068122.0
2025-06-18 15:01:39.212061,332.65,5001956.0,1068122.0
2025-06-18 15:01:40.378147,332.65,5001956.0,1068122.0
2025-06-18 15:01:41.912105,332.65,5001956.0,1068122.0
2025-06-18 15:01:42.145702,332.75,5001956.0,1068122.0
2025-06-18 15:01:44.039155,332.65,5003292.0,1061925.0
2025-06-18 15:01:46.141073,332.7,5003292.0,1061925.0
2025-06-18 15:01:49.650221,332.75,4996223.0,1064780.0
2025-06-18 15:01:51.143775,332.75,4996223.0,1064780.0
2025-06-18 15:01:55.138680,332.7,4996223.0,1064780.0
2025-06-18 15:01:55.544236,332.7,4995437.0,1066383.0
2025-06-18 15:01:59.144468,332.7,4995437.0,1066383.0
2025-06-18 15:02:01.449757,332.75,4995365.0,1066481.0
2025-06-18 15:02:03.143188,332.75,4995365.0,1066481.0
2025-06-18 15:02:07.149213,332.75,4995365.0,1066481.0
2025-06-18 15:02:07.450892,332.75,4996368.0,1065971.0
2025-06-18 15:02:11.148928,332.7,4996368.0,1065971.0
2025-06-18 15:02:13.757675,332.75,4996105.0,1076695.0
2025-06-18 15:02:15.149879,332.7,4996105.0,1076695.0
2025-06-18 15:02:19.138965,332.6,4996105.0,1076695.0
2025-06-18 15:02:19.759464,332.6,4986328.0,1076614.0
2025-06-18 15:02:23.205876,332.6,4986328.0,1076614.0
2025-06-18 15:02:25.463216,332.6,4991524.0,1078190.0
2025-06-18 15:02:27.140176,332.65,4991524.0,1078190.0
2025-06-18 15:02:31.143196,332.6,4991524.0,1078190.0
2025-06-18 15:02:31.262886,332.6,4982220.0,1080401.0
2025-06-18 15:02:34.148472,332.65,4982220.0,1080401.0
2025-06-18 15:02:37.064740,332.65,4980992.0,1082152.0
2025-06-18 15:02:39.139138,332.6,4980992.0,1082152.0
2025-06-18 15:02:42.670308,332.65,4979253.0,1081757.0
2025-06-18 15:02:43.145870,332.65,4979253.0,1081757.0
2025-06-18 15:02:46.148507,332.65,4979253.0,1081757.0
2025-06-18 15:02:48.482799,332.65,4988773.0,1081484.0
2025-06-18 15:02:51.149174,332.65,4988773.0,1081484.0
2025-06-18 15:02:54.278230,332.7,4988762.0,1083020.0
2025-06-18 15:02:55.147361,332.65,4988762.0,1083020.0
2025-06-18 15:02:59.155494,332.6,4988762.0,1083020.0
2025-06-18 15:03:00.184197,332.6,4982187.0,1087484.0
2025-06-18 15:03:04.147354,332.65,4982187.0,1087484.0
2025-06-18 15:03:06.291788,332.75,4985174.0,1079410.0
2025-06-18 15:03:10.144099,332.6,4985174.0,1079410.0
2025-06-18 15:03:12.504737,332.7,4983491.0,1078864.0
2025-06-18 15:03:15.142595,332.7,4983491.0,1078864.0
2025-06-18 15:03:18.526397,332.75,4970295.0,1078044.0
2025-06-18 15:03:19.140877,332.75,4970295.0,1078044.0
2025-06-18 15:03:23.150449,332.75,4970295.0,1078044.0
2025-06-18 15:03:24.300881,332.75,4989200.0,1077276.0
2025-06-18 15:03:27.149664,332.75,4989200.0,1077276.0
2025-06-18 15:03:30.208795,332.65,4990126.0,1079741.0
2025-06-18 15:03:32.150904,332.7,4990126.0,1079741.0
2025-06-18 15:03:36.109665,332.7,4989983.0,1080233.0
2025-06-18 15:03:37.147011,332.7,4989983.0,1080233.0
2025-06-18 15:03:42.023029,332.65,4992098.0,1081862.0
2025-06-18 15:03:42.143503,332.65,4992098.0,1081862.0
2025-06-18 15:03:45.139850,332.65,4992098.0,1081862.0
2025-06-18 15:03:47.917666,332.65,4986771.0,1071688.0
2025-06-18 15:03:50.143668,332.65,4986771.0,1071688.0
2025-06-18 15:03:53.921715,332.6,4988245.0,1072905.0
2025-06-18 15:03:54.145697,332.6,4988245.0,1072905.0
2025-06-18 15:03:58.145517,332.7,4988245.0,1072905.0
2025-06-18 15:03:59.826085,332.7,4988109.0,1071534.0
2025-06-18 15:04:02.033523,332.7,4990237.0,1068983.0
2025-06-18 15:04:02.148451,332.7,4990237.0,1068983.0
2025-06-18 15:04:02.929055,332.7,4977118.0,1069575.0
2025-06-18 15:04:03.144415,332.65,4977118.0,1069575.0
2025-06-18 15:04:04.145184,332.65,4977118.0,1069575.0
2025-06-18 15:04:04.831319,332.65,4988831.0,1072907.0
2025-06-18 15:04:05.141701,332.6,4988831.0,1072907.0
2025-06-18 15:04:05.739397,332.6,4988853.0,1072907.0
2025-06-18 15:04:06.149129,332.6,4988853.0,1072907.0
2025-06-18 15:04:06.737888,332.6,4987485.0,1071786.0
2025-06-18 15:04:07.144888,332.6,4987485.0,1071786.0
2025-06-18 15:04:07.739969,332.65,4984427.0,1073952.0
2025-06-18 15:04:08.146358,332.65,4984427.0,1073952.0
2025-06-18 15:04:08.649048,332.6,4941569.0,1078135.0
2025-06-18 15:04:09.158122,332.6,4941569.0,1078135.0
2025-06-18 15:04:09.741273,332.55,4980780.0,1079905.0
2025-06-18 15:04:10.146201,332.55,4980780.0,1079905.0
2025-06-18 15:04:10.842861,332.6,4981656.0,1078203.0
2025-06-18 15:04:11.150980,332.55,4981656.0,1078203.0
2025-06-18 15:04:11.949126,332.55,4980860.0,1078219.0
2025-06-18 15:04:12.146340,332.55,4980860.0,1078219.0
2025-06-18 15:04:13.047706,332.65,4981120.0,1078033.0
2025-06-18 15:04:13.148704,332.65,4981120.0,1078033.0
2025-06-18 15:04:14.161122,332.65,4981120.0,1078033.0
2025-06-18 15:04:14.163986,332.65,4980340.0,1077825.0
2025-06-18 15:04:15.149878,332.6,4980340.0,1077825.0
2025-06-18 15:04:15.250149,332.6,4979888.0,1077062.0
2025-06-18 15:04:16.149886,332.65,4979888.0,1077062.0
2025-06-18 15:04:16.251801,332.65,4979283.0,1078314.0
2025-06-18 15:04:17.148455,332.65,4979283.0,1078314.0
2025-06-18 15:04:17.254923,332.65,4979336.0,1078272.0
2025-06-18 15:04:18.150925,332.55,4979336.0,1078272.0
2025-06-18 15:04:18.161165,332.55,4979911.0,1079876.0
2025-06-18 15:04:19.155226,332.55,4979911.0,1079876.0
2025-06-18 15:04:19.253120,332.55,4979632.0,1080525.0
2025-06-18 15:04:20.150351,332.55,4979632.0,1080525.0
2025-06-18 15:04:20.253502,332.55,4980598.0,1080380.0
2025-06-18 15:04:21.151262,332.55,4980598.0,1080380.0
2025-06-18 15:04:21.168079,332.55,4978081.0,1080672.0
2025-06-18 15:04:22.156700,332.6,4978081.0,1080672.0
2025-06-18 15:04:22.160962,332.6,4982414.0,1077218.0
2025-06-18 15:04:23.056553,332.6,4981628.0,1077758.0
2025-06-18 15:04:24.077279,332.6,4982120.0,1078163.0
2025-06-18 15:04:24.149260,332.6,4982120.0,1078163.0
2025-06-18 15:04:25.047522,332.6,4982120.0,1078163.0
2025-06-18 15:04:25.151461,332.6,4982120.0,1078163.0
2025-06-18 15:04:25.159404,332.6,4982647.0,1078005.0
2025-06-18 15:04:26.151724,332.55,4982647.0,1078005.0
2025-06-18 15:04:26.184806,332.55,4982647.0,1078005.0
2025-06-18 15:04:26.654596,332.55,4981997.0,1079772.0
2025-06-18 15:04:27.150516,332.65,4981997.0,1079772.0
2025-06-18 15:04:27.169254,332.65,4981997.0,1079772.0
2025-06-18 15:04:27.558214,332.65,4981091.0,1079102.0
2025-06-18 15:04:28.156328,332.65,4981091.0,1079102.0
2025-06-18 15:04:28.249625,332.65,4981091.0,1079102.0
2025-06-18 15:04:28.560033,332.65,4981371.0,1078493.0
2025-06-18 15:04:29.198991,332.65,4981371.0,1078493.0
2025-06-18 15:04:29.281599,332.65,4981371.0,1078493.0
2025-06-18 15:04:29.592092,332.55,4982574.0,1078742.0
2025-06-18 15:04:30.149422,332.55,4982574.0,1078742.0
2025-06-18 15:04:30.172557,332.55,4982574.0,1078742.0
2025-06-18 15:04:30.559291,332.55,4982598.0,1080381.0
2025-06-18 15:04:31.149646,332.55,4982598.0,1080381.0
2025-06-18 15:04:31.659854,332.65,4981484.0,1079221.0
2025-06-18 15:04:31.735392,332.65,4981484.0,1079221.0
2025-06-18 15:04:32.151845,332.6,4981484.0,1079221.0
2025-06-18 15:04:32.325454,332.6,4981484.0,1079221.0
2025-06-18 15:04:32.565974,332.65,4980651.0,1078818.0
2025-06-18 15:04:32.760719,332.65,4980651.0,1078818.0
2025-06-18 15:04:33.155762,332.65,4980651.0,1078818.0
2025-06-18 15:04:33.292123,332.65,4980651.0,1078818.0
2025-06-18 15:04:33.659974,332.65,4983053.0,1078886.0
2025-06-18 15:04:33.678839,332.65,4983053.0,1078886.0
2025-06-18 15:04:34.151619,332.65,4983053.0,1078886.0
2025-06-18 15:04:34.601118,332.65,4983053.0,1078886.0
2025-06-18 15:04:34.658863,332.6,4982500.0,1078601.0
2025-06-18 15:04:35.147131,332.6,4982500.0,1078601.0
2025-06-18 15:04:35.660597,332.6,4981584.0,1079189.0
2025-06-18 15:04:35.859975,332.6,4981584.0,1079189.0
2025-06-18 15:04:36.154158,332.6,4981584.0,1079189.0
2025-06-18 15:04:36.724069,332.6,4981584.0,1079189.0
2025-06-18 15:04:36.761380,332.65,4973516.0,1078909.0
2025-06-18 15:04:37.156607,332.65,4973516.0,1078909.0
2025-06-18 15:04:37.862511,332.65,4973347.0,1079386.0
2025-06-18 15:04:38.139279,332.65,4973347.0,1079386.0
2025-06-18 15:04:38.155080,332.6,4973347.0,1079386.0
2025-06-18 15:04:38.863459,332.6,4978108.0,1077519.0
2025-06-18 15:04:39.150209,332.65,4978108.0,1077519.0
2025-06-18 15:04:39.270798,332.65,4978108.0,1077519.0
2025-06-18 15:04:39.865845,332.6,4980709.0,1079343.0
2025-06-18 15:04:40.147685,332.6,4980709.0,1079343.0
2025-06-18 15:04:40.865013,332.6,4979612.0,1078533.0
2025-06-18 15:04:40.909124,332.6,4979612.0,1078533.0
2025-06-18 15:04:41.150401,332.6,4979612.0,1078533.0
2025-06-18 15:04:41.863571,332.65,4980904.0,1079034.0
2025-06-18 15:04:42.148696,332.65,4980904.0,1079034.0
2025-06-18 15:04:42.426313,332.65,4980904.0,1079034.0
2025-06-18 15:04:42.863393,332.65,4981187.0,1078933.0
2025-06-18 15:04:43.150595,332.65,4981187.0,1078933.0
2025-06-18 15:04:43.963200,332.65,4981025.0,1078896.0
2025-06-18 15:04:44.150773,332.65,4981025.0,1078896.0
2025-06-18 15:04:44.869321,332.6,4976487.0,1078883.0
2025-06-18 15:04:45.148123,332.6,4976487.0,1078883.0
2025-06-18 15:04:45.866329,332.6,4983003.0,1079646.0
2025-06-18 15:04:46.157850,332.65,4983003.0,1079646.0
2025-06-18 15:04:46.868095,332.6,4982943.0,1076753.0
2025-06-18 15:04:47.148642,332.6,4982943.0,1076753.0
2025-06-18 15:04:47.868797,332.65,4977489.0,1076697.0
2025-06-18 15:04:48.147327,332.6,4977489.0,1076697.0
2025-06-18 15:04:48.869516,332.6,4970034.0,1077111.0
2025-06-18 15:04:49.151123,332.6,4970034.0,1077111.0
2025-06-18 15:04:49.870375,332.6,4977795.0,1077042.0
2025-06-18 15:04:50.144127,332.6,4977795.0,1077042.0
2025-06-18 15:04:50.871231,332.65,4978039.0,1076736.0
2025-06-18 15:04:51.148270,332.65,4978039.0,1076736.0
2025-06-18 15:04:51.869683,332.65,4977673.0,1076983.0
2025-06-18 15:04:52.150341,332.55,4977673.0,1076983.0
2025-06-18 15:04:52.869896,332.55,4977531.0,1078492.0
2025-06-18 15:04:53.870716,332.55,4977014.0,1078505.0
2025-06-18 15:04:54.970954,332.6,4982161.0,1075763.0
2025-06-18 15:04:55.146909,332.6,4982161.0,1075763.0
2025-06-18 15:04:55.874529,332.6,4981869.0,1079016.0
2025-06-18 15:04:56.147356,332.6,4981869.0,1079016.0
2025-06-18 15:04:56.974490,332.6,4975425.0,1081992.0
2025-06-18 15:04:57.156323,332.65,4975425.0,1081992.0
2025-06-18 15:04:58.074723,332.65,4975262.0,1081394.0
2025-06-18 15:04:58.151910,332.6,4975262.0,1081394.0
2025-06-18 15:04:59.149245,332.6,4975262.0,1081394.0
2025-06-18 15:04:59.174970,332.6,4975446.0,1079488.0
2025-06-18 15:05:00.149481,332.55,4975446.0,1079488.0
2025-06-18 15:05:00.179987,332.55,4977256.0,1079468.0
2025-06-18 15:05:01.144683,332.6,4977256.0,1079468.0
2025-06-18 15:05:01.684321,332.6,4978502.0,1079472.0
2025-06-18 15:05:02.151602,332.6,4978502.0,1079472.0
2025-06-18 15:05:02.779380,332.6,4978971.0,1079332.0
2025-06-18 15:05:03.148832,332.6,4978971.0,1079332.0
2025-06-18 15:05:03.781416,332.55,4977662.0,1079295.0
2025-06-18 15:05:04.155912,332.55,4977662.0,1079295.0
2025-06-18 15:05:04.880544,332.55,4977416.0,1079891.0
2025-06-18 15:05:05.144932,332.6,4977416.0,1079891.0
2025-06-18 15:05:05.878999,332.55,4980948.0,1081318.0
2025-06-18 15:05:06.148444,332.55,4980948.0,1081318.0
2025-06-18 15:05:06.891007,332.6,4980803.0,1079621.0
2025-06-18 15:05:07.149888,332.6,4980803.0,1079621.0
2025-06-18 15:05:07.881627,332.6,4981145.0,1078117.0
2025-06-18 15:05:08.149431,332.6,4981145.0,1078117.0
2025-06-18 15:05:08.882619,332.55,4980647.0,1078190.0
2025-06-18 15:05:09.150772,332.55,4980647.0,1078190.0
2025-06-18 15:05:09.882520,332.55,4980830.0,1078210.0
2025-06-18 15:05:10.147762,332.55,4980830.0,1078210.0
2025-06-18 15:05:10.881992,332.6,4980825.0,1078156.0
2025-06-18 15:05:11.151428,332.55,4980825.0,1078156.0
2025-06-18 15:05:11.984711,332.6,4983210.0,1077744.0
2025-06-18 15:05:12.155833,332.6,4983210.0,1077744.0
2025-06-18 15:05:13.083815,332.6,4983734.0,1078621.0
2025-06-18 15:05:13.150956,332.6,4983734.0,1078621.0
2025-06-18 15:05:14.182740,332.6,4983593.0,1076371.0
2025-06-18 15:05:15.150955,332.55,4983593.0,1076371.0
2025-06-18 15:05:15.183871,332.55,4983825.0,1076327.0
2025-06-18 15:05:16.163705,332.55,4983825.0,1076327.0
2025-06-18 15:05:16.284360,332.55,4984197.0,1076702.0
2025-06-18 15:05:17.155682,332.6,4984197.0,1076702.0
2025-06-18 15:05:17.386605,332.6,4983856.0,1075014.0
2025-06-18 15:05:18.150414,332.6,4983856.0,1075014.0
2025-06-18 15:05:18.487385,332.55,4985313.0,1077805.0
2025-06-18 15:05:19.149841,332.55,4985313.0,1077805.0
2025-06-18 15:05:19.588085,332.55,4986504.0,1074639.0
2025-06-18 15:05:20.149449,332.55,4986504.0,1074639.0
2025-06-18 15:05:20.490871,332.55,4987650.0,1074948.0
2025-06-18 15:05:21.150812,332.55,4987650.0,1074948.0
2025-06-18 15:05:21.489017,332.6,4986865.0,1074359.0
2025-06-18 15:05:22.148563,332.55,4986865.0,1074359.0
2025-06-18 15:05:22.495584,332.55,4986282.0,1074986.0
2025-06-18 15:05:23.149706,332.55,4986282.0,1074986.0
2025-06-18 15:05:23.493784,332.55,4986250.0,1075802.0
2025-06-18 15:05:24.497010,332.55,4986538.0,1077995.0
2025-06-18 15:05:25.188351,332.55,4986538.0,1077995.0
2025-06-18 15:05:25.591977,332.55,4986330.0,1077995.0
2025-06-18 15:05:26.152269,332.55,4986330.0,1077995.0
2025-06-18 15:05:26.497662,332.55,4985654.0,1078665.0
2025-06-18 15:05:27.151413,332.6,4985654.0,1078665.0
2025-06-18 15:05:27.496550,332.55,4985995.0,1078532.0
2025-06-18 15:05:28.150032,332.6,4985995.0,1078532.0
2025-06-18 15:05:28.495635,332.6,4986029.0,1078675.0
2025-06-18 15:05:29.500722,332.55,4987493.0,1078394.0
2025-06-18 15:05:30.147072,332.55,4987493.0,1078394.0
2025-06-18 15:05:30.501039,332.55,4987275.0,1079172.0
2025-06-18 15:05:31.158356,332.6,4987275.0,1079172.0
2025-06-18 15:05:31.537582,332.6,4988180.0,1078703.0
2025-06-18 15:05:32.152532,332.6,4988180.0,1078703.0
2025-06-18 15:05:32.418787,332.6,4988435.0,1078875.0
2025-06-18 15:05:33.152637,332.55,4988435.0,1078875.0
2025-06-18 15:05:33.397571,332.55,4988657.0,1078986.0
2025-06-18 15:05:34.154489,332.6,4988657.0,1078986.0
2025-06-18 15:05:34.400361,332.55,4983410.0,1078761.0
2025-06-18 15:05:35.209729,332.55,4983410.0,1078761.0
2025-06-18 15:05:35.398230,332.55,4982584.0,1079624.0
2025-06-18 15:05:36.152460,332.55,4982584.0,1079624.0
2025-06-18 15:05:36.398405,332.55,4982193.0,1079345.0
2025-06-18 15:05:37.419702,332.55,4983042.0,1078941.0
2025-06-18 15:05:38.159606,332.6,4983042.0,1078941.0
2025-06-18 15:05:38.299190,332.6,4982787.0,1077821.0
2025-06-18 15:05:39.153781,332.55,4982787.0,1077821.0
2025-06-18 15:05:39.399471,332.6,4982639.0,1078205.0
2025-06-18 15:05:40.150934,332.55,4982639.0,1078205.0
2025-06-18 15:05:40.399739,332.55,4982510.0,1078106.0
2025-06-18 15:05:41.162098,332.6,4982510.0,1078106.0
2025-06-18 15:05:41.506525,332.55,4981401.0,1078046.0
2025-06-18 15:05:42.191473,332.6,4981401.0,1078046.0
2025-06-18 15:05:43.005244,332.6,4981928.0,1078034.0
2025-06-18 15:05:43.153370,332.6,4981928.0,1078034.0
2025-06-18 15:05:44.007028,332.6,4982508.0,1079009.0
2025-06-18 15:05:45.007362,332.55,4982243.0,1078989.0
2025-06-18 15:05:45.155391,332.6,4982243.0,1078989.0
2025-06-18 15:05:46.099983,332.6,4984543.0,1078709.0
2025-06-18 15:05:46.150515,332.6,4984543.0,1078709.0
2025-06-18 15:05:47.146990,332.6,4984543.0,1078709.0
2025-06-18 15:05:47.200824,332.6,4983870.0,1080452.0
2025-06-18 15:05:48.152201,332.6,4983870.0,1080452.0
2025-06-18 15:05:48.200111,332.6,4984558.0,1079957.0
2025-06-18 15:05:49.202828,332.6,4984293.0,1080226.0
2025-06-18 15:05:50.154068,332.55,4984293.0,1080226.0
2025-06-18 15:05:50.203198,332.55,4984263.0,1080000.0
2025-06-18 15:05:51.151047,332.6,4984263.0,1080000.0
2025-06-18 15:05:51.204732,332.6,4984559.0,1078522.0
2025-06-18 15:05:52.173511,332.6,4984559.0,1078522.0
2025-06-18 15:05:52.204895,332.6,4983958.0,1078970.0
2025-06-18 15:05:53.304298,332.6,4984631.0,1078820.0
2025-06-18 15:05:54.303402,332.6,4981629.0,1081340.0
2025-06-18 15:05:55.152998,332.55,4981629.0,1081340.0
2025-06-18 15:05:55.206313,332.55,4981156.0,1081340.0
2025-06-18 15:05:56.158650,332.6,4981156.0,1081340.0
2025-06-18 15:05:56.205601,332.6,4980447.0,1081932.0
2025-06-18 15:05:57.162767,332.6,4980447.0,1081932.0
2025-06-18 15:05:57.205877,332.6,4980442.0,1081918.0
2025-06-18 15:05:58.155858,332.6,4980442.0,1081918.0
2025-06-18 15:05:58.207376,332.6,4987328.0,1083550.0
2025-06-18 15:05:59.155507,332.6,4987328.0,1083550.0
2025-06-18 15:05:59.211709,332.6,4985410.0,1081384.0
2025-06-18 15:06:00.157325,332.55,4985410.0,1081384.0
2025-06-18 15:06:00.211530,332.6,4985805.0,1081382.0
2025-06-18 15:06:01.149124,332.6,4985805.0,1081382.0
2025-06-18 15:06:04.406606,332.55,4976542.0,1084583.0
2025-06-18 15:06:06.160882,332.55,4976542.0,1084583.0
2025-06-18 15:06:10.411224,332.55,4968476.0,1082526.0
2025-06-18 15:06:11.154868,332.55,4968476.0,1082526.0
2025-06-18 15:06:15.913702,332.55,4964453.0,1085414.0
2025-06-18 15:06:16.153670,332.55,4964453.0,1085414.0
2025-06-18 15:06:21.186448,332.55,4964453.0,1085414.0
2025-06-18 15:06:21.614486,332.55,4965872.0,1084605.0
2025-06-18 15:06:24.157998,332.6,4965872.0,1084605.0
2025-06-18 15:06:27.315991,332.55,4959200.0,1088847.0
2025-06-18 15:06:29.156887,332.6,4959200.0,1088847.0
2025-06-18 15:06:33.219602,332.6,4965448.0,1081155.0
2025-06-18 15:06:34.160532,332.6,4965448.0,1081155.0
2025-06-18 15:06:39.035574,332.55,5006982.0,1080754.0
2025-06-18 15:06:39.161426,332.5,5006982.0,1080754.0
2025-06-18 15:06:44.158546,332.5,5006982.0,1080754.0
2025-06-18 15:06:44.764444,332.5,5008371.0,1079761.0
2025-06-18 15:06:49.153911,332.5,5008371.0,1079761.0
2025-06-18 15:06:50.330971,332.5,4892024.0,1084141.0
2025-06-18 15:06:54.153333,332.5,4892024.0,1084141.0
2025-06-18 15:06:55.930632,332.55,4889146.0,1081272.0
2025-06-18 15:06:59.161947,332.5,4889146.0,1081272.0
2025-06-18 15:07:01.435351,332.55,4888570.0,1080461.0
2025-06-18 15:07:04.160452,332.55,4888570.0,1080461.0
2025-06-18 15:07:07.644012,332.55,4899639.0,1084865.0
2025-06-18 15:07:09.161371,332.55,4899639.0,1084865.0
2025-06-18 15:07:13.845661,332.55,4899846.0,1087562.0
2025-06-18 15:07:14.159681,332.55,4899846.0,1087562.0
2025-06-18 15:07:19.157616,332.55,4899846.0,1087562.0
2025-06-18 15:07:19.646564,332.55,4900145.0,1089457.0
2025-06-18 15:07:24.161627,332.55,4900145.0,1089457.0
2025-06-18 15:07:25.248441,332.5,4900015.0,1088915.0
2025-06-18 15:07:25.576809,332.5,4900015.0,1088915.0
2025-06-18 15:07:26.755907,332.5,4900015.0,1088915.0
2025-06-18 15:07:27.778236,332.5,4900015.0,1088915.0
2025-06-18 15:07:28.823592,332.5,4900015.0,1088915.0
2025-06-18 15:07:29.164597,332.55,4900015.0,1088915.0
2025-06-18 15:07:29.823675,332.55,4900015.0,1088915.0
2025-06-18 15:07:30.768154,332.55,4900015.0,1088915.0
2025-06-18 15:07:30.853493,332.55,4898158.0,1092197.0
2025-06-18 15:07:32.231480,332.55,4898158.0,1092197.0
2025-06-18 15:07:33.313595,332.55,4898158.0,1092197.0
2025-06-18 15:07:34.164024,332.55,4898158.0,1092197.0
2025-06-18 15:07:34.220714,332.55,4898158.0,1092197.0
2025-06-18 15:07:35.131018,332.55,4898158.0,1092197.0
2025-06-18 15:07:36.410641,332.55,4898158.0,1092197.0
2025-06-18 15:07:36.683699,332.5,4897813.0,1091694.0
2025-06-18 15:07:37.310737,332.5,4897813.0,1091694.0
2025-06-18 15:07:38.742231,332.5,4897813.0,1091694.0
2025-06-18 15:07:39.165453,332.5,4897813.0,1091694.0
2025-06-18 15:07:39.914305,332.5,4897813.0,1091694.0
2025-06-18 15:07:41.120930,332.5,4897813.0,1091694.0
2025-06-18 15:07:42.460102,332.55,4896799.0,1092613.0
2025-06-18 15:07:42.707701,332.55,4896799.0,1092613.0
2025-06-18 15:07:44.165419,332.5,4896799.0,1092613.0
2025-06-18 15:07:48.366225,332.5,4900833.0,1092413.0
2025-06-18 15:07:49.193008,332.5,4900833.0,1092413.0
2025-06-18 15:07:53.970639,332.5,4901415.0,1093213.0
2025-06-18 15:07:54.171582,332.5,4901415.0,1093213.0
2025-06-18 15:07:59.168726,332.55,4901415.0,1093213.0
2025-06-18 15:07:59.676831,332.5,4885351.0,1078797.0
2025-06-18 15:08:04.165751,332.55,4885351.0,1078797.0
2025-06-18 15:08:05.680026,332.45,4878425.0,1079599.0
2025-06-18 15:08:09.168880,332.45,4878425.0,1079599.0
2025-06-18 15:08:11.680633,332.45,4880000.0,1096283.0
2025-06-18 15:08:14.180951,332.5,4880000.0,1096283.0
2025-06-18 15:08:17.586648,332.5,4871278.0,1102486.0
2025-06-18 15:08:19.166817,332.45,4871278.0,1102486.0
2025-06-18 15:08:23.390352,332.4,4872130.0,1105810.0
2025-06-18 15:08:24.168596,332.4,4872130.0,1105810.0
2025-06-18 15:08:29.168169,332.5,4872130.0,1105810.0
2025-06-18 15:08:29.296428,332.5,4875758.0,1104124.0
2025-06-18 15:08:34.171118,332.5,4875758.0,1104124.0
2025-06-18 15:08:35.398842,332.4,4845396.0,1101638.0
2025-06-18 15:08:39.165557,332.5,4845396.0,1101638.0
2025-06-18 15:08:41.399615,332.35,4837200.0,1094575.0
2025-06-18 15:08:44.180314,332.45,4837200.0,1094575.0
2025-06-18 15:08:47.505596,332.45,4841024.0,1099681.0
2025-06-18 15:08:49.168756,332.4,4841024.0,1099681.0
2025-06-18 15:08:53.408962,332.4,4836531.0,1103125.0
2025-06-18 15:08:54.166923,332.4,4836531.0,1103125.0
2025-06-18 15:08:59.169387,332.4,4836531.0,1103125.0
2025-06-18 15:08:59.309511,332.4,4837698.0,1101742.0
2025-06-18 15:09:01.711724,332.4,4837642.0,1099798.0
2025-06-18 15:09:02.170537,332.4,4837642.0,1099798.0
2025-06-18 15:09:02.810956,332.5,4839575.0,1098581.0
2025-06-18 15:09:03.171087,332.45,4839575.0,1098581.0
2025-06-18 15:09:03.712895,332.45,4838887.0,1100551.0
2025-06-18 15:09:04.168919,332.4,4838887.0,1100551.0
2025-06-18 15:09:04.813006,332.4,4838468.0,1101937.0
2025-06-18 15:09:05.169861,332.5,4838468.0,1101937.0
2025-06-18 15:09:05.914830,332.45,4840772.0,1098331.0
2025-06-18 15:09:06.169268,332.45,4840772.0,1098331.0
2025-06-18 15:09:07.014716,332.45,4841546.0,1096974.0
2025-06-18 15:09:07.170276,332.45,4841546.0,1096974.0
2025-06-18 15:09:07.916262,332.45,4840986.0,1096959.0
2025-06-18 15:09:08.168833,332.45,4840986.0,1096959.0
2025-06-18 15:09:09.013684,332.45,4841093.0,1098175.0
2025-06-18 15:09:10.014765,332.4,4840699.0,1098236.0
2025-06-18 15:09:10.182037,332.4,4840699.0,1098236.0
2025-06-18 15:09:11.020073,332.4,4841356.0,1096989.0
2025-06-18 15:09:11.170121,332.5,4841356.0,1096989.0
2025-06-18 15:09:12.173705,332.45,4841356.0,1096989.0
2025-06-18 15:09:12.217849,332.45,4840396.0,1098627.0
2025-06-18 15:09:13.180238,332.35,4840396.0,1098627.0
2025-06-18 15:09:13.220985,332.35,4839483.0,1098015.0
2025-06-18 15:09:14.169664,332.35,4839483.0,1098015.0
2025-06-18 15:09:14.220695,332.35,4839240.0,1098015.0
2025-06-18 15:09:15.169360,332.45,4839240.0,1098015.0
2025-06-18 15:09:15.422311,332.45,4839191.0,1098454.0
2025-06-18 15:09:16.175663,332.35,4839191.0,1098454.0
2025-06-18 15:09:16.421587,332.35,4839499.0,1098422.0
2025-06-18 15:09:17.167252,332.45,4839499.0,1098422.0
2025-06-18 15:09:17.522455,332.45,4841498.0,1099061.0
2025-06-18 15:09:18.169385,332.45,4841498.0,1099061.0
2025-06-18 15:09:19.121581,332.4,4841069.0,1096276.0
2025-06-18 15:09:19.170939,332.4,4841069.0,1096276.0
2025-06-18 15:09:20.126743,332.35,4841805.0,1096805.0
2025-06-18 15:09:20.171555,332.35,4841805.0,1096805.0
2025-06-18 15:09:21.128319,332.4,4842027.0,1095848.0
2025-06-18 15:09:21.172839,332.4,4842027.0,1095848.0
2025-06-18 15:09:22.173190,332.4,4842027.0,1095848.0
2025-06-18 15:09:22.226607,332.4,4842311.0,1096137.0
2025-06-18 15:09:23.169693,332.5,4842311.0,1096137.0
2025-06-18 15:09:23.326283,332.5,4842060.0,1095966.0
2025-06-18 15:09:24.170691,332.4,4842060.0,1095966.0
2025-06-18 15:09:24.425374,332.4,4845948.0,1096024.0
2025-06-18 15:09:25.177180,332.5,4845948.0,1096024.0
2025-06-18 15:09:25.527212,332.45,4848411.0,1096324.0
2025-06-18 15:09:26.172860,332.4,4848411.0,1096324.0
2025-06-18 15:09:26.629900,332.4,4846932.0,1096311.0
2025-06-18 15:09:27.172380,332.5,4846932.0,1096311.0
2025-06-18 15:09:27.726509,332.5,4849578.0,1095703.0
2025-06-18 15:09:28.170970,332.5,4849578.0,1095703.0
2025-06-18 15:09:28.726609,332.5,4849591.0,1094317.0
2025-06-18 15:09:29.168267,332.5,4849591.0,1094317.0
2025-06-18 15:09:29.826185,332.5,4850126.0,1092098.0
2025-06-18 15:09:30.206495,332.5,4850126.0,1092098.0
2025-06-18 15:09:30.828032,332.55,4847450.0,1091664.0
2025-06-18 15:09:31.168391,332.5,4847450.0,1091664.0
2025-06-18 15:09:31.827913,332.55,4852566.0,1091293.0
2025-06-18 15:09:32.171253,332.5,4852566.0,1091293.0
2025-06-18 15:09:32.827936,332.55,4846831.0,1091205.0
2025-06-18 15:09:33.170025,332.55,4846831.0,1091205.0
2025-06-18 15:09:33.928998,332.55,4849022.0,1092049.0
2025-06-18 15:09:34.170525,332.55,4849022.0,1092049.0
2025-06-18 15:09:34.928445,332.5,4847501.0,1092158.0
2025-06-18 15:09:35.173252,332.55,4847501.0,1092158.0
2025-06-18 15:09:36.031496,332.55,4846747.0,1091488.0
2025-06-18 15:09:36.170278,332.55,4846747.0,1091488.0
2025-06-18 15:09:37.036137,332.55,4845854.0,1091758.0
2025-06-18 15:09:37.169836,332.5,4845854.0,1091758.0
2025-06-18 15:09:37.934774,332.5,4847273.0,1092508.0
2025-06-18 15:09:38.168771,332.55,4847273.0,1092508.0
2025-06-18 15:09:39.086796,332.5,4834675.0,1075408.0
2025-06-18 15:09:39.215042,332.5,4834675.0,1075408.0
2025-06-18 15:09:40.086597,332.5,4833960.0,1075399.0
2025-06-18 15:09:40.173358,332.5,4833960.0,1075399.0
2025-06-18 15:09:41.038355,332.5,4835495.0,1075601.0
2025-06-18 15:09:41.168588,332.5,4835495.0,1075601.0
2025-06-18 15:09:42.036234,332.55,4837687.0,1073414.0
2025-06-18 15:09:42.173564,332.55,4837687.0,1073414.0
2025-06-18 15:09:43.076817,332.5,4837433.0,1072655.0
2025-06-18 15:09:43.171889,332.5,4837433.0,1072655.0
2025-06-18 15:09:44.043641,332.5,4838878.0,1071175.0
2025-06-18 15:09:45.044805,332.5,4838291.0,1070701.0
2025-06-18 15:09:45.170315,332.55,4838291.0,1070701.0
2025-06-18 15:09:46.047299,332.5,4839617.0,1065101.0
2025-06-18 15:09:46.178136,332.5,4839617.0,1065101.0
2025-06-18 15:09:47.044525,332.5,4842823.0,1062395.0
2025-06-18 15:09:47.172467,332.5,4842823.0,1062395.0
2025-06-18 15:09:48.043637,332.5,4841707.0,1063722.0
2025-06-18 15:09:48.168994,332.5,4841707.0,1063722.0
2025-06-18 15:09:49.074933,332.5,4839649.0,1063226.0
2025-06-18 15:09:49.172807,332.55,4839649.0,1063226.0
2025-06-18 15:09:50.047501,332.55,4842490.0,1060916.0
2025-06-18 15:09:50.172642,332.5,4842490.0,1060916.0
2025-06-18 15:09:51.050670,332.5,4842511.0,1061193.0
2025-06-18 15:09:52.047394,332.55,4844047.0,1058542.0
2025-06-18 15:09:52.180726,332.55,4844047.0,1058542.0
2025-06-18 15:09:53.052248,332.55,4840472.0,1058972.0
2025-06-18 15:09:53.180918,332.55,4840472.0,1058972.0
2025-06-18 15:09:54.049140,332.5,4842566.0,1058646.0
2025-06-18 15:09:54.170335,332.5,4842566.0,1058646.0
2025-06-18 15:09:55.049865,332.55,4842278.0,1058634.0
2025-06-18 15:09:55.172114,332.55,4842278.0,1058634.0
2025-06-18 15:09:56.053229,332.5,4846254.0,1052527.0
2025-06-18 15:09:56.175845,332.5,4846254.0,1052527.0
2025-06-18 15:09:57.054575,332.55,4842512.0,1054382.0
2025-06-18 15:09:57.171238,332.55,4842512.0,1054382.0
2025-06-18 15:09:58.053966,332.55,4844186.0,1054525.0
2025-06-18 15:09:58.175832,332.55,4844186.0,1054525.0
2025-06-18 15:09:58.949426,332.5,4843977.0,1054475.0
2025-06-18 15:09:59.175573,332.5,4843977.0,1054475.0
2025-06-18 15:09:59.949499,332.5,4843264.0,1055217.0
2025-06-18 15:10:00.179685,332.5,4843264.0,1055217.0
2025-06-18 15:10:01.652573,332.5,4841464.0,1053787.0
2025-06-18 15:10:02.179194,332.5,4841464.0,1053787.0
2025-06-18 15:10:02.750269,332.55,4843545.0,1053663.0
2025-06-18 15:10:03.181039,332.55,4843545.0,1053663.0
2025-06-18 15:10:03.851599,332.5,4841121.0,1053793.0
2025-06-18 15:10:04.172657,332.5,4841121.0,1053793.0
2025-06-18 15:10:04.951026,332.5,4841872.0,1053486.0
2025-06-18 15:10:05.179534,332.55,4841872.0,1053486.0
2025-06-18 15:10:06.056155,332.5,4842280.0,1051366.0
2025-06-18 15:10:06.176755,332.5,4842280.0,1051366.0
2025-06-18 15:10:07.152955,332.55,4841124.0,1049468.0
2025-06-18 15:10:07.179403,332.55,4841124.0,1049468.0
2025-06-18 15:10:08.175754,332.55,4841124.0,1049468.0
2025-06-18 15:10:08.253889,332.55,4839531.0,1050353.0
2025-06-18 15:10:09.176143,332.55,4839531.0,1050353.0
2025-06-18 15:10:09.359106,332.55,4837132.0,1051255.0
2025-06-18 15:10:10.174612,332.5,4837132.0,1051255.0
2025-06-18 15:10:10.358973,332.5,4838491.0,1050660.0
2025-06-18 15:10:11.227314,332.55,4838491.0,1050660.0
2025-06-18 15:10:11.457577,332.55,4838100.0,1052489.0
2025-06-18 15:10:12.180335,332.55,4838100.0,1052489.0
2025-06-18 15:10:12.459912,332.55,4838586.0,1052386.0
2025-06-18 15:10:13.190340,332.55,4838586.0,1052386.0
2025-06-18 15:10:13.361610,332.55,4838568.0,1052386.0
2025-06-18 15:10:14.184052,332.55,4838568.0,1052386.0
2025-06-18 15:10:14.360153,332.5,4839305.0,1053485.0
2025-06-18 15:10:15.210230,332.5,4839305.0,1053485.0
2025-06-18 15:10:15.464113,332.5,4842520.0,1053752.0
2025-06-18 15:10:16.177528,332.5,4842520.0,1053752.0
2025-06-18 15:10:16.467310,332.5,4844322.0,1052928.0
2025-06-18 15:10:17.471198,332.5,4842282.0,1052119.0
2025-06-18 15:10:18.175987,332.55,4842282.0,1052119.0
2025-06-18 15:10:18.465692,332.5,4842910.0,1052051.0
2025-06-18 15:10:19.172824,332.55,4842910.0,1052051.0
2025-06-18 15:10:19.467698,332.55,4842406.0,1051701.0
2025-06-18 15:10:20.178092,332.5,4842406.0,1051701.0
2025-06-18 15:10:20.467330,332.5,4841999.0,1051457.0
2025-06-18 15:10:21.176532,332.55,4841999.0,1051457.0
2025-06-18 15:10:21.466353,332.55,4839905.0,1048647.0
2025-06-18 15:10:22.178738,332.55,4839905.0,1048647.0
2025-06-18 15:10:22.467875,332.55,4841566.0,1048919.0
2025-06-18 15:10:23.467882,332.55,4841333.0,1050347.0
2025-06-18 15:10:24.176739,332.55,4841333.0,1050347.0
2025-06-18 15:10:24.578028,332.5,4841792.0,1049501.0
2025-06-18 15:10:25.174404,332.5,4841792.0,1049501.0
2025-06-18 15:10:25.671154,332.5,4841200.0,1051180.0
2025-06-18 15:10:26.043923,332.5,4841200.0,1051180.0
2025-06-18 15:10:26.174843,332.5,4841200.0,1051180.0
2025-06-18 15:10:26.673306,332.55,4837879.0,1047605.0
2025-06-18 15:10:27.180205,332.55,4837879.0,1047605.0
2025-06-18 15:10:27.223150,332.55,4837879.0,1047605.0
2025-06-18 15:10:27.674052,332.55,4837240.0,1047734.0
2025-06-18 15:10:28.195476,332.55,4837240.0,1047734.0
2025-06-18 15:10:28.259550,332.55,4837240.0,1047734.0
2025-06-18 15:10:28.675603,332.55,4837082.0,1049262.0
2025-06-18 15:10:29.180199,332.5,4837082.0,1049262.0
2025-06-18 15:10:29.312010,332.5,4837082.0,1049262.0
2025-06-18 15:10:29.676409,332.5,4836892.0,1050528.0
2025-06-18 15:10:30.179475,332.5,4836892.0,1050528.0
2025-06-18 15:10:30.317358,332.5,4836892.0,1050528.0
2025-06-18 15:10:30.675469,332.5,4839357.0,1052256.0
2025-06-18 15:10:31.176925,332.5,4839357.0,1052256.0
2025-06-18 15:10:31.277479,332.5,4839357.0,1052256.0
2025-06-18 15:10:31.776255,332.5,4841264.0,1052771.0
2025-06-18 15:10:32.183485,332.55,4841264.0,1052771.0
2025-06-18 15:10:32.540880,332.55,4841264.0,1052771.0
2025-06-18 15:10:32.875373,332.55,4841534.0,1051583.0
2025-06-18 15:10:33.175844,332.55,4841534.0,1051583.0
2025-06-18 15:10:33.182273,332.55,4841534.0,1051583.0
2025-06-18 15:10:33.684374,332.55,4841534.0,1051583.0
2025-06-18 15:10:33.877298,332.55,4841537.0,1052243.0
2025-06-18 15:10:34.179622,332.5,4841537.0,1052243.0
2025-06-18 15:10:34.198295,332.5,4841537.0,1052243.0
2025-06-18 15:10:34.977003,332.5,4839801.0,1052994.0
2025-06-18 15:10:35.175789,332.5,4839801.0,1052994.0
2025-06-18 15:10:35.496294,332.5,4839801.0,1052994.0
2025-06-18 15:10:35.979640,332.5,4838251.0,1051232.0
2025-06-18 15:10:36.179270,332.5,4838251.0,1051232.0
2025-06-18 15:10:36.794481,332.5,4838251.0,1051232.0
2025-06-18 15:10:36.977542,332.5,4838019.0,1052218.0
2025-06-18 15:10:37.697309,332.5,4838019.0,1052218.0
2025-06-18 15:10:37.979411,332.55,4839261.0,1052495.0
2025-06-18 15:10:38.172988,332.55,4839261.0,1052495.0
2025-06-18 15:10:38.981364,332.5,4840059.0,1052683.0
2025-06-18 15:10:39.136427,332.5,4840059.0,1052683.0
2025-06-18 15:10:39.173578,332.5,4840059.0,1052683.0
2025-06-18 15:10:39.882318,332.5,4838204.0,1052814.0
2025-06-18 15:10:40.177578,332.5,4838204.0,1052814.0
2025-06-18 15:10:40.306824,332.5,4838204.0,1052814.0
2025-06-18 15:10:40.980707,332.5,4838966.0,1052694.0
2025-06-18 15:10:41.175388,332.5,4838966.0,1052694.0
2025-06-18 15:10:41.498415,332.5,4838966.0,1052694.0
2025-06-18 15:10:42.091922,332.5,4840734.0,1052696.0
2025-06-18 15:10:42.174492,332.5,4840734.0,1052696.0
2025-06-18 15:10:43.041020,332.5,4840734.0,1052696.0
2025-06-18 15:10:43.175470,332.5,4840734.0,1052696.0
2025-06-18 15:10:43.184966,332.5,4838612.0,1051093.0
2025-06-18 15:10:44.174299,332.55,4838612.0,1051093.0
2025-06-18 15:10:44.183077,332.55,4838775.0,1049222.0
2025-06-18 15:10:45.184374,332.5,4838775.0,1049222.0
2025-06-18 15:10:45.188064,332.5,4838796.0,1049275.0
2025-06-18 15:10:46.082723,332.5,4838862.0,1049290.0
2025-06-18 15:10:46.183343,332.55,4838862.0,1049290.0
2025-06-18 15:10:47.084424,332.55,4838856.0,1049390.0
2025-06-18 15:10:47.174447,332.55,4838856.0,1049390.0
2025-06-18 15:10:48.084936,332.55,4839218.0,1049255.0
2025-06-18 15:10:48.174474,332.5,4839218.0,1049255.0
2025-06-18 15:10:49.175423,332.5,4839218.0,1049255.0
2025-06-18 15:10:49.186373,332.5,4774222.0,1048631.0
2025-06-18 15:10:50.178140,332.5,4774222.0,1048631.0
2025-06-18 15:10:50.285189,332.5,4775035.0,1050123.0
2025-06-18 15:10:51.175548,332.55,4775035.0,1050123.0
2025-06-18 15:10:51.293782,332.55,4774478.0,1035856.0
2025-06-18 15:10:52.183026,332.5,4774478.0,1035856.0
2025-06-18 15:10:52.291863,332.5,4760963.0,1023990.0
2025-06-18 15:10:53.178887,332.55,4760963.0,1023990.0
2025-06-18 15:10:53.389872,332.55,4761127.0,1023012.0
2025-06-18 15:10:54.201991,332.55,4761127.0,1023012.0
2025-06-18 15:10:54.491557,332.5,4760759.0,1021277.0
2025-06-18 15:10:55.177168,332.55,4760759.0,1021277.0
2025-06-18 15:10:55.596179,332.5,4760779.0,1021131.0
2025-06-18 15:10:56.180224,332.5,4760779.0,1021131.0
2025-06-18 15:10:56.692303,332.5,4761922.0,1021398.0
2025-06-18 15:10:57.178518,332.5,4761922.0,1021398.0
2025-06-18 15:10:57.693244,332.55,4760512.0,1021756.0
2025-06-18 15:10:58.199575,332.55,4760512.0,1021756.0
2025-06-18 15:10:58.693980,332.5,4760572.0,1021286.0
2025-06-18 15:10:59.178139,332.5,4760572.0,1021286.0
2025-06-18 15:10:59.795305,332.55,4760379.0,1022403.0
2025-06-18 15:11:00.182441,332.5,4760379.0,1022403.0
2025-06-18 15:11:01.896757,332.55,4760895.0,1018852.0
2025-06-18 15:11:02.176741,332.55,4760895.0,1018852.0
2025-06-18 15:11:03.178399,332.5,4760895.0,1018852.0
2025-06-18 15:11:03.300524,332.5,4760885.0,1020230.0
2025-06-18 15:11:04.179497,332.5,4760885.0,1020230.0
2025-06-18 15:11:04.210277,332.5,4757612.0,1022061.0
2025-06-18 15:11:05.174780,332.5,4757612.0,1022061.0
2025-06-18 15:11:05.303662,332.5,4758184.0,1022335.0
2025-06-18 15:11:06.181292,332.5,4758184.0,1022335.0
2025-06-18 15:11:06.500040,332.55,4762131.0,1020730.0
2025-06-18 15:11:07.180728,332.5,4762131.0,1020730.0
2025-06-18 15:11:07.602008,332.55,4761870.0,1020398.0
2025-06-18 15:11:08.178253,332.55,4761870.0,1020398.0
2025-06-18 15:11:08.701458,332.55,4762081.0,1019102.0
2025-06-18 15:11:09.196457,332.5,4762081.0,1019102.0
2025-06-18 15:11:09.804299,332.5,4761787.0,1020482.0
2025-06-18 15:11:10.220374,332.5,4761787.0,1020482.0
2025-06-18 15:11:10.701589,332.5,4761428.0,1021476.0
2025-06-18 15:11:11.201575,332.5,4761428.0,1021476.0
2025-06-18 15:11:11.801014,332.55,4761569.0,1021369.0
2025-06-18 15:11:12.186673,332.5,4761569.0,1021369.0
2025-06-18 15:11:12.902043,332.55,4761578.0,1021310.0
2025-06-18 15:11:13.176618,332.55,4761578.0,1021310.0
2025-06-18 15:11:14.001607,332.55,4761861.0,1021114.0
2025-06-18 15:11:14.176556,332.55,4761861.0,1021114.0
2025-06-18 15:11:15.002793,332.55,4761631.0,1018215.0
2025-06-18 15:11:15.174780,332.55,4761631.0,1018215.0
2025-06-18 15:11:16.004224,332.5,4761966.0,1018605.0
2025-06-18 15:11:16.187901,332.55,4761966.0,1018605.0
2025-06-18 15:11:17.004474,332.5,4761724.0,1017477.0
2025-06-18 15:11:17.174604,332.5,4761724.0,1017477.0
2025-06-18 15:11:18.003481,332.5,4761765.0,1026045.0
2025-06-18 15:11:18.179357,332.5,4761765.0,1026045.0
2025-06-18 15:11:19.137923,332.55,4739417.0,1014151.0
2025-06-18 15:11:19.177955,332.55,4739417.0,1014151.0
2025-06-18 15:11:20.103730,332.55,4742543.0,1013997.0
2025-06-18 15:11:20.177988,332.5,4742543.0,1013997.0
2025-06-18 15:11:21.205737,332.5,4741381.0,1014592.0
2025-06-18 15:11:22.176883,332.55,4741381.0,1014592.0
2025-06-18 15:11:22.305788,332.55,4740513.0,1013244.0
2025-06-18 15:11:23.175966,332.5,4740513.0,1013244.0
2025-06-18 15:11:23.406262,332.5,4741829.0,1012984.0
2025-06-18 15:11:24.177536,332.55,4741829.0,1012984.0
2025-06-18 15:11:24.505693,332.5,4741301.0,1015393.0
2025-06-18 15:11:25.181857,332.5,4741301.0,1015393.0
2025-06-18 15:11:25.606840,332.5,4737984.0,1014746.0
2025-06-18 15:11:26.178506,332.5,4737984.0,1014746.0
2025-06-18 15:11:27.192983,332.55,4737984.0,1014746.0
2025-06-18 15:11:27.310968,332.5,4755617.0,1013518.0
2025-06-18 15:11:28.201732,332.55,4755617.0,1013518.0
2025-06-18 15:11:28.409973,332.55,4755707.0,1013573.0
2025-06-18 15:11:29.177370,332.55,4755707.0,1013573.0
2025-06-18 15:11:29.512330,332.45,4744866.0,1016012.0
2025-06-18 15:11:30.177993,332.45,4744866.0,1016012.0
2025-06-18 15:11:30.613600,332.45,4746939.0,1015231.0
2025-06-18 15:11:31.180017,332.5,4746939.0,1015231.0
2025-06-18 15:11:31.712254,332.55,4746455.0,1011947.0
2025-06-18 15:11:32.177103,332.55,4746455.0,1011947.0
2025-06-18 15:11:32.811451,332.55,4746253.0,1012081.0
2025-06-18 15:11:33.178837,332.55,4746253.0,1012081.0
2025-06-18 15:11:33.912568,332.55,4746799.0,1011524.0
2025-06-18 15:11:34.177239,332.55,4746799.0,1011524.0
2025-06-18 15:11:34.814834,332.55,4746619.0,1011600.0
2025-06-18 15:11:35.176179,332.55,4746619.0,1011600.0
2025-06-18 15:11:35.915479,332.45,4740635.0,1012904.0
2025-06-18 15:11:36.178862,332.45,4740635.0,1012904.0
2025-06-18 15:11:37.015586,332.55,4746635.0,1011992.0
2025-06-18 15:11:37.186427,332.55,4746635.0,1011992.0
2025-06-18 15:11:38.116403,332.55,4745101.0,1011980.0
2025-06-18 15:11:38.172874,332.55,4745101.0,1011980.0
2025-06-18 15:11:39.177220,332.55,4745101.0,1011980.0
2025-06-18 15:11:39.217102,332.55,4751038.0,1013774.0
2025-06-18 15:11:40.180299,332.5,4751038.0,1013774.0
2025-06-18 15:11:40.217461,332.5,4750669.0,1013221.0
2025-06-18 15:11:41.179985,332.5,4750669.0,1013221.0
2025-06-18 15:11:41.821423,332.55,4750230.0,1013682.0
2025-06-18 15:11:42.188563,332.55,4750230.0,1013682.0
2025-06-18 15:11:42.920297,332.55,4749414.0,1013590.0
2025-06-18 15:11:43.195751,332.55,4749414.0,1013590.0
2025-06-18 15:11:44.021183,332.55,4748946.0,1013582.0
2025-06-18 15:11:44.176167,332.55,4748946.0,1013582.0
2025-06-18 15:11:45.343255,332.55,4750819.0,1013611.0
2025-06-18 15:11:45.348877,332.55,4750819.0,1013611.0
2025-06-18 15:11:46.179329,332.5,4750819.0,1013611.0
2025-06-18 15:11:46.221944,332.5,4742896.0,1017139.0
2025-06-18 15:11:47.424608,332.45,4743459.0,1002432.0
2025-06-18 15:11:48.180957,332.45,4743459.0,1002432.0
2025-06-18 15:11:48.523714,332.45,4746679.0,1002736.0
2025-06-18 15:11:49.626879,332.5,4745870.0,1002708.0
2025-06-18 15:11:50.176959,332.45,4745870.0,1002708.0
2025-06-18 15:11:50.629417,332.5,4745537.0,1003973.0
2025-06-18 15:11:51.182626,332.5,4745537.0,1003973.0
2025-06-18 15:11:51.628999,332.5,4749330.0,1003354.0
2025-06-18 15:11:52.181294,332.45,4749330.0,1003354.0
2025-06-18 15:11:52.630860,332.45,4749099.0,1003430.0
2025-06-18 15:11:53.728332,332.45,4748493.0,1003517.0
2025-06-18 15:11:54.189841,332.45,4748493.0,1003517.0
2025-06-18 15:11:54.832927,332.45,4749287.0,1004375.0
2025-06-18 15:11:55.180699,332.5,4749287.0,1004375.0
2025-06-18 15:11:55.930605,332.45,4745239.0,1004447.0
2025-06-18 15:11:56.193710,332.45,4745239.0,1004447.0
2025-06-18 15:11:56.934041,332.5,4746158.0,1004445.0
2025-06-18 15:11:57.193183,332.5,4746158.0,1004445.0
2025-06-18 15:11:58.033336,332.5,4745443.0,1003637.0
2025-06-18 15:11:58.176399,332.55,4745443.0,1003637.0
2025-06-18 15:11:59.034844,332.45,4745195.0,999744.0
2025-06-18 15:11:59.184895,332.45,4745195.0,999744.0
2025-06-18 15:12:00.138229,332.45,4744573.0,999715.0
2025-06-18 15:12:00.182942,332.45,4744573.0,999715.0
2025-06-18 15:12:02.138567,332.55,4744908.0,1000292.0
2025-06-18 15:12:02.188004,332.55,4744908.0,1000292.0
2025-06-18 15:12:03.044919,332.55,4745270.0,1001297.0
2025-06-18 15:12:03.214239,332.55,4745270.0,1001297.0
2025-06-18 15:12:04.040560,332.55,4746468.0,1001609.0
2025-06-18 15:12:04.178376,332.45,4746468.0,1001609.0
2025-06-18 15:12:04.946507,332.45,4756002.0,1001273.0
2025-06-18 15:12:05.178856,332.55,4756002.0,1001273.0
2025-06-18 15:12:05.842910,332.55,4757480.0,1002242.0
2025-06-18 15:12:06.182914,332.55,4757480.0,1002242.0
2025-06-18 15:12:06.845586,332.55,4759002.0,1002119.0
2025-06-18 15:12:07.178901,332.55,4759002.0,1002119.0
2025-06-18 15:12:07.744125,332.55,4760012.0,1002126.0
2025-06-18 15:12:08.176137,332.55,4760012.0,1002126.0
2025-06-18 15:12:08.747591,332.55,4759930.0,1001886.0
2025-06-18 15:12:09.176048,332.55,4759930.0,1001886.0
2025-06-18 15:12:09.744141,332.55,4759216.0,994995.0
2025-06-18 15:12:10.178109,332.5,4759216.0,994995.0
2025-06-18 15:12:10.745242,332.55,4760205.0,995516.0
2025-06-18 15:12:11.183258,332.55,4760205.0,995516.0
2025-06-18 15:12:11.744721,332.55,4759677.0,997524.0
2025-06-18 15:12:12.179675,332.55,4759677.0,997524.0
2025-06-18 15:12:12.745431,332.55,4760158.0,980921.0
2025-06-18 15:12:13.180659,332.5,4760158.0,980921.0
2025-06-18 15:12:13.744942,332.5,4757883.0,982090.0
2025-06-18 15:12:14.745886,332.5,4759851.0,981425.0
2025-06-18 15:12:15.176933,332.55,4759851.0,981425.0
2025-06-18 15:12:15.748634,332.55,4759619.0,981950.0
2025-06-18 15:12:16.176671,332.55,4759619.0,981950.0
2025-06-18 15:12:16.750512,332.55,4759979.0,982094.0
2025-06-18 15:12:17.182023,332.5,4759979.0,982094.0
2025-06-18 15:12:17.748610,332.55,4759575.0,982872.0
2025-06-18 15:12:18.179505,332.55,4759575.0,982872.0
2025-06-18 15:12:18.748341,332.5,4759688.0,982784.0
2025-06-18 15:12:19.175400,332.5,4759688.0,982784.0
2025-06-18 15:12:19.850129,332.55,4758985.0,983023.0
2025-06-18 15:12:20.181894,332.5,4758985.0,983023.0
2025-06-18 15:12:20.851322,332.55,4758587.0,981934.0
2025-06-18 15:12:21.180265,332.55,4758587.0,981934.0
2025-06-18 15:12:21.851238,332.55,4758674.0,982607.0
2025-06-18 15:12:22.187263,332.55,4758674.0,982607.0
2025-06-18 15:12:22.949005,332.5,4758674.0,982901.0
2025-06-18 15:12:23.179165,332.5,4758674.0,982901.0
2025-06-18 15:12:23.950465,332.5,4758748.0,982567.0
2025-06-18 15:12:24.176877,332.5,4758748.0,982567.0
2025-06-18 15:12:24.952110,332.5,4759264.0,983534.0
2025-06-18 15:12:25.182760,332.55,4759264.0,983534.0
2025-06-18 15:12:25.952247,332.5,4758852.0,984835.0
2025-06-18 15:12:26.180388,332.5,4758852.0,984835.0
2025-06-18 15:12:26.953634,332.5,4757951.0,984291.0
2025-06-18 15:12:27.182616,332.55,4757951.0,984291.0
2025-06-18 15:12:27.954736,332.55,4759926.0,984183.0
2025-06-18 15:12:28.178851,332.5,4759926.0,984183.0
2025-06-18 15:12:28.955924,332.55,4758914.0,984216.0
2025-06-18 15:12:29.180994,332.55,4758914.0,984216.0
2025-06-18 15:12:29.955910,332.5,4759999.0,984209.0
2025-06-18 15:12:30.204367,332.5,4759999.0,984209.0
2025-06-18 15:12:31.056198,332.5,4758273.0,984146.0
2025-06-18 15:12:31.181551,332.5,4758273.0,984146.0
2025-06-18 15:12:32.158549,332.55,4759919.0,984203.0
2025-06-18 15:12:32.178697,332.55,4759919.0,984203.0
2025-06-18 15:12:33.161090,332.55,4759908.0,984115.0
2025-06-18 15:12:33.179247,332.55,4759908.0,984115.0
2025-06-18 15:12:34.162836,332.55,4757843.0,983721.0
2025-06-18 15:12:34.183408,332.55,4757843.0,983721.0
2025-06-18 15:12:35.161308,332.5,4761132.0,983585.0
2025-06-18 15:12:35.180188,332.5,4761132.0,983585.0
2025-06-18 15:12:36.063441,332.55,4760657.0,984035.0
2025-06-18 15:12:36.183065,332.55,4760657.0,984035.0
2025-06-18 15:12:37.063643,332.5,4764120.0,984557.0
2025-06-18 15:12:37.198291,332.5,4764120.0,984557.0
2025-06-18 15:12:38.163685,332.55,4763796.0,984709.0
2025-06-18 15:12:38.177091,332.55,4763796.0,984709.0
2025-06-18 15:12:39.165005,332.5,4763900.0,984734.0
2025-06-18 15:12:39.181045,332.5,4763900.0,984734.0
2025-06-18 15:12:40.180080,332.5,4763900.0,984734.0
2025-06-18 15:12:40.266491,332.5,4764290.0,985172.0
2025-06-18 15:12:41.179000,332.5,4764290.0,985172.0
2025-06-18 15:12:41.265691,332.55,4764091.0,985123.0
2025-06-18 15:12:42.182562,332.55,4764091.0,985123.0
2025-06-18 15:12:42.266113,332.55,4764081.0,985456.0
2025-06-18 15:12:43.181985,332.55,4764081.0,985456.0
2025-06-18 15:12:43.267906,332.55,4764534.0,984386.0
2025-06-18 15:12:44.212874,332.55,4764534.0,984386.0
2025-06-18 15:12:44.268345,332.55,4764411.0,984614.0
2025-06-18 15:12:45.181969,332.55,4764411.0,984614.0
2025-06-18 15:12:45.468094,332.55,4764225.0,984745.0
2025-06-18 15:12:46.180239,332.5,4764225.0,984745.0
2025-06-18 15:12:46.568508,332.5,4764279.0,986520.0
2025-06-18 15:12:47.181854,332.55,4764279.0,986520.0
2025-06-18 15:12:47.571736,332.55,4764134.0,984258.0
2025-06-18 15:12:48.201055,332.55,4764134.0,984258.0
2025-06-18 15:12:48.576459,332.55,4763872.0,984284.0
2025-06-18 15:12:49.182675,332.55,4763872.0,984284.0
2025-06-18 15:12:49.583249,332.5,4748479.0,983992.0
2025-06-18 15:12:50.181534,332.5,4748479.0,983992.0
2025-06-18 15:12:50.577077,332.55,4763895.0,983708.0
2025-06-18 15:12:51.183175,332.55,4763895.0,983708.0
2025-06-18 15:12:51.604681,332.55,4762955.0,984717.0
2025-06-18 15:12:52.180339,332.55,4762955.0,984717.0
2025-06-18 15:12:52.674526,332.5,4762720.0,985496.0
2025-06-18 15:12:53.183192,332.5,4762720.0,985496.0
2025-06-18 15:12:53.678957,332.5,4762654.0,985632.0
2025-06-18 15:12:54.778849,332.5,4762528.0,985603.0
2025-06-18 15:12:55.182077,332.5,4762528.0,985603.0
2025-06-18 15:12:55.883229,332.5,4762502.0,985665.0
2025-06-18 15:12:56.181396,332.55,4762502.0,985665.0
2025-06-18 15:12:57.080886,332.55,4762093.0,986121.0
2025-06-18 15:12:57.183691,332.55,4762093.0,986121.0
2025-06-18 15:12:58.190407,332.5,4762093.0,986121.0
2025-06-18 15:12:58.191296,332.5,4762276.0,986133.0
2025-06-18 15:12:59.179957,332.5,4762276.0,986133.0
2025-06-18 15:12:59.182693,332.5,4748878.0,968881.0
2025-06-18 15:13:00.182514,332.5,4748878.0,968881.0
2025-06-18 15:13:00.278567,332.55,4748535.0,968393.0
2025-06-18 15:13:02.187415,332.55,4748535.0,968393.0
2025-06-18 15:13:03.484880,332.5,4749734.0,969245.0
2025-06-18 15:13:09.179857,332.55,4749734.0,969245.0
2025-06-18 15:13:10.194534,332.5,4751695.0,968811.0
2025-06-18 15:13:15.182739,332.5,4751695.0,968811.0
2025-06-18 15:13:16.293485,332.5,4750514.0,969891.0
2025-06-18 15:13:20.188661,332.5,4750514.0,969891.0
2025-06-18 15:13:22.399473,332.55,4751943.0,968436.0
2025-06-18 15:13:25.189948,332.5,4751943.0,968436.0
2025-06-18 15:13:26.478090,332.5,4751943.0,968436.0
2025-06-18 15:13:27.685275,332.5,4751943.0,968436.0
2025-06-18 15:13:28.402951,332.55,4751902.0,968675.0
2025-06-18 15:13:28.683385,332.55,4751902.0,968675.0
2025-06-18 15:13:29.727833,332.55,4751902.0,968675.0
2025-06-18 15:13:30.191537,332.5,4751902.0,968675.0
2025-06-18 15:13:30.720585,332.5,4751902.0,968675.0
2025-06-18 15:13:31.671524,332.5,4751902.0,968675.0
2025-06-18 15:13:32.919714,332.5,4751902.0,968675.0
2025-06-18 15:13:33.516641,332.5,4751902.0,968675.0
2025-06-18 15:13:34.308267,332.5,4746012.0,969614.0
2025-06-18 15:13:34.522280,332.5,4746012.0,969614.0
2025-06-18 15:13:35.833812,332.5,4746012.0,969614.0
2025-06-18 15:13:37.104047,332.5,4746012.0,969614.0
2025-06-18 15:13:37.188080,332.5,4746012.0,969614.0
2025-06-18 15:13:38.004310,332.5,4746012.0,969614.0
2025-06-18 15:13:39.443680,332.5,4746012.0,969614.0
2025-06-18 15:13:40.312068,332.5,4746402.0,970924.0
2025-06-18 15:13:40.617985,332.5,4746402.0,970924.0
2025-06-18 15:13:41.808543,332.5,4746402.0,970924.0
2025-06-18 15:13:43.188125,332.5,4746402.0,970924.0
2025-06-18 15:13:43.344250,332.5,4746402.0,970924.0
2025-06-18 15:13:45.816586,332.5,4763277.0,973489.0
2025-06-18 15:13:48.182186,332.55,4763277.0,973489.0
2025-06-18 15:13:51.418828,332.55,4807613.0,971714.0
2025-06-18 15:13:54.186298,332.5,4807613.0,971714.0
2025-06-18 15:13:56.723405,332.55,4805605.0,972448.0
2025-06-18 15:14:01.176833,332.55,4805605.0,972448.0
2025-06-18 15:14:01.927365,332.55,4808044.0,968137.0
2025-06-18 15:14:07.191485,332.5,4808044.0,968137.0
2025-06-18 15:14:08.043605,332.5,5219632.0,963355.0
2025-06-18 15:14:13.185086,332.45,5219632.0,963355.0
2025-06-18 15:14:13.932310,332.5,4794598.0,964006.0
2025-06-18 15:14:19.199850,332.5,4794598.0,964006.0
2025-06-18 15:14:19.541570,332.5,4799316.0,960942.0
2025-06-18 15:14:25.193961,332.55,4799316.0,960942.0
2025-06-18 15:14:25.338865,332.55,4794576.0,958270.0
2025-06-18 15:14:30.651604,332.55,4862738.0,957225.0
2025-06-18 15:14:31.192507,332.65,4862738.0,957225.0
2025-06-18 15:14:36.045569,332.65,4862071.0,956221.0
2025-06-18 15:14:37.194185,332.65,4862071.0,956221.0
2025-06-18 15:14:41.448252,332.55,4911002.0,948732.0
2025-06-18 15:14:43.192536,332.55,4911002.0,948732.0
2025-06-18 15:14:46.952736,332.55,4910927.0,955076.0
2025-06-18 15:14:49.197311,332.55,4910927.0,955076.0
2025-06-18 15:14:52.357185,332.65,5023124.0,952623.0
2025-06-18 15:14:55.200216,332.5,5023124.0,952623.0
2025-06-18 15:14:57.971564,332.65,5014137.0,953253.0
2025-06-18 15:15:01.192181,332.6,5014137.0,953253.0
2025-06-18 15:15:01.563422,332.6,5448614.0,949616.0
2025-06-18 15:15:02.192419,332.6,5448614.0,949616.0
2025-06-18 15:15:03.190385,332.6,5448614.0,949616.0
2025-06-18 15:15:04.194545,332.6,5448614.0,949616.0
2025-06-18 15:15:05.199184,332.55,5448614.0,949616.0
2025-06-18 15:15:06.190574,332.2,5448614.0,949616.0
2025-06-18 15:15:07.195118,332.2,5448614.0,949616.0
2025-06-18 15:15:07.567558,332.25,5119994.0,914754.0
2025-06-18 15:15:08.191147,332.35,5119994.0,914754.0
2025-06-18 15:15:09.200273,332.25,5119994.0,914754.0
2025-06-18 15:15:09.469778,332.2,4993391.0,913307.0
2025-06-18 15:15:10.194278,332.2,4993391.0,913307.0
2025-06-18 15:15:11.188635,332.2,4993391.0,913307.0
2025-06-18 15:15:12.215980,332.3,4993391.0,913307.0
2025-06-18 15:15:13.193432,332.2,4993391.0,913307.0
2025-06-18 15:15:14.196570,332.25,4993391.0,913307.0
2025-06-18 15:15:14.474806,332.25,5149259.0,887402.0
2025-06-18 15:15:15.191957,332.3,5149259.0,887402.0
2025-06-18 15:15:15.375082,332.25,4919981.0,877992.0
2025-06-18 15:15:16.207416,332.25,4919981.0,877992.0
2025-06-18 15:15:17.212527,332.25,4919981.0,877992.0
2025-06-18 15:15:18.190099,332.3,4919981.0,877992.0
2025-06-18 15:15:19.192453,332.25,4919981.0,877992.0
2025-06-18 15:15:20.192439,332.25,4919981.0,877992.0
2025-06-18 15:15:21.195791,332.3,4919981.0,877992.0
2025-06-18 15:15:23.191498,332.3,4919981.0,877992.0
2025-06-18 15:15:25.192800,332.3,4919981.0,877992.0
2025-06-18 15:15:26.191404,332.25,4919981.0,877992.0
2025-06-18 15:15:27.196421,332.3,4919981.0,877992.0
2025-06-18 15:15:28.195012,332.45,4919981.0,877992.0
2025-06-18 15:15:29.191797,332.35,4919981.0,877992.0
2025-06-18 15:15:30.206004,332.35,4919981.0,877992.0
2025-06-18 15:15:31.195952,332.45,4919981.0,877992.0
2025-06-18 15:15:32.194297,332.35,4919981.0,877992.0
2025-06-18 15:15:33.193109,332.45,4919981.0,877992.0
2025-06-18 15:15:34.187018,332.35,5000988.0,810785.0
2025-06-18 15:15:34.192808,332.35,5000988.0,810785.0
2025-06-18 15:15:35.190610,332.45,5000988.0,810785.0
2025-06-18 15:15:36.196685,332.45,5000988.0,810785.0
2025-06-18 15:15:37.201423,332.45,5000988.0,810785.0
2025-06-18 15:15:38.192045,332.35,5000988.0,810785.0
2025-06-18 15:15:38.195458,332.35,4902069.0,810062.0
2025-06-18 15:15:39.194073,332.35,4902069.0,810062.0
2025-06-18 15:15:40.201376,332.35,4902069.0,810062.0
2025-06-18 15:15:40.204682,332.35,4901466.0,810233.0
2025-06-18 15:15:41.197100,332.35,4901466.0,810233.0
2025-06-18 15:15:42.200271,332.35,4901296.0,809877.0
2025-06-18 15:15:43.196673,332.4,4901296.0,809877.0
2025-06-18 15:15:44.199140,332.4,4901998.0,810914.0
2025-06-18 15:15:45.097468,332.35,4902223.0,810634.0
2025-06-18 15:15:45.195210,332.4,4902223.0,810634.0
2025-06-18 15:15:46.195662,332.25,4902223.0,810634.0
2025-06-18 15:15:47.199238,332.35,4902223.0,810634.0
2025-06-18 15:15:48.197322,332.35,4902223.0,810634.0
2025-06-18 15:15:49.114043,332.35,4907824.0,809454.0
2025-06-18 15:15:50.199051,332.25,4907824.0,809454.0
2025-06-18 15:15:51.398722,332.25,4910980.0,810271.0
2025-06-18 15:15:52.194300,332.25,4910980.0,810271.0
2025-06-18 15:15:54.114144,332.25,4876176.0,810259.0
2025-06-18 15:15:54.199576,332.25,4876176.0,810259.0
2025-06-18 15:15:55.112122,332.25,4879053.0,810266.0
2025-06-18 15:15:55.197467,332.35,4879053.0,810266.0
2025-06-18 15:15:56.198659,332.25,4879053.0,810266.0
2025-06-18 15:15:57.195276,332.4,4879053.0,810266.0
2025-06-18 15:15:58.004182,332.4,4876951.0,811327.0
2025-06-18 15:15:58.194328,332.4,4876951.0,811327.0
2025-06-18 15:15:59.198640,332.4,4876951.0,811327.0
2025-06-18 15:16:00.199926,332.4,4876951.0,811327.0
2025-06-18 15:16:01.510830,332.35,4882438.0,810467.0
2025-06-18 15:16:02.193887,332.35,4882438.0,810467.0
2025-06-18 15:16:02.617102,332.3,4883072.0,810940.0
2025-06-18 15:16:03.198161,332.4,4883072.0,810940.0
2025-06-18 15:16:03.704601,332.3,4883393.0,811948.0
2025-06-18 15:16:04.196955,332.4,4883393.0,811948.0
2025-06-18 15:16:04.705126,332.3,4883037.0,811751.0
2025-06-18 15:16:05.199122,332.3,4883037.0,811751.0
2025-06-18 15:16:05.809519,332.4,4879608.0,813193.0
2025-06-18 15:16:06.196128,332.4,4879608.0,813193.0
2025-06-18 15:16:06.909904,332.35,4880738.0,810704.0
2025-06-18 15:16:07.194912,332.4,4880738.0,810704.0
2025-06-18 15:16:08.016031,332.3,4880275.0,810800.0
2025-06-18 15:16:08.195460,332.3,4880275.0,810800.0
2025-06-18 15:16:09.131331,332.4,4880555.0,810500.0
2025-06-18 15:16:09.193545,332.4,4880555.0,810500.0
2025-06-18 15:16:10.196929,332.3,4880555.0,810500.0
2025-06-18 15:16:10.211138,332.3,4879580.0,810264.0
2025-06-18 15:16:11.201615,332.3,4879580.0,810264.0
2025-06-18 15:16:11.321829,332.3,4879062.0,811451.0
2025-06-18 15:16:12.200349,332.3,4879062.0,811451.0
2025-06-18 15:16:12.410805,332.3,4878488.0,811344.0
2025-06-18 15:16:13.199809,332.4,4878488.0,811344.0
2025-06-18 15:16:13.509664,332.4,4877539.0,811332.0
2025-06-18 15:16:14.208609,332.3,4877539.0,811332.0
2025-06-18 15:16:14.655939,332.3,4874762.0,812519.0
2025-06-18 15:16:15.194003,332.4,4874762.0,812519.0
2025-06-18 15:16:15.710671,332.3,4874299.0,812947.0
2025-06-18 15:16:16.197788,332.3,4874299.0,812947.0
2025-06-18 15:16:16.814309,332.3,4875498.0,813167.0
2025-06-18 15:16:17.201065,332.3,4875498.0,813167.0
2025-06-18 15:16:17.924907,332.4,4880405.0,811258.0
2025-06-18 15:16:18.194175,332.3,4880405.0,811258.0
2025-06-18 15:16:19.019582,332.35,4880628.0,810653.0
2025-06-18 15:16:19.194008,332.4,4880628.0,810653.0
2025-06-18 15:16:20.125419,332.4,4879303.0,811522.0
2025-06-18 15:16:20.201253,332.35,4879303.0,811522.0
2025-06-18 15:16:21.216009,332.35,4878194.0,811523.0
2025-06-18 15:16:22.199148,332.35,4878194.0,811523.0
2025-06-18 15:16:22.314527,332.35,4879669.0,811509.0
2025-06-18 15:16:23.197742,332.4,4879669.0,811509.0
2025-06-18 15:16:23.415595,332.4,4882186.0,811780.0
2025-06-18 15:16:24.198554,332.4,4882186.0,811780.0
2025-06-18 15:16:24.515486,332.35,4883001.0,811664.0
2025-06-18 15:16:25.195958,332.4,4883001.0,811664.0
2025-06-18 15:16:25.415475,332.4,4880793.0,811661.0
2025-06-18 15:16:26.192522,332.35,4880793.0,811661.0
2025-06-18 15:16:26.419788,332.4,4882871.0,811578.0
2025-06-18 15:16:27.004636,332.4,4882871.0,811578.0
2025-06-18 15:16:27.201776,332.35,4882871.0,811578.0
2025-06-18 15:16:27.519461,332.4,4882899.0,811551.0
2025-06-18 15:16:28.139056,332.4,4882899.0,811551.0
2025-06-18 15:16:28.199421,332.4,4882899.0,811551.0
2025-06-18 15:16:28.630830,332.35,4882178.0,810655.0
2025-06-18 15:16:29.152881,332.35,4882178.0,810655.0
2025-06-18 15:16:29.202220,332.35,4882178.0,810655.0
2025-06-18 15:16:29.721186,332.35,4875662.0,810171.0
2025-06-18 15:16:30.190243,332.35,4875662.0,810171.0
2025-06-18 15:16:30.231635,332.35,4875662.0,810171.0
2025-06-18 15:16:30.723477,332.35,4877934.0,810212.0
2025-06-18 15:16:31.189022,332.35,4877934.0,810212.0
2025-06-18 15:16:31.220905,332.4,4877934.0,810212.0
2025-06-18 15:16:31.720498,332.4,4877663.0,810298.0
2025-06-18 15:16:32.178541,332.4,4877663.0,810298.0
2025-06-18 15:16:32.210830,332.4,4877663.0,810298.0
2025-06-18 15:16:32.720519,332.4,4822167.0,810272.0
2025-06-18 15:16:33.198428,332.4,4822167.0,810272.0
2025-06-18 15:16:33.362888,332.4,4822167.0,810272.0
2025-06-18 15:16:33.827999,332.35,4822363.0,810179.0
2025-06-18 15:16:33.953395,332.35,4822363.0,810179.0
2025-06-18 15:16:34.197099,332.35,4822363.0,810179.0
2025-06-18 15:16:34.383839,332.35,4822363.0,810179.0
2025-06-18 15:16:34.921651,332.35,4822186.0,809935.0
2025-06-18 15:16:35.194649,332.35,4822186.0,809935.0
2025-06-18 15:16:35.378198,332.35,4822186.0,809935.0
2025-06-18 15:16:36.025198,332.4,4821522.0,809633.0
2025-06-18 15:16:36.195174,332.4,4821522.0,809633.0
2025-06-18 15:16:36.285242,332.4,4821522.0,809633.0
2025-06-18 15:16:37.129939,332.45,4823541.0,807093.0
2025-06-18 15:16:37.201484,332.45,4823541.0,807093.0
2025-06-18 15:16:37.568700,332.45,4823541.0,807093.0
2025-06-18 15:16:38.137308,332.45,4823421.0,807618.0
2025-06-18 15:16:38.199291,332.45,4823421.0,807618.0
2025-06-18 15:16:38.466226,332.45,4823421.0,807618.0
2025-06-18 15:16:39.197849,332.35,4823421.0,807618.0
2025-06-18 15:16:39.226835,332.35,4822592.0,808511.0
2025-06-18 15:16:39.914319,332.35,4822592.0,808511.0
2025-06-18 15:16:40.204383,332.35,4822592.0,808511.0
2025-06-18 15:16:40.328486,332.35,4822543.0,808517.0
2025-06-18 15:16:41.092144,332.35,4822543.0,808517.0
2025-06-18 15:16:41.195483,332.35,4822543.0,808517.0
2025-06-18 15:16:41.330759,332.35,4822026.0,809140.0
2025-06-18 15:16:42.196213,332.4,4822026.0,809140.0
2025-06-18 15:16:42.275736,332.4,4822026.0,809140.0
2025-06-18 15:16:42.529737,332.45,4827532.0,808799.0
2025-06-18 15:16:43.203103,332.4,4827532.0,808799.0
2025-06-18 15:16:43.641007,332.4,4826332.0,809064.0
2025-06-18 15:16:43.844421,332.4,4826332.0,809064.0
2025-06-18 15:16:44.196916,332.4,4826332.0,809064.0
2025-06-18 15:16:44.707362,332.4,4831214.0,808706.0
2025-06-18 15:16:45.206236,332.45,4831214.0,808706.0
2025-06-18 15:16:45.648793,332.4,4831492.0,808240.0
2025-06-18 15:16:46.208385,332.55,4831492.0,808240.0
2025-06-18 15:16:46.647354,332.55,4832551.0,808427.0
2025-06-18 15:16:47.195724,332.45,4832551.0,808427.0
2025-06-18 15:16:47.737711,332.55,4827648.0,808924.0
2025-06-18 15:16:48.195638,332.55,4827648.0,808924.0
2025-06-18 15:16:48.739051,332.55,4825695.0,810762.0
2025-06-18 15:16:49.196814,332.55,4825695.0,810762.0
2025-06-18 15:16:49.737426,332.45,4828793.0,810078.0
2025-06-18 15:16:50.200222,332.45,4828793.0,810078.0
2025-06-18 15:16:50.840208,332.45,4831954.0,809875.0
2025-06-18 15:16:51.195057,332.55,4831954.0,809875.0
2025-06-18 15:16:51.842114,332.45,4832786.0,810094.0
2025-06-18 15:16:52.216656,332.55,4832786.0,810094.0
2025-06-18 15:16:52.941239,332.5,4837289.0,809618.0
2025-06-18 15:16:53.195215,332.5,4837289.0,809618.0
2025-06-18 15:16:54.042718,332.55,4838891.0,809473.0
2025-06-18 15:16:54.202595,332.55,4838891.0,809473.0
2025-06-18 15:16:55.154646,332.5,4839292.0,809992.0
2025-06-18 15:16:55.199485,332.5,4839292.0,809992.0
2025-06-18 15:16:56.221064,332.55,4839292.0,809992.0
2025-06-18 15:16:56.242658,332.55,4831963.0,810903.0
2025-06-18 15:16:57.194536,332.55,4831963.0,810903.0
2025-06-18 15:16:57.243725,332.55,4832062.0,811100.0
2025-06-18 15:16:58.197348,332.55,4832062.0,811100.0
2025-06-18 15:16:58.350941,332.55,4832560.0,810933.0
2025-06-18 15:16:59.195685,332.55,4832560.0,810933.0
2025-06-18 15:16:59.444667,332.5,4832013.0,810993.0
2025-06-18 15:17:00.200208,332.55,4832013.0,810993.0
2025-06-18 15:17:00.547376,332.55,4831867.0,810909.0
2025-06-18 15:17:01.951280,332.55,4828537.0,809907.0
2025-06-18 15:17:02.200178,332.5,4828537.0,809907.0
2025-06-18 15:17:03.049022,332.55,4888486.0,807480.0
2025-06-18 15:17:03.223485,332.55,4888486.0,807480.0
2025-06-18 15:17:04.047930,332.5,4888970.0,807680.0
2025-06-18 15:17:04.198539,332.5,4888970.0,807680.0
2025-06-18 15:17:05.049593,332.5,4888099.0,807989.0
2025-06-18 15:17:05.221877,332.55,4888099.0,807989.0
2025-06-18 15:17:06.159855,332.55,4887928.0,801901.0
2025-06-18 15:17:06.202927,332.55,4887928.0,801901.0
2025-06-18 15:17:07.203466,332.5,4887928.0,801901.0
2025-06-18 15:17:07.249437,332.5,4879325.0,808496.0
2025-06-18 15:17:08.205543,332.45,4879325.0,808496.0
2025-06-18 15:17:08.352782,332.55,4879700.0,809085.0
2025-06-18 15:17:09.203908,332.55,4879700.0,809085.0
2025-06-18 15:17:09.450680,332.45,4876608.0,807711.0
2025-06-18 15:17:10.206257,332.45,4876608.0,807711.0
2025-06-18 15:17:10.454499,332.45,4876813.0,807248.0
2025-06-18 15:17:11.197257,332.45,4876813.0,807248.0
2025-06-18 15:17:11.652083,332.45,4878693.0,805703.0
2025-06-18 15:17:12.224488,332.45,4878693.0,805703.0
2025-06-18 15:17:12.661752,332.55,4879026.0,805567.0
2025-06-18 15:17:13.213204,332.55,4879026.0,805567.0
2025-06-18 15:17:13.660975,332.55,4877607.0,806629.0
2025-06-18 15:17:14.201977,332.55,4877607.0,806629.0
2025-06-18 15:17:14.757194,332.5,4877078.0,806471.0
2025-06-18 15:17:15.207739,332.55,4877078.0,806471.0
2025-06-18 15:17:15.854774,332.55,4878423.0,807363.0
2025-06-18 15:17:16.241186,332.55,4878423.0,807363.0
2025-06-18 15:17:16.954993,332.55,4878577.0,807368.0
2025-06-18 15:17:17.956668,332.5,4878383.0,807561.0
2025-06-18 15:17:18.202470,332.55,4878383.0,807561.0
2025-06-18 15:17:18.956846,332.5,4885007.0,807637.0
2025-06-18 15:17:19.197943,332.5,4885007.0,807637.0
2025-06-18 15:17:19.958785,332.5,4884663.0,807632.0
2025-06-18 15:17:20.202776,332.5,4884663.0,807632.0
2025-06-18 15:17:20.958354,332.5,4882829.0,807624.0
2025-06-18 15:17:21.205946,332.5,4882829.0,807624.0
2025-06-18 15:17:21.958456,332.5,4883343.0,807169.0
2025-06-18 15:17:22.202033,332.5,4883343.0,807169.0
2025-06-18 15:17:22.957219,332.55,4883379.0,807435.0
2025-06-18 15:17:23.208826,332.55,4883379.0,807435.0
2025-06-18 15:17:23.960841,332.55,4886614.0,807417.0
2025-06-18 15:17:24.203256,332.55,4886614.0,807417.0
2025-06-18 15:17:25.066039,332.5,4891298.0,806199.0
2025-06-18 15:17:25.199408,332.5,4891298.0,806199.0
2025-06-18 15:17:26.170445,332.55,4911409.0,806995.0
2025-06-18 15:17:26.208907,332.55,4911409.0,806995.0
2025-06-18 15:17:27.207933,332.55,4911409.0,806995.0
2025-06-18 15:17:27.260232,332.55,4913241.0,807168.0
2025-06-18 15:17:28.199457,332.5,4913241.0,807168.0
2025-06-18 15:17:28.360425,332.5,4913472.0,807058.0
2025-06-18 15:17:29.200869,332.55,4913472.0,807058.0
2025-06-18 15:17:29.462052,332.5,4913627.0,806955.0
2025-06-18 15:17:30.202158,332.5,4913627.0,806955.0
2025-06-18 15:17:30.462483,332.5,4913361.0,807234.0
2025-06-18 15:17:31.208649,332.55,4913361.0,807234.0
2025-06-18 15:17:31.562946,332.55,4913017.0,807232.0
2025-06-18 15:17:32.666900,332.5,4912650.0,810890.0
2025-06-18 15:17:33.208788,332.55,4912650.0,810890.0
2025-06-18 15:17:33.664246,332.5,4912915.0,808076.0
2025-06-18 15:17:34.205628,332.5,4912915.0,808076.0
2025-06-18 15:17:35.188215,332.55,4912488.0,808468.0
2025-06-18 15:17:35.199815,332.55,4912488.0,808468.0
2025-06-18 15:17:36.066624,332.6,4912791.0,808046.0
2025-06-18 15:17:36.227995,332.6,4912791.0,808046.0
2025-06-18 15:17:37.164840,332.6,4912982.0,807836.0
2025-06-18 15:17:37.202944,332.6,4912982.0,807836.0
2025-06-18 15:17:38.165430,332.55,4911785.0,809268.0
2025-06-18 15:17:38.203486,332.55,4911785.0,809268.0
2025-06-18 15:17:39.165964,332.5,4911942.0,810005.0
2025-06-18 15:17:39.212264,332.5,4911942.0,810005.0
2025-06-18 15:17:40.166335,332.5,4912621.0,810189.0
2025-06-18 15:17:40.206967,332.5,4912621.0,810189.0
2025-06-18 15:17:41.169452,332.55,4912113.0,809808.0
2025-06-18 15:17:41.207357,332.55,4912113.0,809808.0
2025-06-18 15:17:42.269058,332.55,4911698.0,809947.0
2025-06-18 15:17:43.172420,332.5,4909357.0,810687.0
2025-06-18 15:17:43.203085,332.5,4909357.0,810687.0
2025-06-18 15:17:44.167913,332.5,4909358.0,810697.0
2025-06-18 15:17:45.169449,332.55,4909000.0,810580.0
2025-06-18 15:17:45.199903,332.55,4909000.0,810580.0
2025-06-18 15:17:46.170423,332.5,4909307.0,810699.0
2025-06-18 15:17:46.202022,332.5,4909307.0,810699.0
2025-06-18 15:17:47.174223,332.55,4909417.0,810156.0
2025-06-18 15:17:47.200703,332.55,4909417.0,810156.0
2025-06-18 15:17:48.171432,332.55,4909138.0,809124.0
2025-06-18 15:17:48.225369,332.55,4909138.0,809124.0
2025-06-18 15:17:49.171929,332.55,4909250.0,809263.0
2025-06-18 15:17:50.175181,332.5,4909311.0,810416.0
2025-06-18 15:17:50.215921,332.5,4909311.0,810416.0
2025-06-18 15:17:51.174568,332.55,4904619.0,810412.0
2025-06-18 15:17:51.205239,332.55,4904619.0,810412.0
2025-06-18 15:17:52.171902,332.65,4922568.0,806392.0
2025-06-18 15:17:52.205900,332.65,4922568.0,806392.0
2025-06-18 15:17:53.175417,332.65,4921260.0,807773.0
2025-06-18 15:17:53.199054,332.65,4921260.0,807773.0
2025-06-18 15:17:54.076741,332.65,4919724.0,807767.0
2025-06-18 15:17:54.240132,332.65,4919724.0,807767.0
2025-06-18 15:17:55.176312,332.55,4919600.0,807521.0
2025-06-18 15:17:55.239652,332.55,4919600.0,807521.0
2025-06-18 15:17:56.176369,332.55,4889712.0,808236.0
2025-06-18 15:17:56.202119,332.55,4889712.0,808236.0
2025-06-18 15:17:57.176186,332.65,4893698.0,808557.0
2025-06-18 15:17:57.208080,332.65,4893698.0,808557.0
2025-06-18 15:17:58.178012,332.65,4893207.0,807474.0
2025-06-18 15:17:58.201116,332.65,4893207.0,807474.0
2025-06-18 15:17:59.179058,332.65,4884416.0,801328.0
2025-06-18 15:17:59.200469,332.65,4884416.0,801328.0
2025-06-18 15:18:00.081732,332.65,4884206.0,801014.0
2025-06-18 15:18:00.204962,332.65,4884206.0,801014.0
2025-06-18 15:18:03.203943,332.55,4884206.0,801014.0
2025-06-18 15:18:03.685651,332.55,4883325.0,799561.0
2025-06-18 15:18:10.085182,332.6,4879364.0,804270.0
2025-06-18 15:18:11.209212,332.6,4879364.0,804270.0
2025-06-18 15:18:16.691345,332.65,4887013.0,804667.0
2025-06-18 15:18:19.235456,332.65,4887013.0,804667.0
2025-06-18 15:18:23.227343,332.7,4883331.0,804199.0
2025-06-18 15:18:28.206387,332.7,4883331.0,804199.0
2025-06-18 15:18:29.497413,332.7,4886118.0,806674.0
2025-06-18 15:18:35.201890,332.75,4886118.0,806674.0
2025-06-18 15:18:35.601595,332.75,4887859.0,804756.0
2025-06-18 15:18:41.608403,332.7,4887455.0,805239.0
2025-06-18 15:18:42.209588,332.75,4887455.0,805239.0
2025-06-18 15:18:47.510378,332.7,4883283.0,805335.0
2025-06-18 15:18:49.223559,332.75,4883283.0,805335.0
2025-06-18 15:18:53.315376,332.75,4882942.0,804395.0
2025-06-18 15:18:55.230190,332.7,4882942.0,804395.0
2025-06-18 15:18:59.124638,332.75,4882964.0,804217.0
2025-06-18 15:19:01.210640,332.75,4882964.0,804217.0
2025-06-18 15:19:05.222065,332.7,4885209.0,806537.0
2025-06-18 15:19:07.209489,332.7,4885209.0,806537.0
2025-06-18 15:19:11.828919,332.75,4889571.0,805680.0
2025-06-18 15:19:14.212328,332.75,4889571.0,805680.0
2025-06-18 15:19:18.155661,332.8,4908507.0,805665.0
2025-06-18 15:19:21.211807,332.8,4908507.0,805665.0
2025-06-18 15:19:24.041198,332.75,4907908.0,805500.0
2025-06-18 15:19:27.432771,332.75,4907908.0,805500.0
2025-06-18 15:19:28.239256,332.8,4907908.0,805500.0
2025-06-18 15:19:28.606571,332.8,4907908.0,805500.0
2025-06-18 15:19:29.643916,332.8,4907908.0,805500.0
2025-06-18 15:19:29.845571,332.75,4908202.0,795253.0
2025-06-18 15:19:30.677754,332.75,4908202.0,795253.0
2025-06-18 15:19:31.727626,332.75,4908202.0,795253.0
2025-06-18 15:19:32.603492,332.75,4908202.0,795253.0
2025-06-18 15:19:33.890466,332.75,4908202.0,795253.0
2025-06-18 15:19:34.470055,332.75,4908202.0,795253.0
2025-06-18 15:19:35.248803,332.75,4908202.0,795253.0
2025-06-18 15:19:35.397307,332.75,4908202.0,795253.0
2025-06-18 15:19:35.849082,332.75,4907304.0,792789.0
2025-06-18 15:19:36.800357,332.75,4907304.0,792789.0
2025-06-18 15:19:38.088071,332.75,4907304.0,792789.0
2025-06-18 15:19:40.450107,332.75,4907304.0,792789.0
2025-06-18 15:19:41.616211,332.75,4907304.0,792789.0
2025-06-18 15:19:41.851538,332.8,4905697.0,794441.0
2025-06-18 15:19:42.206323,332.8,4905697.0,794441.0
2025-06-18 15:19:42.827012,332.8,4905697.0,794441.0
2025-06-18 15:19:44.358675,332.8,4905697.0,794441.0
2025-06-18 15:19:47.669659,332.85,4877479.0,793973.0
2025-06-18 15:19:49.210984,332.85,4877479.0,793973.0
2025-06-18 15:19:53.461168,332.8,4879249.0,790281.0
2025-06-18 15:19:56.211284,332.8,4879249.0,790281.0
2025-06-18 15:19:59.476713,332.85,4883186.0,789105.0
2025-06-18 15:20:04.208236,332.8,4883186.0,789105.0
2025-06-18 15:20:06.473562,332.9,4881342.0,796059.0
2025-06-18 15:20:14.204053,332.9,4881342.0,796059.0
2025-06-18 15:20:14.275891,332.9,4896697.0,790628.0
2025-06-18 15:20:21.385220,332.9,4890002.0,791345.0
2025-06-18 15:20:22.210592,332.95,4890002.0,791345.0
2025-06-18 15:20:27.988352,332.95,4896387.0,791156.0
2025-06-18 15:20:31.207466,332.9,4896387.0,791156.0
2025-06-18 15:20:34.694868,332.9,4898662.0,792320.0
2025-06-18 15:20:40.208556,332.9,4898662.0,792320.0
2025-06-18 15:20:41.499954,332.9,4897694.0,780721.0
2025-06-18 15:20:48.103582,332.95,4898719.0,787615.0
2025-06-18 15:20:48.216563,333.0,4898719.0,787615.0
2025-06-18 15:20:54.609149,333.0,4886841.0,781544.0
2025-06-18 15:20:57.215638,332.95,4886841.0,781544.0
2025-06-18 15:21:00.915650,332.95,4886591.0,781766.0
2025-06-18 15:21:04.212472,333.0,4886591.0,781766.0
2025-06-18 15:21:07.718054,333.0,4886647.0,775073.0
2025-06-18 15:21:12.215343,333.0,4886647.0,775073.0
2025-06-18 15:21:14.320082,333.0,4884633.0,778851.0
2025-06-18 15:21:18.216492,333.0,4884633.0,778851.0
2025-06-18 15:21:20.851952,333.0,4884362.0,774999.0
2025-06-18 15:21:25.233847,333.0,4884362.0,774999.0
2025-06-18 15:21:27.331398,332.95,4878357.0,772301.0
2025-06-18 15:21:32.213352,333.0,4878357.0,772301.0
2025-06-18 15:21:33.834580,333.0,4878237.0,776264.0
2025-06-18 15:21:40.218133,332.95,4878237.0,776264.0
2025-06-18 15:21:40.240573,332.95,4878137.0,765560.0
2025-06-18 15:21:46.237767,333.05,4878137.0,765560.0
2025-06-18 15:21:46.842219,333.05,4730699.0,766484.0
2025-06-18 15:21:53.169240,333.05,4708427.0,765300.0
2025-06-18 15:21:53.232753,333.05,4708427.0,765300.0
2025-06-18 15:21:59.448595,333.05,4715451.0,763214.0
2025-06-18 15:22:00.216816,333.1,4715451.0,763214.0
2025-06-18 15:22:05.752197,333.0,4604264.0,770323.0
2025-06-18 15:22:07.231696,332.95,4604264.0,770323.0
2025-06-18 15:22:12.253327,333.0,4600020.0,766117.0
2025-06-18 15:22:16.219703,332.95,4600020.0,766117.0
2025-06-18 15:22:18.759456,332.95,4606887.0,762715.0
2025-06-18 15:22:24.225136,333.0,4606887.0,762715.0
2025-06-18 15:22:24.964998,332.95,4604149.0,764240.0
2025-06-18 15:22:27.851372,332.95,4604149.0,764240.0
2025-06-18 15:22:29.033155,332.95,4604149.0,764240.0
2025-06-18 15:22:30.067651,332.95,4604149.0,764240.0
2025-06-18 15:22:31.167928,332.95,4604149.0,764240.0
2025-06-18 15:22:31.264858,332.95,4607125.0,770745.0
2025-06-18 15:22:32.115815,332.95,4607125.0,770745.0
2025-06-18 15:22:32.227620,332.9,4607125.0,770745.0
2025-06-18 15:22:33.052944,332.9,4607125.0,770745.0
2025-06-18 15:22:34.311395,332.9,4607125.0,770745.0
2025-06-18 15:22:35.339842,332.9,4607125.0,770745.0
2025-06-18 15:22:36.248098,332.9,4607125.0,770745.0
2025-06-18 15:22:37.165912,332.9,4607125.0,770745.0
2025-06-18 15:22:37.572566,332.95,4600392.0,768580.0
2025-06-18 15:22:38.667170,332.95,4600392.0,768580.0
2025-06-18 15:22:39.565816,332.95,4600392.0,768580.0
2025-06-18 15:22:40.225457,332.9,4600392.0,768580.0
2025-06-18 15:22:41.008978,332.9,4600392.0,768580.0
2025-06-18 15:22:42.184669,332.9,4600392.0,768580.0
2025-06-18 15:22:43.382817,332.9,4600392.0,768580.0
2025-06-18 15:22:43.875348,332.85,4596680.0,773738.0
2025-06-18 15:22:44.918725,332.85,4596680.0,773738.0
2025-06-18 15:22:47.257015,332.85,4596680.0,773738.0
2025-06-18 15:22:50.178216,332.65,4568398.0,774136.0
2025-06-18 15:22:54.221248,332.65,4568398.0,774136.0
2025-06-18 15:22:56.581386,332.65,4582438.0,773127.0
2025-06-18 15:23:01.217037,332.7,4582438.0,773127.0
2025-06-18 15:23:01.986147,332.8,4584299.0,771262.0
2025-06-18 15:23:02.221509,332.65,4584299.0,771262.0
2025-06-18 15:23:02.887523,332.7,4584573.0,771726.0
2025-06-18 15:23:03.222016,332.7,4584573.0,771726.0
2025-06-18 15:23:03.790525,332.8,4583104.0,767004.0
2025-06-18 15:23:04.224116,332.8,4583104.0,767004.0
2025-06-18 15:23:04.690803,332.7,4583725.0,767105.0
2025-06-18 15:23:05.225874,332.7,4583725.0,767105.0
2025-06-18 15:23:05.588761,332.75,4584200.0,767074.0
2025-06-18 15:23:06.222775,332.7,4584200.0,767074.0
2025-06-18 15:23:06.588472,332.7,4584195.0,767074.0
2025-06-18 15:23:07.491700,332.75,4582734.0,765572.0
2025-06-18 15:23:08.221256,332.7,4582734.0,765572.0
2025-06-18 15:23:08.390905,332.75,4582592.0,767044.0
2025-06-18 15:23:09.226596,332.75,4582592.0,767044.0
2025-06-18 15:23:09.391922,332.75,4582592.0,766641.0
2025-06-18 15:23:10.224078,332.7,4582592.0,766641.0
2025-06-18 15:23:10.491206,332.7,4582817.0,765706.0
2025-06-18 15:23:11.221280,332.65,4582817.0,765706.0
2025-06-18 15:23:12.094135,332.65,4583029.0,765804.0
2025-06-18 15:23:13.194191,332.75,4584321.0,766232.0
2025-06-18 15:23:13.222876,332.75,4584321.0,766232.0
2025-06-18 15:23:14.223622,332.7,4584321.0,766232.0
2025-06-18 15:23:14.294141,332.7,4587094.0,766422.0
2025-06-18 15:23:15.218697,332.75,4587094.0,766422.0
2025-06-18 15:23:15.292586,332.75,4586690.0,766273.0
2025-06-18 15:23:16.225977,332.75,4586690.0,766273.0
2025-06-18 15:23:16.393735,332.75,4589699.0,762273.0
2025-06-18 15:23:17.224126,332.75,4589699.0,762273.0
2025-06-18 15:23:17.394139,332.75,4573446.0,761959.0
2025-06-18 15:23:18.220400,332.7,4573446.0,761959.0
2025-06-18 15:23:18.396876,332.8,4574842.0,760370.0
2025-06-18 15:23:19.222842,332.8,4574842.0,760370.0
2025-06-18 15:23:19.396501,332.8,4574939.0,755115.0
2025-06-18 15:23:20.219168,332.7,4574939.0,755115.0
2025-06-18 15:23:20.399337,332.8,4574859.0,757414.0
2025-06-18 15:23:21.220921,332.7,4574859.0,757414.0
2025-06-18 15:23:21.900697,332.8,4574753.0,757428.0
2025-06-18 15:23:22.242410,332.8,4574753.0,757428.0
2025-06-18 15:23:23.002095,332.75,4578405.0,756622.0
2025-06-18 15:23:23.254356,332.75,4578405.0,756622.0
2025-06-18 15:23:24.002264,332.75,4577724.0,757149.0
2025-06-18 15:23:24.221113,332.75,4577724.0,757149.0
2025-06-18 15:23:25.002517,332.75,4573398.0,757145.0
2025-06-18 15:23:26.003808,332.75,4572966.0,755864.0
2025-06-18 15:23:26.225681,332.75,4572966.0,755864.0
2025-06-18 15:23:27.104073,332.8,4573459.0,753770.0
2025-06-18 15:23:27.220431,332.8,4573459.0,753770.0
2025-06-18 15:23:28.103912,332.8,4572176.0,755781.0
2025-06-18 15:23:28.223839,332.8,4572176.0,755781.0
2025-06-18 15:23:29.103799,332.8,4595512.0,756235.0
2025-06-18 15:23:29.221416,332.8,4595512.0,756235.0
2025-06-18 15:23:30.106097,332.8,4580301.0,756017.0
2025-06-18 15:23:30.223715,332.85,4580301.0,756017.0
2025-06-18 15:23:31.206113,332.8,4581591.0,756129.0
2025-06-18 15:23:31.221640,332.8,4581591.0,756129.0
2025-06-18 15:23:32.221964,332.75,4581591.0,756129.0
2025-06-18 15:23:32.308334,332.75,4581628.0,756621.0
2025-06-18 15:23:33.226484,332.75,4581628.0,756621.0
2025-06-18 15:23:33.408327,332.75,4581402.0,758029.0
2025-06-18 15:23:34.220678,332.8,4581402.0,758029.0
2025-06-18 15:23:34.408091,332.8,4571067.0,756177.0
2025-06-18 15:23:35.225689,332.8,4571067.0,756177.0
2025-06-18 15:23:35.411326,332.8,4571577.0,756124.0
2025-06-18 15:23:36.222632,332.75,4571577.0,756124.0
2025-06-18 15:23:36.409887,332.75,4571322.0,756596.0
2025-06-18 15:23:37.225448,332.75,4571322.0,756596.0
2025-06-18 15:23:37.410566,332.75,4571458.0,753711.0
2025-06-18 15:23:38.226896,332.7,4571458.0,753711.0
2025-06-18 15:23:38.312302,332.7,4566247.0,752633.0
2025-06-18 15:23:39.225322,332.75,4566247.0,752633.0
2025-06-18 15:23:39.314468,332.75,4567442.0,750216.0
2025-06-18 15:23:40.226340,332.75,4567442.0,750216.0
2025-06-18 15:23:40.414680,332.75,4576658.0,750501.0
2025-06-18 15:23:41.237705,332.7,4576658.0,750501.0
2025-06-18 15:23:41.518299,332.75,4568234.0,749731.0
2025-06-18 15:23:42.221476,332.75,4568234.0,749731.0
2025-06-18 15:23:42.516009,332.75,4575838.0,749703.0
2025-06-18 15:23:43.221335,332.7,4575838.0,749703.0
2025-06-18 15:23:43.417743,332.7,4583106.0,749052.0
2025-06-18 15:23:44.224899,332.7,4583106.0,749052.0
2025-06-18 15:23:44.417510,332.75,4582746.0,748416.0
2025-06-18 15:23:45.225555,332.8,4582746.0,748416.0
2025-06-18 15:23:45.417811,332.8,4583104.0,746693.0
2025-06-18 15:23:46.225291,332.7,4583104.0,746693.0
2025-06-18 15:23:46.319000,332.7,4582537.0,749033.0
2025-06-18 15:23:47.225565,332.75,4582537.0,749033.0
2025-06-18 15:23:47.418722,332.75,4583237.0,747766.0
2025-06-18 15:23:48.224390,332.75,4583237.0,747766.0
2025-06-18 15:23:48.418902,332.75,4582641.0,748465.0
2025-06-18 15:23:49.421275,332.75,4577686.0,747818.0
2025-06-18 15:23:50.221675,332.7,4577686.0,747818.0
2025-06-18 15:23:50.422598,332.75,4577693.0,749359.0
2025-06-18 15:23:51.221420,332.75,4577693.0,749359.0
2025-06-18 15:23:51.423099,332.75,4578185.0,749364.0
2025-06-18 15:23:52.227389,332.75,4578185.0,749364.0
2025-06-18 15:23:52.424129,332.75,4577499.0,748711.0
2025-06-18 15:23:53.221325,332.7,4577499.0,748711.0
2025-06-18 15:23:53.425981,332.8,4571336.0,748865.0
2025-06-18 15:23:54.226562,332.75,4571336.0,748865.0
2025-06-18 15:23:54.426653,332.65,4566023.0,750965.0
2025-06-18 15:23:55.225104,332.65,4566023.0,750965.0
2025-06-18 15:23:55.424457,332.65,4566405.0,750757.0
2025-06-18 15:23:56.225970,332.65,4566405.0,750757.0
2025-06-18 15:23:56.425521,332.65,4566556.0,750757.0
2025-06-18 15:23:57.220930,332.6,4566556.0,750757.0
2025-06-18 15:23:57.325079,332.6,4554841.0,751664.0
2025-06-18 15:23:58.225114,332.6,4554841.0,751664.0
2025-06-18 15:23:58.363289,332.6,4557656.0,743349.0
2025-06-18 15:23:59.227251,332.5,4557656.0,743349.0
2025-06-18 15:23:59.333992,332.5,4566548.0,740215.0
2025-06-18 15:24:00.227431,332.55,4566548.0,740215.0
2025-06-18 15:24:00.325455,332.55,4579859.0,740007.0
2025-06-18 15:24:01.221759,332.55,4579859.0,740007.0
2025-06-18 15:24:01.829908,332.55,4579942.0,733958.0
2025-06-18 15:24:02.223770,332.55,4579942.0,733958.0
2025-06-18 15:24:02.929210,332.55,4578627.0,734004.0
2025-06-18 15:24:03.262816,332.65,4578627.0,734004.0
2025-06-18 15:24:03.927425,332.55,4574908.0,733312.0
2025-06-18 15:24:04.239402,332.6,4574908.0,733312.0
2025-06-18 15:24:04.928856,332.55,4575581.0,731331.0
2025-06-18 15:24:05.255777,332.55,4575581.0,731331.0
2025-06-18 15:24:05.936865,332.55,4574494.0,731807.0
2025-06-18 15:24:06.223962,332.55,4574494.0,731807.0
2025-06-18 15:24:06.939525,332.5,4565700.0,731971.0
2025-06-18 15:24:07.256855,332.5,4565700.0,731971.0
2025-06-18 15:24:08.136688,332.5,4564909.0,731793.0
2025-06-18 15:24:08.264892,332.5,4564909.0,731793.0
2025-06-18 15:24:09.235316,332.5,4564909.0,731793.0
2025-06-18 15:24:09.263880,332.5,4564150.0,731198.0
2025-06-18 15:24:10.255633,332.5,4564150.0,731198.0
2025-06-18 15:24:10.256467,332.5,4564637.0,731073.0
2025-06-18 15:24:11.227253,332.55,4564637.0,731073.0
2025-06-18 15:24:11.258531,332.55,4563867.0,731357.0
2025-06-18 15:24:12.227709,332.55,4563867.0,731357.0
2025-06-18 15:24:12.244431,332.55,4564396.0,731247.0
2025-06-18 15:24:13.223934,332.5,4564396.0,731247.0
2025-06-18 15:24:13.237550,332.5,4564985.0,730658.0
2025-06-18 15:24:14.228479,332.45,4564985.0,730658.0
2025-06-18 15:24:14.337679,332.45,4565017.0,730890.0
2025-06-18 15:24:15.232250,332.5,4565017.0,730890.0
2025-06-18 15:24:15.336785,332.5,4573346.0,730210.0
2025-06-18 15:24:16.225277,332.5,4573346.0,730210.0
2025-06-18 15:24:16.438797,332.5,4573649.0,730046.0
2025-06-18 15:24:17.438405,332.5,4573649.0,731497.0
2025-06-18 15:24:18.222400,332.45,4573649.0,731497.0
2025-06-18 15:24:18.437141,332.45,4573606.0,731047.0
2025-06-18 15:24:19.227530,332.5,4573606.0,731047.0
2025-06-18 15:24:19.438025,332.5,4579433.0,731877.0
2025-06-18 15:24:20.228957,332.45,4579433.0,731877.0
2025-06-18 15:24:20.540672,332.5,4580042.0,732037.0
2025-06-18 15:24:21.234322,332.5,4580042.0,732037.0
2025-06-18 15:24:21.648683,332.5,4580070.0,732435.0
2025-06-18 15:24:22.227102,332.5,4580070.0,732435.0
2025-06-18 15:24:23.229809,332.5,4580070.0,732435.0
2025-06-18 15:24:23.240613,332.5,4572746.0,732335.0
2025-06-18 15:24:24.145823,332.55,4574236.0,729134.0
2025-06-18 15:24:24.226161,332.45,4574236.0,729134.0
2025-06-18 15:24:25.235302,332.55,4574236.0,729134.0
2025-06-18 15:24:25.240625,332.55,4575830.0,731508.0
2025-06-18 15:24:26.224395,332.45,4575830.0,731508.0
2025-06-18 15:24:26.256873,332.45,4275178.0,731388.0
2025-06-18 15:24:27.226252,332.5,4275178.0,731388.0
2025-06-18 15:24:27.342404,332.5,4275623.0,731333.0
2025-06-18 15:24:28.222527,332.45,4275623.0,731333.0
2025-06-18 15:24:28.444209,332.45,4275721.0,732902.0
2025-06-18 15:24:29.226289,332.45,4275721.0,732902.0
2025-06-18 15:24:29.444201,332.5,4273643.0,733526.0
2025-06-18 15:24:30.227885,332.45,4273643.0,733526.0
2025-06-18 15:24:30.445335,332.45,4273788.0,732739.0
2025-06-18 15:24:31.229728,332.5,4273788.0,732739.0
2025-06-18 15:24:31.445562,332.5,4275751.0,733095.0
2025-06-18 15:24:32.227319,332.45,4275751.0,733095.0
2025-06-18 15:24:32.446733,332.45,4275725.0,733029.0
2025-06-18 15:24:33.226765,332.5,4275725.0,733029.0
2025-06-18 15:24:33.449481,332.55,4279928.0,733047.0
2025-06-18 15:24:34.229336,332.55,4279928.0,733047.0
2025-06-18 15:24:34.448954,332.5,4279444.0,733062.0
2025-06-18 15:24:35.227018,332.55,4279444.0,733062.0
2025-06-18 15:24:35.448215,332.55,4280309.0,732711.0
2025-06-18 15:24:36.229846,332.5,4280309.0,732711.0
2025-06-18 15:24:36.451343,332.55,4278883.0,733044.0
2025-06-18 15:24:37.232786,332.55,4278883.0,733044.0
2025-06-18 15:24:37.449261,332.55,4275717.0,734403.0
2025-06-18 15:24:38.227507,332.5,4275717.0,734403.0
2025-06-18 15:24:38.449569,332.5,4275531.0,734830.0
2025-06-18 15:24:39.229325,332.5,4275531.0,734830.0
2025-06-18 15:24:39.449652,332.5,4273450.0,733861.0
2025-06-18 15:24:40.229816,332.5,4273450.0,733861.0
2025-06-18 15:24:40.498942,332.5,4274236.0,733767.0
2025-06-18 15:24:41.226566,332.5,4274236.0,733767.0
2025-06-18 15:24:41.550733,332.55,4267674.0,734597.0
2025-06-18 15:24:42.231755,332.5,4267674.0,734597.0
2025-06-18 15:24:42.660225,332.5,4267202.0,735825.0
2025-06-18 15:24:43.235194,332.5,4267202.0,735825.0
2025-06-18 15:24:43.661658,332.45,4267319.0,734532.0
2025-06-18 15:24:44.228591,332.5,4267319.0,734532.0
2025-06-18 15:24:45.233155,332.5,4267319.0,734532.0
2025-06-18 15:24:45.352052,332.5,4268055.0,735934.0
2025-06-18 15:24:46.230473,332.45,4268055.0,735934.0
2025-06-18 15:24:46.452969,332.45,4268027.0,735989.0
2025-06-18 15:24:47.553725,332.5,4266028.0,736004.0
2025-06-18 15:24:48.228625,332.45,4266028.0,736004.0
2025-06-18 15:24:48.665532,332.5,4265757.0,737151.0
2025-06-18 15:24:49.235328,332.5,4265757.0,737151.0
2025-06-18 15:24:49.674162,332.5,4265792.0,738501.0
2025-06-18 15:24:50.231986,332.45,4265792.0,738501.0
2025-06-18 15:24:50.755504,332.45,4267110.0,738617.0
2025-06-18 15:24:51.229296,332.5,4267110.0,738617.0
2025-06-18 15:24:51.857447,332.45,4267231.0,738289.0
2025-06-18 15:24:52.229958,332.45,4267231.0,738289.0
2025-06-18 15:24:52.958161,332.5,4267302.0,738612.0
2025-06-18 15:24:53.230040,332.5,4267302.0,738612.0
2025-06-18 15:24:54.056878,332.5,4267882.0,736897.0
2025-06-18 15:24:54.227405,332.5,4267882.0,736897.0
2025-06-18 15:24:55.057855,332.5,4267882.0,735880.0
2025-06-18 15:24:55.231069,332.5,4267882.0,735880.0
2025-06-18 15:24:56.060100,332.5,4268040.0,736811.0
2025-06-18 15:24:56.231722,332.5,4268040.0,736811.0
2025-06-18 15:24:57.061889,332.45,4267882.0,734676.0
2025-06-18 15:24:57.225180,332.45,4267882.0,734676.0
2025-06-18 15:24:58.062557,332.45,4267899.0,736147.0
2025-06-18 15:24:58.231213,332.45,4267899.0,736147.0
2025-06-18 15:24:59.061347,332.45,4260503.0,734814.0
2025-06-18 15:24:59.255441,332.5,4260503.0,734814.0
2025-06-18 15:25:00.062810,332.45,4259079.0,736319.0
2025-06-18 15:25:00.249484,332.5,4259079.0,736319.0
2025-06-18 15:25:01.228236,332.45,4259079.0,736319.0
2025-06-18 15:25:04.763569,332.45,4255259.0,733096.0
2025-06-18 15:25:10.233647,332.4,4255259.0,733096.0
2025-06-18 15:25:11.568949,332.45,4250869.0,731772.0
2025-06-18 15:25:17.974600,332.4,4243955.0,732768.0
2025-06-18 15:25:19.238661,332.4,4243955.0,732768.0
2025-06-18 15:25:24.181933,332.4,4241748.0,730156.0
2025-06-18 15:25:28.235463,332.45,4241748.0,730156.0
2025-06-18 15:25:28.308055,332.45,4241748.0,730156.0
2025-06-18 15:25:29.489223,332.45,4241748.0,730156.0
2025-06-18 15:25:30.280214,332.4,4239228.0,719890.0
2025-06-18 15:25:30.530667,332.4,4239228.0,719890.0
2025-06-18 15:25:31.626756,332.4,4239228.0,719890.0
2025-06-18 15:25:32.622520,332.4,4239228.0,719890.0
2025-06-18 15:25:33.530160,332.4,4239228.0,719890.0
2025-06-18 15:25:34.800292,332.4,4239228.0,719890.0
2025-06-18 15:25:35.392499,332.4,4239228.0,719890.0
2025-06-18 15:25:36.331646,332.4,4239228.0,719890.0
2025-06-18 15:25:36.385039,332.4,4242640.0,722205.0
2025-06-18 15:25:36.725471,332.4,4242640.0,722205.0
2025-06-18 15:25:37.232133,332.45,4242640.0,722205.0
2025-06-18 15:25:37.665702,332.45,4242640.0,722205.0
2025-06-18 15:25:38.932566,332.45,4242640.0,722205.0
2025-06-18 15:25:39.956210,332.45,4242640.0,722205.0
2025-06-18 15:25:41.442190,332.45,4242640.0,722205.0
2025-06-18 15:25:42.587666,332.4,4242625.0,722607.0
2025-06-18 15:25:42.622274,332.4,4242625.0,722607.0
2025-06-18 15:25:43.819521,332.4,4242625.0,722607.0
2025-06-18 15:25:45.235450,332.4,4242625.0,722607.0
2025-06-18 15:25:45.357001,332.4,4242625.0,722607.0
2025-06-18 15:25:48.895903,332.45,4238752.0,723108.0
2025-06-18 15:25:53.230486,332.45,4238752.0,723108.0
2025-06-18 15:25:55.096211,332.45,4240360.0,722736.0
2025-06-18 15:26:01.201066,332.45,4238877.0,719510.0
2025-06-18 15:26:01.227653,332.45,4238877.0,719510.0
2025-06-18 15:26:08.107029,332.4,4234763.0,717174.0
2025-06-18 15:26:09.234810,332.45,4234763.0,717174.0
2025-06-18 15:26:14.808817,332.45,4227694.0,705304.0
2025-06-18 15:26:19.234984,332.4,4227694.0,705304.0
2025-06-18 15:26:21.210318,332.45,4227853.0,704562.0
2025-06-18 15:26:27.236760,332.45,4227853.0,704562.0
2025-06-18 15:26:27.521484,332.4,4226139.0,704408.0
2025-06-18 15:26:33.724828,332.45,4227159.0,704168.0
2025-06-18 15:26:35.235884,332.45,4227159.0,704168.0
2025-06-18 15:26:39.828744,332.5,4230557.0,705118.0
2025-06-18 15:26:43.244261,332.5,4230557.0,705118.0
2025-06-18 15:26:46.031211,332.5,4226269.0,705639.0
2025-06-18 15:26:50.244993,332.45,4226269.0,705639.0
2025-06-18 15:26:52.433839,332.55,4224755.0,701917.0
2025-06-18 15:26:57.242836,332.5,4224755.0,701917.0
2025-06-18 15:26:58.635825,332.45,4225495.0,703746.0
2025-06-18 15:27:05.289405,332.5,4225495.0,703746.0
2025-06-18 15:27:05.289773,332.5,4195155.0,707023.0
2025-06-18 15:27:12.244786,332.45,4199490.0,704347.0
2025-06-18 15:27:13.242372,332.45,4199490.0,704347.0
2025-06-18 15:27:18.947782,332.5,4200146.0,697716.0
2025-06-18 15:27:20.240462,332.4,4200146.0,697716.0
2025-06-18 15:27:25.350500,332.5,4199480.0,694144.0
2025-06-18 15:27:27.235742,332.5,4199480.0,694144.0
2025-06-18 15:27:31.953570,332.45,4199384.0,692855.0
2025-06-18 15:27:35.242829,332.5,4199384.0,692855.0
2025-06-18 15:27:39.260400,332.55,4202333.0,682716.0
2025-06-18 15:27:46.178222,332.5,4146634.0,680601.0
2025-06-18 15:27:46.239889,332.55,4146634.0,680601.0
2025-06-18 15:27:52.722177,332.55,4143773.0,675503.0
2025-06-18 15:27:55.245567,332.65,4143773.0,675503.0
2025-06-18 15:27:59.279504,332.7,4145737.0,677066.0
2025-06-18 15:28:03.240360,332.65,4145737.0,677066.0
2025-06-18 15:28:05.590523,332.65,4142719.0,678390.0
2025-06-18 15:28:11.252704,332.6,4142719.0,678390.0
2025-06-18 15:28:12.093513,332.65,4134728.0,668885.0
2025-06-18 15:28:18.596237,332.65,4114367.0,650987.0
2025-06-18 15:28:20.241550,332.6,4114367.0,650987.0
2025-06-18 15:28:25.099694,332.55,4010482.0,651751.0
2025-06-18 15:28:28.241539,332.6,4010482.0,651751.0
2025-06-18 15:28:28.783227,332.6,4010482.0,651751.0
2025-06-18 15:28:29.976250,332.6,4010482.0,651751.0
2025-06-18 15:28:31.008502,332.6,4010482.0,651751.0
2025-06-18 15:28:32.004056,332.55,4007716.0,649655.0
2025-06-18 15:28:32.103198,332.55,4007716.0,649655.0
2025-06-18 15:28:33.057914,332.55,4007716.0,649655.0
2025-06-18 15:28:35.297616,332.55,4007716.0,649655.0
2025-06-18 15:28:36.283042,332.55,4007716.0,649655.0
2025-06-18 15:28:37.247478,332.55,4007716.0,649655.0
2025-06-18 15:28:38.096029,332.55,4007716.0,649655.0
2025-06-18 15:28:38.253565,332.55,4007716.0,649655.0
2025-06-18 15:28:38.912075,332.55,4007376.0,649860.0
2025-06-18 15:28:39.376827,332.55,4007376.0,649860.0
2025-06-18 15:28:40.274871,332.55,4007376.0,649860.0
2025-06-18 15:28:41.951951,332.55,4007376.0,649860.0
2025-06-18 15:28:43.198293,332.55,4007376.0,649860.0
2025-06-18 15:28:44.376020,332.55,4007376.0,649860.0
2025-06-18 15:28:45.515938,332.55,4000732.0,638389.0
2025-06-18 15:28:45.932436,332.55,4000732.0,638389.0
2025-06-18 15:28:46.246916,332.55,4000732.0,638389.0
2025-06-18 15:28:52.123286,332.65,3997733.0,631516.0
2025-06-18 15:28:54.238843,332.55,3997733.0,631516.0
2025-06-18 15:28:58.728252,332.55,3996597.0,632856.0
2025-06-18 15:29:02.244765,332.6,3996597.0,632856.0
2025-06-18 15:29:05.739060,332.6,3978761.0,595540.0
2025-06-18 15:29:13.535450,332.5,3981636.0,586310.0
2025-06-18 15:29:14.246038,332.5,3981636.0,586310.0
2025-06-18 15:29:20.215725,332.5,3986652.0,570217.0
2025-06-18 15:29:25.271780,332.55,3986652.0,570217.0
2025-06-18 15:29:26.641417,332.55,3962541.0,569205.0
2025-06-18 15:29:33.199483,332.45,3962815.0,565745.0
2025-06-18 15:29:33.272377,332.45,3962815.0,565745.0
2025-06-18 15:29:39.850336,332.5,3961655.0,565092.0
2025-06-18 15:29:40.243510,332.5,3961655.0,565092.0
2025-06-18 15:29:47.156139,332.5,3966175.0,564318.0
2025-06-18 15:29:48.243392,332.5,3966175.0,564318.0
2025-06-18 15:29:54.056531,332.05,3704397.0,564308.0
2025-06-18 15:29:56.242375,332.0,3704397.0,564308.0
2025-06-18 15:30:01.056692,332.55,3618365.0,563621.0
2025-06-18 15:30:02.283473,332.55,3618365.0,563621.0
